id,url,canonical_url,source_name,publisher,discovery,title,summary,text,language,published_at,scraped_at,districts,aspects,matched_keywords,extractor,word_count
83fa0d0924fea83d960a06e5270129a0e421bc90,https://hindi.news18.com/news/uttarakhand/chamoli-chamoli-pipalkoti-thdc-tunnel-collapse-live-news-update-many-dead-operation-workers-trapped-rescued-cm-dhami-livenews-10747168.html,https://hindi.news18.com/news/uttarakhand/chamoli-chamoli-pipalkoti-thdc-tunnel-collapse-live-news-update-many-dead-operation-workers-trapped-rescued-cm-dhami-livenews-10747168.html,news18_hindi_uttarakhand,News18 Hindi,rss,"Chamoli THDC Tunnel Landslide Live: चमोली टनल हादसे के मृतकों के परिवारों को मिलेंगे चार-चार लाख, पढ़ें पल-पल की अपडेट","Chamoli Pipalkoti Tunnel Collapse News: उत्तराखंड के चमोली के पीपलकोटी में निर्माणाधीन टीएचडीसी टनल में अचानक मलबा और पानी घुसने से एक बड़ा हादसा हो गया है. हादसे के वक्त सुरंग के अंदर 28 मजदूर फंस गए थे. घटना की सूचना मिलते ही जिला प्रशासन, एसडीआरएफ (SDRF) और एनडीआरएफ (NDRF) ने युद्धस्तर पर रेस्क्यू ऑपरेशन शुरू कर दिया है.अभी तक 18 मजदूरों को रेस्क्यू कर लिया गया है, जो गंभीर रूप से घायल हुए हैं. इस हादसे से जुड़ी सारी अपडेट जानने के पढ़ते रहिए न्यूज 18 की ये खबर.",,hi,8/14/26 11:03,8/14/26 11:13,Chamoli,infrastructure|environment_disaster,उत्तराखंड,,0
29a4ad7e1b365d2b3f3f7ef479622744121202ad,https://hindi.news18.com/photogallery/uttarakhand/rishikesh-old-badrinath-yatra-route-triveni-ghat-history-before-after-transformation-local18-10748989.html,https://hindi.news18.com/photogallery/uttarakhand/rishikesh-old-badrinath-yatra-route-triveni-ghat-history-before-after-transformation-local18-10748989.html,news18_hindi_uttarakhand,News18 Hindi,rss,"Rishikesh: कभी बद्रीनाथ जाने वाले तीर्थयात्रियों की राह था ऋषिकेश का ये रास्ता, आज पहचानना भी मुश्किल","Rishikesh History: आज जिस जगह पर बाजार, सड़क और लोगों की चहल-पहल नजर आती है, कभी वहां से बद्रीनाथ धाम जाने वाले श्रद्धालु पैदल गुजरते थे. ऋषिकेश के त्रिवेणी घाट के आसपास का यह इलाका उस दौर में तीर्थयात्रियों के सफर का अहम हिस्सा हुआ करता था. न आज जैसी सड़कें थीं और न ही इतनी सुविधाएं, फिर भी श्रद्धालु कई दिनों का कठिन सफर तय कर बद्रीनाथ की ओर निकलते थे. समय के साथ इस जगह की तस्वीर पूरी तरह बदल गई और पुराने रास्तों की जगह बाजार व आधुनिक निर्माण ने ले ली.",,hi,8/14/26 10:58,8/14/26 11:13,Dehradun|Chamoli,infrastructure|tourism_religion,,,0
f6c3cef90cb642a54e1099773398b348484e1174,https://www.etvbharat.com/hi/state/uttarakhand-congress-rahul-and-priyanka-gandhi-visit-aam-aadmi-party-planning-uts26081404281,https://etvbharat.com/hi/state/uttarakhand-congress-rahul-and-priyanka-gandhi-visit-aam-aadmi-party-planning-uts26081404281,gnews_uttarakhand_hi,ETV Bharat,gnews,"सिंतबर में उत्तराखंड आ सकते हैं राहुल-प्रियंका, केजरीवाल, सिसोदिया के भी आने की चर्चाएं","सिंतबर में उत्तराखंड आ सकते हैं राहुल-प्रियंका, केजरीवाल, सिसोदिया के भी आने की चर्चाएं  ETV Bharat","सितंबर में उत्तराखंड आ सकते हैं राहुल-प्रियंका, केजरीवाल, सिसोदिया के भी आने की चर्चाएं
चुनाव से पहले कांग्रेस प्रियंका गांधी और राहुल गांधी के दौरे की प्लानिंग कर रही है. आप के भी बड़े नेता उत्तराखंड आएंगे
देहरादून: विधानसभा चुनाव से पहले संगठन को मजबूत बनाने के लिए कांग्रेस और आप के बड़े नेता उत्तराखंड दौरे पर आ सकते हैं. कांग्रेस से सांसद प्रियंका गांधी सितंबर में गढ़वाल या कुमाऊं में आकर जनसभा कर सकती हैं. इसके अलावा लोकसभा में नेता प्रतिपक्ष राहुल एक बार फिर से उत्तराखंड आ सकते हैं. हिमाचल प्रदेश के मुख्यमंत्री सुखविंदर सिंह सुक्खू का उत्तराखंड दौरा प्रस्तावित है.
कांग्रेस का कहना है कि केंद्रीय स्तर के आला कमान ने उत्तराखंड में होने जा रहे विधानसभ चुनावों को पूरी गंभीरता से लिया है. पार्टी प्रदेश अध्यक्ष गणेश गोदियाल ने कहा जब ऑल इंडिया कांग्रेस कमेटी के राष्ट्रीय अध्यक्ष मल्लिकार्जुन खड़के के साथ उत्तराखंड कांग्रेस के नेताओं के साथ बैठक हुई, तब उन्होंने कहा कि कांग्रेस नेता राहुल गांधी, प्रियंका गांधी और खुद मल्लिकार्जुन खड़के प्रदेश के कई दौरे करेंगे. इसी दिशा में उत्तराखंड कांग्रेस सितंबर में राहुल गांधी और प्रियंका गांधी के उत्तराखंड दौरे की प्लानिंग कर रही है.
कांग्रेस इन सभी नेताओं से बातचीत करने के बाद स्थान और तिथि निश्चित कर रही है. इसके अलावा हिमाचल प्रदेश के मुख्यमंत्री सुखविंदर सिंह देहरादून आ सकते हैं. गणेश गोदियाल के मुताबिक हिमाचल सरकार ने ओपीएस लागू करने का काम किया है, इसलिए उत्तराखंड कांग्रेस भी यही चाहती है कि सीएम सुक्खू देहरादून आकर प्रेस कॉन्फ्रेंस में शामिल हों. जिससे प्रदेशवासियों को यह बताया जा सके कि जिस तरह से हमने हिमाचल में काम कर वही काम उत्तराखंड में भी करेंगे.
इधर आम आदमी पार्टी ने भी अपनी चुनावी तैयारियां तेज कर दी हैं. राज्य में होने जा रहे आगामी विधानसभा चुनाव को देखते हुए आम आदमी पार्टी अपने केंद्रीय नेताओं को उत्तराखंड बुलाने की तैयारी कर रही है. राज्य में आप की प्रदेश कार्यकारी अध्यक्ष उमा सिसोदिया ने बताया पार्टी के केंद्रीय नेताओं के उत्तराखंड दौरे को लेकर हाई कमान के साथ बातचीत चल रही है.
आम आदमी पार्टी ने भी कसी कमर: पार्टी प्रदेश प्रभारी का दौरा 23 अगस्त को प्रस्तावित है. प्रभारी के दौरे के बाद निश्चित रूप से दिल्ली के पूर्व मुख्यमंत्री अरविंद केजरीवाल और पूर्व उपमुख्यमंत्री मनीष सिसोदिया के साथ ही राज्यसभा सांसद संजय सिंह को उत्तराखंड बुलाने का पूरा प्रयास किया जा रहा है. उमा सिसोदिया ने कहा उन्हें पूरी उम्मीद है कि बहुत जल्दी हम इस प्रयास में कामयाब होंगे.",hi,8/14/26 10:08,8/14/26 11:15,Dehradun,politics_governance,उत्तराखंड|कुमाऊं|गढ़वाल|मुख्यमंत्री|विधानसभा,trafilatura,410
ef793ec1948171803f4a5518ec05be00ee96fb7c,https://hindi.news18.com/news/uttarakhand/pithoragarh-munsiyari-heavy-rain-la-jhekla-landslide-thal-munsiyari-road-closed-boulders-avalanche-uttarakhand-weather-news-local18-10748978.html,https://hindi.news18.com/news/uttarakhand/pithoragarh-munsiyari-heavy-rain-la-jhekla-landslide-thal-munsiyari-road-closed-boulders-avalanche-uttarakhand-weather-news-local18-10748978.html,news18_hindi_uttarakhand,News18 Hindi,rss,"Munsyari Cloud Burst: पिथौरागढ़ के मुनस्यारी में बादल फटने से तबाही, पहाड़ों से गिरे बड़े-बड़े बोल्डर, मलबे-पानी से भरी घाटी",Munsyari Cloud Burst: पहाड़ों पर भारी बारिश और भूस्खलन भारी तबाही मचाए हुए है. शुक्रवार को उत्तराखंड के पिथौरागढ़ में भी ऐसा नजारा देखने को मिला. मुनस्यारी में बादल फटने से आसपास तबाही जैसा माहौल बन गया था. मूसलाधार बारिश के कारण ला-झेकला क्षेत्र में एक बड़ा भूस्खलन (लैंडस्लाइड) हुआ है. पहाड़ी से भारी मात्रा में मलबा और बड़े-बड़े बोल्डर नाले के साथ बहकर सड़क पर आ गिरे हैं. इस भूस्खलन के कारण थल-मुनस्यारी मोटर मार्ग पूरी बंद हो गया है.,,hi,8/14/26 9:56,8/14/26 10:09,Pithoragarh,infrastructure|environment_disaster,उत्तराखंड,,0
13d6b7fc9d13c68c6fabd7d5dcddada5e4aa3f71,https://hindi.news18.com/news/uttarakhand/dehradun-23-year-old-software-engineer-student-developing-applications-for-differently-abled-local18-10748743.html,https://hindi.news18.com/news/uttarakhand/dehradun-23-year-old-software-engineer-student-developing-applications-for-differently-abled-local18-10748743.html,news18_hindi_uttarakhand,News18 Hindi,rss,"एक आंख की रोशनी गई, दूसरी भी कमजोर... फिर भी हौसला बुलंद, 23 साल के विनीत ने तैयार किया अनोखा ऐप","Dehradun News: कहते हैं कि मुश्किलें कितनी भी आ जाएं, जिनके इरादे मजबूत होते हैं, वे सफलता पा ही जाते हैं. कुछ ऐसी ही प्रेरक कहानी है विनीत रावत की. 23 साल के विनीत की एक आंख बचपन में ही इन्फेक्शन के चलते पूरी तरह डेड हो गयी थी. वह सॉफ्टवेयर इंजीनियर बनना चाहते थे, लेकिन अचानक दूसरी आंख में प्रॉब्लम शुरू हुई.",,hi,8/14/26 8:44,8/14/26 10:09,Dehradun,,,,0
fc3e1aac7b5746078c14c58fc303905d8e03c89a,https://www.etvbharat.com/amp/hi/state/uttarakhand-police-head-constables-promotion-and-transfer-uts26081403267,https://etvbharat.com/amp/hi/state/uttarakhand-police-head-constables-promotion-and-transfer-uts26081403267,gnews_uttarakhand_hi,ETV Bharat,gnews,"प्रमोशन के बाद उत्तराखंड पुलिस में बड़ा फेरबदल, कई जवान इधर से उधर, देखिये लिस्ट","प्रमोशन के बाद उत्तराखंड पुलिस में बड़ा फेरबदल, कई जवान इधर से उधर, देखिये लिस्ट  ETV Bharat","देहरादून: उत्तराखंड पुलिस मुख्यालय ने चयन साल 2025-26 में पदोन्नत 208 मुख्य आरक्षियों को नई तैनाती दी हैं. विभागीय पदोन्नति के बाद इन सभी कार्मिकों को अपर उप निरीक्षक (एएसआई) पद पर तत्काल प्रभाव से अलग-अलग जिलों में तैनात किया गया है. पुलिस महानिदेशक कार्यालय की ओर से 13 अगस्त 2026 को इस संबंध में आदेश जारी किया गया.

पदोन्नति के बाद बदली गई तैनाती:पुलिस मुख्यालय के आदेश के मुताबिक मुख्य आरक्षी नापु (पुरुष) से अपर उप निरीक्षक नापु (पुरुष) के पद पर पदोन्नत कार्मिकों को विभागीय स्थानांतरण नीति के तहत नई जिम्मेदारी दी गई है. 208 कार्मिकों की सूची में प्रदेश के लगभग सभी जिलों के पुलिसकर्मी शामिल हैं. कई कार्मिकों को उनके वर्तमान जिले से दूसरे जिले में भेजा गया है, जबकि कुछ की तैनाती वर्तमान जिले में ही बरकरार रखी गई है.

देहरादून, हरिद्वार समेत कई जिलों में तैनाती:नई तैनाती पाने वाले कार्मिकों में देहरादून, हरिद्वार, नैनीताल, ऊधमसिंहनगर, उत्तरकाशी, पिथौरागढ़, चमोली, अल्मोड़ा, बागेश्वर, चंपावत, टिहरी गढ़वाल, पौड़ी गढ़वाल और रुद्रप्रयाग समेत अन्य जिलों के पुलिसकर्मी शामिल हैं. उदाहरण के तौर पर ऊधमसिंहनगर में तैनात संजीव कुमार को उत्तरकाशी, हरिद्वार में तैनात राजीव कुमार को ऊधमसिंहनगर और देहरादून में तैनात मनमोहन सिंह को देहरादून में ही नई तैनाती दी गई है.

पर्वतीय जिलों से भी हुआ स्थानांतरण:स्थानांतरण सूची में पिथौरागढ़, अल्मोड़ा, बागेश्वर, चंपावत और चमोली जैसे पर्वतीय जिलों में तैनात बड़ी संख्या में कार्मिकों को भी नई जिम्मेदारी दी गई है. कई पुलिसकर्मियों को पर्वतीय जिलों से मैदानी जिलों में भेजा गया है, जबकि कुछ को दूसरे पर्वतीय जिलों में तैनाती मिली है.

SDRF और GRP के कार्मिक भी सूची में शामिल:208 कार्मिकों की सूची में एसडीआरएफ और जीआरपी में तैनात पुलिसकर्मी भी शामिल हैं. एसडीआरएफ से जुड़े कुछ कार्मिकों को देहरादून और चमोली समेत अन्य जिलों में भेजा गया है. वहीं जीआरपी में तैनात कार्मिकों का भी स्थानांतरण किया गया है.

तत्काल कार्यमुक्त होकर संभालना होगा कार्यभार:पुलिस मुख्यालय ने सभी संबंधित कार्मिकों को वर्तमान तैनाती स्थल से तत्काल कार्यमुक्त होकर नई तैनाती वाले स्थान पर कार्यभार ग्रहण करने के निर्देश दिए हैं. संबंधित अधिकारियों को कार्मिकों को कार्यमुक्त करने के बाद इसकी अनुपालन आख्या पुलिस मुख्यालय को उपलब्ध कराने को कहा गया है.

208 कार्मिकों के नाम और नई तैनाती दर्ज:डीजीपी दीपम सेठ ने बताया कार्यालय से जारी आदेश में क्रम संख्या 1 से 208 तक पदोन्नत कार्मिकों के नाम, पिता का नाम, वर्तमान नियुक्ति जिला और स्थानांतरित जिला दर्ज किया गया है. पदोन्नति के बाद बड़े स्तर पर हुए इस स्थानांतरण से प्रदेश के अलग-अलग जिलों में पुलिस बल की तैनाती में बदलाव हुआ है.

पढे़ं-कांवड़ मेले में देवदूत बनी SDRF, गंगा में डूब रहे 22 कांवड़ियों की बचा चुकी जान, बिछड़ों का सहारा बनी हरिद्वार पुलिस

पढे़ं-उत्तराखंड का एक और सिपाही हुआ 'बागी'! सस्पेंड कांस्टेबल शेर सिंह के पक्ष में दिया बयान, इस्तीफा देने की कही बात",hi,8/14/26 8:25,8/14/26 11:14,Dehradun|Haridwar|Nainital|Pauri Garhwal|Tehri Garhwal|Chamoli|Rudraprayag|Uttarkashi|Almora|Pithoragarh|Bageshwar|Champawat,tourism_religion,उत्तराखंड|गढ़वाल,newspaper4k,462
221b92acf04016f0fa7ba9908affb70471b3aa49,https://www.facebook.com/BBCnewsHindi/posts/%E0%A4%89%E0%A4%A4%E0%A5%8D%E0%A4%A4%E0%A4%B0%E0%A4%BE%E0%A4%96%E0%A4%82%E0%A4%A1-%E0%A4%95%E0%A5%87-%E0%A4%B9%E0%A4%B2%E0%A5%8D%E0%A4%A6%E0%A5%8D%E0%A4%B5%E0%A4%BE%E0%A4%A8%E0%A5%80-%E0%A4%AE%E0%A5%87%E0%A4%82-%E0%A4%95%E0%A4%BE%E0%A4%82%E0%A4%97%E0%A5%8D%E0%A4%B0%E0%A5%87%E0%A4%B8-%E0%A4%95%E0%A5%80-%E0%A4%B0%E0%A5%88%E0%A4%B2%E0%A5%80-%E0%A4%95%E0%A5%87-%E0%A4%AC%E0%A4%BE%E0%A4%A6-%E0%A4%B0%E0%A4%BE%E0%A4%AE%E0%A4%B2%E0%A5%80%E0%A4%B2%E0%A4%BE-%E0%A4%AE%E0%A5%88%E0%A4%A6%E0%A4%BE%E0%A4%A8-%E0%A4%AE%E0%A5%87%E0%A4%82-%E0%A4%B9%E0%A5%81%E0%A4%8F-%E0%A4%95%E0%A4%A5%E0%A4%BF%E0%A4%A4-%E0%A4%B6%E0%A5%81/1178014241458552/,https://facebook.com/BBCnewsHindi/posts/%E0%A4%89%E0%A4%A4%E0%A5%8D%E0%A4%A4%E0%A4%B0%E0%A4%BE%E0%A4%96%E0%A4%82%E0%A4%A1-%E0%A4%95%E0%A5%87-%E0%A4%B9%E0%A4%B2%E0%A5%8D%E0%A4%A6%E0%A5%8D%E0%A4%B5%E0%A4%BE%E0%A4%A8%E0%A5%80-%E0%A4%AE%E0%A5%87%E0%A4%82-%E0%A4%95%E0%A4%BE%E0%A4%82%E0%A4%97%E0%A5%8D%E0%A4%B0%E0%A5%87%E0%A4%B8-%E0%A4%95%E0%A5%80-%E0%A4%B0%E0%A5%88%E0%A4%B2%E0%A5%80-%E0%A4%95%E0%A5%87-%E0%A4%AC%E0%A4%BE%E0%A4%A6-%E0%A4%B0%E0%A4%BE%E0%A4%AE%E0%A4%B2%E0%A5%80%E0%A4%B2%E0%A4%BE-%E0%A4%AE%E0%A5%88%E0%A4%A6%E0%A4%BE%E0%A4%A8-%E0%A4%AE%E0%A5%87%E0%A4%82-%E0%A4%B9%E0%A5%81%E0%A4%8F-%E0%A4%95%E0%A4%A5%E0%A4%BF%E0%A4%A4-%E0%A4%B6%E0%A5%81/1178014241458552,gnews_uttarakhand_hi,facebook.com,gnews,उत्तराखंड के हल्द्वानी में कांग्रेस की रैली के बाद रामलीला मैदान में हुए कथित ‘शुद्धिकरण’ हवन को लेकर कांग्रेस अध्यक्ष और राज्यसभा में नेता प्रतिपक्ष मल्लिकार्जुन खड़गे ने कड़ी नाराजगी,उत्तराखंड के हल्द्वानी में कांग्रेस की रैली के बाद रामलीला मैदान में हुए कथित ‘शुद्धिकरण’ हवन को लेकर कांग्रेस अध्यक्ष और राज्यसभा में नेता प्रतिपक्ष मल्लिकार्जुन खड़गे ने कड़ी नाराजगी  facebook.com,,hi,8/14/26 7:56,8/14/26 11:14,Nainital,politics_governance,उत्तराखंड,,0
73b27d31444fdba29eb69579643c484c6bbab318,https://hindi.news18.com/news/uttarakhand/dehradun-uttarakhand-aaj-ka-mausam-14-august-heavy-rain-orange-alert-11-districts-including-dehradun-nainital-tehri-imd-warning-local18-10746966.html,https://hindi.news18.com/news/uttarakhand/dehradun-uttarakhand-aaj-ka-mausam-14-august-heavy-rain-orange-alert-11-districts-including-dehradun-nainital-tehri-imd-warning-local18-10746966.html,news18_hindi_uttarakhand,News18 Hindi,rss,"Uttarakhand Weather: उत्तराखंड में मौसम ने फिर बदली करवट, झमाझम बारिश के बीच 3 जिलों में ऑरेंज अलर्ट","Uttarakhand Weather Update: उत्तराखंड में एक बार फिर मौसम ने करवट ली है. देहरादून में करीब दो घंटे से तेज बारिश जारी है, जिससे कई इलाकों में लोगों की परेशानी बढ़ गई है. विकासनगर और चकराता में भी झमाझम बारिश हुई है, जबकि अल्मोड़ा में मूसलाधार बारिश का दौर जारी है. मौसम विभाग ने देहरादून, नैनीताल और बागेश्वर में भारी बारिश को लेकर ऑरेंज अलर्ट जारी किया है.",,hi,8/14/26 7:56,8/14/26 11:13,Dehradun|Nainital|Almora|Bageshwar,,uttarakhand|उत्तराखंड,,0
94d97a0ba443d7915aaf639a0b085080ae12c493,https://clarionindia.net/uttarakhand-madrasas-face-new-recognition-rules-only-a-small-number-secure-approval/,https://clarionindia.net/uttarakhand-madrasas-face-new-recognition-rules-only-a-small-number-secure-approval,gnews_uttarakhand_en,Clarion India,gnews,Uttarakhand Madrasas Face New Recognition Rules; Only a Small Number Secure Approval,Uttarakhand Madrasas Face New Recognition Rules; Only a Small Number Secure Approval  Clarion India,,en,8/14/26 7:31,8/14/26 11:20,,,uttarakhand,,0
b2501d08f7e86e899619d0823ed773c96ade9764,https://hillmail.in/chamoli-tunnel-accident-search-for-life-in-debris-and-deep-water-seven-dead-three-still-missing/,https://hillmail.in/chamoli-tunnel-accident-search-for-life-in-debris-and-deep-water-seven-dead-three-still-missing,hill_mail,Hill Mail,rss,"चमोली टनल हादसा: मलबे और गहरे पानी में जिंदगी की तलाश, सात की मौत, तीन अब भी लापता",पूरे उत्तर भारत में प्रचंड लू चल रही है। इससे पहाड़ भी बचे नहीं हैं। उत्तराखंड में भी गर्मी अपने चरम पर पहुंच रही है। इस बीच जंगलों में भड़की आग ने लोगों की चिंता बढ़ा दी है। वहां से आती तस्वीरें बेचैन कर रही है। अब लोग बारिश के लिए ईश्वर से प्रार्थना कर रहे हैं।,"पूरे उत्तर भारत में प्रचंड लू चल रही है। इससे पहाड़ भी बचे नहीं हैं। उत्तराखंड में भी गर्मी अपने चरम पर पहुंच रही है। इस बीच जंगलों में भड़की आग ने लोगों की चिंता बढ़ा दी है। वहां से आती तस्वीरें बेचैन कर रही है। अब लोग बारिश के लिए ईश्वर से प्रार्थना कर रहे हैं।
हादसा उस समय हुआ जब परियोजना की सुरंग में श्रमिक काम कर रहे थे। अचानक सुरंग के भीतर पानी और भारी मात्रा में मलबा आने लगा। देखते ही देखते रास्ते बंद हो गए और श्रमिकों के सामने बाहर निकलने की चुनौती खड़ी हो गई। सूचना मिलते ही एसडीआरएफ, एनडीआरएफ, आईटीबीपी, पुलिस और दमकल विभाग की टीमें मौके पर पहुंचीं और बचाव अभियान शुरू किया। लगातार बढ़ते पानी और मलबे के कारण रेस्क्यू टीमों को बेहद कठिन परिस्थितियों का सामना करना पड़ रहा है।
सात श्रमिकों की मौत
प्रशासन के अनुसार हादसे में अब तक सात श्रमिकों की मौत हो चुकी है। प्रारंभिक जानकारी में मृतकों की संख्या छह बताई गई थी, लेकिन शुक्रवार को एक और श्रमिक की मौत की पुष्टि होने के बाद आंकड़ा सात पहुंच गया। हादसे में घायल हुए श्रमिकों को जिला अस्पताल गोपेश्वर पहुंचाया गया। कुछ घायलों को बेहतर उपचार के लिए अन्य अस्पतालों में भी रेफर किया गया है।
तीन श्रमिकों की तलाश जारी
सबसे बड़ी चिंता अब उन तीन श्रमिकों को लेकर है, जिनका अभी तक पता नहीं चल पाया है। रेस्क्यू टीमें सुरंग के भीतर पानी कम करने, मलबा हटाने और सुरक्षित रास्ता बनाने में जुटी हैं। अधिकारियों का कहना है कि बचाव अभियान पूरी सावधानी के साथ आगे बढ़ाया जा रहा है, क्योंकि सुरंग के अंदर की स्थिति लगातार चुनौतीपूर्ण बनी हुई है।
मलबे और गहरे पानी के बीच रेस्क्यू टीमों की हर कोशिश उम्मीद जगा रही है। सुरंग के भीतर फंसे श्रमिकों तक पहुंचने के लिए उपलब्ध संसाधनों का इस्तेमाल किया जा रहा है। अभियान के दौरान सुरक्षा को प्राथमिकता दी जा रही है, ताकि बचावकर्मियों की जान को भी खतरे में न डाला जाए।
घायल श्रमिकों का उपचार
हादसे से बाहर निकाले गए श्रमिकों में कई घायल बताए गए हैं। उन्हें प्राथमिक उपचार के बाद अस्पताल भेजा गया। अधिकारियों के मुताबिक कुछ श्रमिकों की हालत गंभीर थी, जिसके चलते उन्हें उच्च चिकित्सा सुविधा के लिए रेफर किया गया। अस्पतालों में डॉक्टरों की टीमें घायलों के उपचार में जुटी हैं।
मुख्यमंत्री ने मौके पर पहुंचकर लिया जायजा
मुख्यमंत्री पुष्कर सिंह धामी ने पीपलकोटी पहुंचकर हादसे की स्थिति और बचाव अभियान का जायजा लिया। उन्होंने अधिकारियों से रेस्क्यू ऑपरेशन की जानकारी ली और सुरंग में फंसे श्रमिकों को सुरक्षित बाहर निकालने के लिए हर संभव प्रयास करने के निर्देश दिए। मुख्यमंत्री की मौजूदगी में प्रशासन और बचाव एजेंसियों के बीच अभियान को लेकर लगातार समन्वय किया जा रहा है।
यह हादसा एक बार फिर हिमालयी क्षेत्र में निर्माणाधीन सुरंगों में काम करने वाले श्रमिकों की सुरक्षा को लेकर गंभीर सवाल खड़े करता है। चमोली जैसे भौगोलिक रूप से संवेदनशील क्षेत्र में अचानक भूस्खलन, पानी का दबाव और मलबा बड़ी चुनौती बन सकते हैं। फिलहाल प्रशासन का पूरा ध्यान तीन लापता श्रमिकों को तलाशने और उन्हें सुरक्षित बाहर निकालने पर है। परिजनों की निगाहें रेस्क्यू टीमों पर टिकी हैं और हर गुजरते घंटे के साथ उनकी उम्मीदें बचाव अभियान की सफलता से जुड़ी हुई हैं।",hi,8/14/26 7:17,8/14/26 10:09,Chamoli,infrastructure|environment_disaster|health_education|politics_governance,उत्तराखंड|धामी|पुष्कर सिंह धामी|मुख्यमंत्री,trafilatura,539
3fa8480b505e9b30a873b9e426036986ccc26e2a,https://www.amarujala.com/photo-gallery/dehradun/chamoli-tunnel-tragedy-picture-debris-falling-for-two-days-but-project-management-ignored-uttarakhand-news-2026-08-14,https://amarujala.com/photo-gallery/dehradun/chamoli-tunnel-tragedy-picture-debris-falling-for-two-days-but-project-management-ignored-uttarakhand-news-2026-08-14,amar_ujala_uttarakhand,Amar Ujala,rss,"चमोली टनल हादसा: दो दिन से गिर रहा था मलबा, परियोजना प्रबंधन ने किया अनदेखा, दहला देने वाला था मंजर, तस्वीरें","चमोली टनल हादसे के मंजर दिल दहला देने वाला था। अचानक सुरंग में करीब 150 मीटर दूर तेज आवाज के साथ भारी भूस्खलन हुआ और मलबा, पानी व पत्थर तेज गति से टनल के अंदर घुस आए।","चमोली टनल हादसे का मंजर दिल दहला देने वाला था। अचानक सुरंग में करीब 150 मीटर दूर तेज आवाज के साथ भारी भूस्खलन हुआ और मलबा, पानी व पत्थर तेज गति से टनल के अंदर घुस आए। इसके धक्के से कई लोग दूर जा गिरे, जबकि कुछ लोग मलबे में दब गए। मलबे के धक्के से कुछ लोग टनल के बाहर की ओर आ गए।
चमोली टनल हादसा: दो दिन से गिर रहा था मलबा, परियोजना प्रबंधन ने किया अनदेखा, दहला देने वाला था मंजर, तस्वीरें
विष्णुगाड-पीपलकोटी जलविद्युत परियोजना की निर्माणाधीन सुरंग में बृहस्पतिवार रात पानी और मलबा आने से हुए हादसे ने एक बार फिर परियोजना में श्रमिकों की सुरक्षा व्यवस्था पर सवाल खड़े कर दिए हैं। करीब तीन किलोमीटर लंबी सुरंग में यह पहली दुर्घटना नहीं है। आठ महीने पहले दिसंबर 2025 में भी सुरंग के भीतर दो लोको ट्रॉली आपस में टकरा गई थीं।",hi,8/14/26 7:09,8/14/26 11:13,Chamoli,infrastructure|environment_disaster,,trafilatura,147
addd902121a1bf77d9398ea7ac3098b30394ea0d,https://hindi.news18.com/photogallery/uttarakhand/nainital-nanda-devi-1965-secret-mission-cia-nuclear-surveillance-device-mystery-local18-10748279.html,https://hindi.news18.com/photogallery/uttarakhand/nainital-nanda-devi-1965-secret-mission-cia-nuclear-surveillance-device-mystery-local18-10748279.html,news18_hindi_uttarakhand,News18 Hindi,rss,नंदा देवी चोटी पर ऐसा क्या छोड़ आए थे भारत-अमेरिका के पर्वतारोही? 60 साल बाद भी नहीं सुलझा रहस्य,"Nanda Devi Nuclear Mission: उत्तराखंड की नंदा देवी सिर्फ धार्मिक आस्था और प्राकृतिक खूबसूरती के लिए ही नहीं, बल्कि एक रहस्यमयी गुप्त अभियान के लिए भी चर्चा में रही है. 1965 में चीन की परमाणु गतिविधियों पर नजर रखने के लिए भारत और अमेरिका की टीम ने नंदा देवी पर निगरानी उपकरण लगाने का अभियान शुरू किया था. लेकिन खराब मौसम और भारी बर्फबारी के कारण टीम को उपकरण पहाड़ पर ही छोड़कर लौटना पड़ा. अगले साल उसे खोजने की कोशिश भी हुई, लेकिन उपकरण का कोई पता नहीं चला. आज दशकों बाद भी यह सवाल बना हुआ है कि वह रेडियोआइसोटोप पावर सिस्टम आखिर कहां गया.",,hi,8/14/26 6:53,8/14/26 10:09,,,उत्तराखंड,,0
4f22780f1428019443a9c330be997eb6ff6fdecf,https://www.amarujala.com/uttarakhand/almora/yellow-breasted-greenfinch-caught-on-camera-in-ranikhet-2026-08-14,https://amarujala.com/uttarakhand/almora/yellow-breasted-greenfinch-caught-on-camera-in-ranikhet-2026-08-14,amar_ujala_uttarakhand,Amar Ujala,rss,"पीली छाती, हरे पंख: हिमालय से सूरजमुखी पर उतर आया खूबसूरत मेहमान, कैमरे में कैद हुआ येलो-ब्रेस्टेड ग्रीनफिंच","रानीखेत कोतवाली परिसर में सूरजमुखी के पीले फूल पर पीली छाती, हरे पंखों और पीली धारियों वाला 'येलो-ब्रेस्टेड ग्रीनफिंच' नामक नन्हा पक्षी बैठा दिखा। फूल के रंग में घुला यह परिंदा बर्ड फोटोग्राफर कमल गोस्वामी के कैमरे में कैद हो गया।","पीली छाती, हरे पंख: हिमालय से सूरजमुखी पर उतर आया खूबसूरत मेहमान, कैमरे में कैद हुआ येलो-ब्रेस्टेड ग्रीनफिंच
रानीखेत कोतवाली परिसर में सूरजमुखी के पीले फूल पर पीली छाती, हरे पंखों और पीली धारियों वाला 'येलो-ब्रेस्टेड ग्रीनफिंच' नामक नन्हा पक्षी बैठा दिखा। फूल के रंग में घुला यह परिंदा बर्ड फोटोग्राफर कमल गोस्वामी के कैमरे में कैद हो गया।
खबरें लगातार पढ़ने के लिए अमर उजाला एप डाउनलोड करें
या 
 वेबसाइट पर पढ़ना जारी रखने के लिए वीडियो विज्ञापन देखें
अगर आपके पास प्रीमियम मेंबरशिप है तो
विस्तार
सूरजमुखी के पीले फूल पर बैठा नन्हा परिंदा... पीली छाती, हरे पंख और उन पर उभरी पीली धारियां। कुछ पल के लिए ऐसा लगा मानो फूल के रंग में ही हिमालय का एक और रंग उतर आया हो। रानीखेत कोतवाली परिसर में दिखे येलो-ब्रेस्टेड ग्रीनफिंच ने न केवल वहां मौजूद लोगों का ध्यान खींचा, बल्कि बर्ड फोटोग्राफर कमल गोस्वामी के कैमरे में भी कैद हो गया।
हिमालयी क्षेत्र का यह छोटा और खूबसूरत पक्षी रानीखेत की समृद्ध जैव विविधता की एक और झलक सामने लाता है। क्षेत्र में समय-समय पर अलग-अलग प्रजातियों के पक्षियों की मौजूदगी यहां के अनुकूल प्राकृतिक वातावरण और समृद्ध वन्यजीव विविधता को दर्शाती है।
कमल गोस्वामी के मुताबिक येलो-ब्रेस्टेड ग्रीनफिंच रानीखेत क्षेत्र में समय-समय पर दिखाई देता है। यह मुख्य रूप से बीज खाने वाला पक्षी है और सूरजमुखी के बीज भी इसे पसंद हैं। पक्षियों को करीब से देखना और कैमरे में कैद करना क्षेत्र की जैव विविधता को समझने का बेहतर माध्यम है।
पंखों पर पीली धारियां इसकी पहचान
                                
                
                
                                
                                
                                                                                                               
                                                    
                            
                                 
                                
                               
                                                
                                                                 
                
                                
                
                
                                
                                
                                                                                                               
                                                    
                            
                                 
                                
                               
                                                
                                                                 
                
                                
                
                
                                
                                
                                                                                                               
                                                    
                            
                                 
                                
                               
                                                
                                                                 
                
                                
                
                
                                
                                
                                                                                                               
                                                    
                            
                                 
                                
                               
                                                
                                                                 
                येलो-ब्रेस्टेड ग्रीनफिंच फ्रिंजिलिडे परिवार का पक्षी है। यह हिमालयी क्षेत्रों और उत्तरी भारतीय उपमहाद्वीप में पाया जाता है। इसकी लंबाई करीब 12 से 14 सेंटीमीटर और वजन 15 से 21 ग्राम तक होता है। इसके निचले हिस्से चमकीले पीले होते हैं जबकि पंखों पर पीली धारियां इसकी पहचान को और खास बनाती हैं।
बीजों का शौकीन, झुंड में तलाशता है भोजन
                                
                
                
                                
                                
                                                                                                               
                                                    
                            
                                 
                                
                               
                                                
                                                                 
                
                                
                
                
                                
                                
                                                                                                               
                                                    
                            
                                 
                                
                               
                                                
                                                                 
                
                                
                
                
                                
                                
                                                                                                               
                                                    
                            
                                 
                                
                               
                                                
                                                                 
                
                                
                
                
                                
                                
                                                                                                               
                                                    
                            
                                 
                                
                               
                                                
                                                                 
                येलो-ब्रेस्टेड ग्रीनफिंच मुख्य रूप से विभिन्न घास, पौधों और अन्य वनस्पतियों के बीज खाता है। सूरजमुखी के बीज भी इसके पसंदीदा भोजन में शामिल हैं। हिमालयी क्षेत्रों में यह मौसम और ऊंचाई के अनुसार स्थान बदलता रहता है। इसे अक्सर छोटे-छोटे झुंड में भोजन की तलाश करते देखा जा सकता है। एक साथ कई ग्रीनफिंच का दिखाई देना पक्षी प्रेमियों के लिए खास आकर्षण होता है।
येलो-ब्रेस्टेड ग्रीनफिंच हिमालयी क्षेत्र में पाया जाने वाला आकर्षक पक्षी है। रानीखेत और आसपास का वन क्षेत्र विभिन्न प्रजातियों के पक्षियों के लिए अनुकूल प्राकृतिक आवास उपलब्ध कराता है। इस तरह के पक्षियों की मौजूदगी क्षेत्र की समृद्ध जैव विविधता का संकेत है। पक्षियों के संरक्षण के लिए उनके प्राकृतिक आवास और खाद्य स्रोतों को सुरक्षित रखना बेहद जरूरी है। -तापस मिश्रा, क्षेत्राधिकारी, वन विभाग, रानीखेत",hi,8/14/26 6:45,8/14/26 11:13,Almora,,,trafilatura,446
3dcaeeac0350d82d747ace095794bea91c03a384,https://devbhoomimedia.com/tragic-accident-7-workers-killed-14-injured-after-thdc-tunnel-fills-with-debris-and-water/,https://devbhoomimedia.com/tragic-accident-7-workers-killed-14-injured-after-thdc-tunnel-fills-with-debris-and-water,devbhoomi_media,Devbhoomi Media,rss,"दर्दनाक हादसा: टीएचडीसी टनल में मलबा-पानी भरने से 7 मजदूरों की मौत, 14 घायल","चमोली। जिले के पीपलकोटी क्षेत्र के मायापुर में निर्माणाधीन टीएचडीसी टनल में गुरुवार की शाम मलबा एवं पानी भरने से सात मजदूरों की मौत हो गयी। 14 घायल मजदूरों को गोपेश्वर के अस्पताल में भर्ती कराया गया है। मृतक व घायल मजदूर बिहार,छतीसगढ़, झारखंड,पंजाब,हिमाचल व उत्तराखण्ड के हैं। मुख्यमंत्री धामी ने झारखंड एवं छत्तीसगढ़ के […]","चमोली। जिले के पीपलकोटी क्षेत्र के मायापुर में निर्माणाधीन टीएचडीसी टनल में गुरुवार की शाम मलबा एवं पानी भरने से सात मजदूरों की मौत हो गयी। 14 घायल मजदूरों को गोपेश्वर के अस्पताल में भर्ती कराया गया है। मृतक व घायल मजदूर बिहार,छतीसगढ़, झारखंड,पंजाब,हिमाचल व उत्तराखण्ड के हैं। मुख्यमंत्री धामी ने झारखंड एवं छत्तीसगढ़ के मुख्यमंत्रियों से वार्ता कर हरसम्भव मदद का भरोसा दिया।

देर रात तक एनडीआरएफ,एसडीआरएफ व पुलिस के जवान बचाव कार्य में जुटे हुए थे। दुर्घटना की सूचना मिलते ही सीएम धामी ने तत्काल कैबिनेट मंत्री भरत चौधरी व प्रशसन को युद्धस्तर पर बचाव कार्य करने के निर्देश दिए थे।

गुरुवार की शाम शाम लगभग 7:05 बजे टनल में 20 से अधिक मजदूरों के फंसे होने की सूचना प्राप्त हुई। सूचना मिलते ही जिला प्रशासन, पुलिस, एसडीआरएफ, सीआईएसएफ सहित संबंधित एजेंसियों द्वारा तत्काल राहत एवं बचाव कार्य शुरू कर दिया गया। प्रारंभिक कार्रवाई में 16 व्यक्तियों को सुरक्षित रेस्क्यू किया गया। जबकि शेष व्यक्तियों की सुरक्षित निकासी के लिए रात भर अभियान चलता रहा।

घटना की सूचना मिलते ही सेना, आईटीबीपी, एनडीआरएफ एवं एसडीआरएफ की टीमें भी घटनास्थल के लिए रवाना की गई हैं। राहत एवं बचाव अभियान में सभी उपलब्ध संसाधनों एवं उपकरणों का उपयोग किया जा रहा है। जिला प्रशासन द्वारा घटनास्थल पर स्थिति की निरंतर निगरानी की जा रही है तथा टनल में फंसे लोगों तक सुरक्षित पहुंच बनाने और उन्हें शीघ्र बाहर निकालने के लिए अभियान को प्राथमिकता के आधार पर संचालित किया जा रहा है।

मुख्यमंत्री धामी ने झारखंड एवं छत्तीसगढ़ के मुख्यमंत्रियों से की वार्ता

मुख्यमंत्री पुष्कर सिंह धामी ने चमोली जनपद के मायापुर (पीपलकोटी) स्थित टीएचडीसी की निर्माणाधीन टनल में मलबा एवं पानी भरने की घटना के संबंध में झारखंड के मुख्यमंत्री एवं छत्तीसगढ़ के मुख्यमंत्री से दूरभाष पर वार्ता की।

मुख्यमंत्री धामी ने दोनों राज्यों के मुख्यमंत्रियों को टनल में फंसे उनके राज्यों के श्रमिकों की स्थिति से अवगत कराया और बताया कि उत्तराखंड सरकार द्वारा त्वरित कार्रवाई करते हुए युद्धस्तर पर राहत एवं बचाव अभियान संचालित किया गया, जिसके परिणामस्वरूप 16 श्रमिकों का सुरक्षित रेस्क्यू किया जा चुका है तथा शेष प्रभावित श्रमिकों के लिए भी सभी आवश्यक प्रयास निरंतर जारी हैं।

मुख्यमंत्री ने कहा कि रेस्क्यू किए गए श्रमिकों के उपचार में किसी प्रकार की कोई कमी नहीं रखी जा रही है। उन्हें तत्काल चिकित्सा सुविधा उपलब्ध कराई गई है तथा आवश्यकता के अनुरूप विशेषज्ञ उपचार, दवाइयों, आवास, भोजन और अन्य आवश्यक व्यवस्थाएं भी सुनिश्चित की जा रही हैं। उन्होंने कहा कि यदि किसी श्रमिक को उच्च चिकित्सा संस्थान में रेफर करने की आवश्यकता होगी तो उसके लिए भी समुचित व्यवस्था की जाएगी।

मुख्यमंत्री धामी ने झारखंड एवं छत्तीसगढ़ के मुख्यमंत्रियों को आश्वस्त किया कि उत्तराखंड सरकार उनके राज्यों के प्रत्येक प्रभावित श्रमिक और उनके परिवार के साथ पूरी संवेदनशीलता और प्रतिबद्धता के साथ खड़ी है तथा हरसंभव सहायता उपलब्ध कराई जा रही है। उन्होंने कहा कि दोनों राज्य सरकारों के साथ निरंतर समन्वय बनाए रखते हुए सभी आवश्यक सूचनाएं साझा की जा रही हैं।

मुख्यमंत्री ने कहा कि मानव जीवन की सुरक्षा सर्वोपरि है और राज्य सरकार का पूरा तंत्र प्रभावित श्रमिकों की सुरक्षा, उपचार और सहायता सुनिश्चित करने के लिए पूरी तत्परता के साथ कार्य कर रहा है।

सचिव आपदा प्रबंधन एवं पुनर्वास विनोद सुमन ने कहा कि राज्य आपातकालीन परिचालन केंद्र एवं जिला आपातकालीन परिचालन केंद्र के माध्यम से स्थिति की लगातार निगरानी की जा रही है।

एसपी सुरजीत पंवार ने कहा कि

जिला प्रशासन एवं राहत-बचाव से जुड़ी सभी एजेंसियां घटनास्थल पर समन्वित रूप से कार्य कर रही हैं।

देखें मृतकों व घायलों की सूची",hi,8/14/26 6:43,8/14/26 10:09,Chamoli,recruitment_jobs|infrastructure|environment_disaster|health_education|politics_governance,उत्तराखंड|उत्तराखंड सरकार|उत्तराखण्ड|कैबिनेट मंत्री|धामी|पुष्कर सिंह धामी|मुख्यमंत्री|राज्य सरकार,newspaper4k,582
bf141107119c3d15dc7d716b1b66bc6227c34922,https://hindi.news18.com/photogallery/uttarakhand/chamoli-chamoli-thdc-tunnel-landslide-horrific-photos-debris-water-dead-bodies-uttarakhand-tunnel-accident-local18-10748178.html,https://hindi.news18.com/photogallery/uttarakhand/chamoli-chamoli-thdc-tunnel-landslide-horrific-photos-debris-water-dead-bodies-uttarakhand-tunnel-accident-local18-10748178.html,news18_hindi_uttarakhand,News18 Hindi,rss,"मलबा, पानी और दबी लाशें... चमोली टनल हादसे की डरावनी तस्वीरें, अंदर का मंजर देख सिहर उठेंगे","Chamoli Tunnel Landslide Photos: उत्तराखंड के चमोली जिले में कल शाम ऐसा हादसा हुआ, जिससे अभी तक उत्तराखंड सदमे में है. टिहरी हाइड्रो डेवलपमेंट कॉरपोरेशन’ (टीएचडीसी) की विष्णुगाड-पीपलकोटी जलविद्युत परियोजना की निर्माणाधीन सुरंग में पानी और मलबा घुसने से सात लोगों की मौत हो गई, जबकि तीन लोग अब भी लापता हैं. हैरानी की बात यह है कि सुरंग में कितने लोग फंसे थे अभी इस पर ही बहस बनी हुई है. पहले 24, फिर 28 और अब 22... तीन तीन आंकड़े सामने आ चुके हैं. खैर इन सबसे इतर अगर इस हादसे की तस्वीरें आपने देख ली ना तो आपका भी दिल दहल जाएगा. बहुत ही भयावह तस्वीरें हैं. हर तरफ मलबा-पानी और उसमें फंसी लाशें. हालांकि, हम आपको शवों की फोटो नहीं दिखा सकते हैं, लेकिन इन तस्वीरों को ही देखकर आप अंदाजा लगा सकते हैं कि हालात कितने बदतर रहे होंगे.",,hi,8/14/26 6:42,8/14/26 10:09,Tehri Garhwal|Chamoli,infrastructure|environment_disaster,उत्तराखंड,,0
c5c3bef722502c8de80d1a9702e6288a9ffe1c7a,https://hindi.news18.com/news/uttarakhand/chamoli-tunnel-accident-workers-first-person-account-eyewitness-story-water-debris-inside-tunnel-10748159.html,https://hindi.news18.com/news/uttarakhand/chamoli-tunnel-accident-workers-first-person-account-eyewitness-story-water-debris-inside-tunnel-10748159.html,news18_hindi_uttarakhand,News18 Hindi,rss,"'ऐसा पानी आया, जैसे बांध फट गया हो..' चमोली टनल हादसे में जिंदा बचे मजदूर ने बताया अंदर का भयानक मंजर","Chamoli Tunnel Accident Eyewitness Story : चमोली सुरंग हादसे की खबर | टिहरी हाइड्रो डेवलपमेंट कॉरपोरेशन यानी टीएचडीसी की विष्णुगाड-पीपलकोटी जलविद्युत परियोजना की निर्माणाधीन सुरंग में हुए इस हादसे की कहानी बेहद खौफनाक है. उस वक्‍त सुरंग में मौजूद कई मजदूरों को जिंदा बाहर निकाल लिया गया. अस्‍पताल में घायल इन वर्करों ने घटना के वक्‍त का भयानक मंजर बयां किया. आइये जानते हैं, उनकी आंखों ने क्‍या खतरनाक नजारा देखा था, आइये जानते हैं..",,hi,8/14/26 6:35,8/14/26 10:09,Tehri Garhwal|Chamoli,infrastructure,,,0
84470aa44250802689a8e951aa564f4b510536c7,https://devbhoomimedia.com/amid-the-tunnel-accident-cm-dhami-reached-ground-zero-and-took-stock-of-the-rescue-operation/,https://devbhoomimedia.com/amid-the-tunnel-accident-cm-dhami-reached-ground-zero-and-took-stock-of-the-rescue-operation,devbhoomi_media,Devbhoomi Media,rss,"टनल हादसे के बीच ग्राउंड जीरो पर पहुंचे CM धामी, रेस्क्यू अभियान का लिया जायजा","चमोली। मुख्यमंत्री पुष्कर सिंह धामी ने टीएचडीसी टनल हादसे का किया स्थलीय निरीक्षण, रेस्क्यू अभियान का लिया जायजा मुख्यमंत्री धामी ने टनल के अंदर जाकर बचाव एवं राहत कार्यों का लिया जायजा, अधिकारियों को दिए आवश्यक निर्देश मायापुर (पीपलकोटी) स्थित टीएचडीसी की निर्माणाधीन टनल में मलबा एवं पानी भरने की घटना के बाद मुख्यमंत्री पुष्कर […]","चमोली।

मुख्यमंत्री पुष्कर सिंह धामी ने टीएचडीसी टनल हादसे का किया स्थलीय निरीक्षण, रेस्क्यू अभियान का लिया जायजा

मुख्यमंत्री धामी ने टनल के अंदर जाकर बचाव एवं राहत कार्यों का लिया जायजा, अधिकारियों को दिए आवश्यक निर्देश

मायापुर (पीपलकोटी) स्थित टीएचडीसी की निर्माणाधीन टनल में मलबा एवं पानी भरने की घटना के बाद मुख्यमंत्री पुष्कर सिंह धामी ने शुक्रवार को घटनास्थल पर पहुंचकर राहत एवं बचाव कार्यों का स्थलीय निरीक्षण किया। मुख्यमंत्री ने मौके पर पहुंचकर रेस्क्यू अभियान की प्रगति की जानकारी ली तथा अधिकारियों एवं बचाव दलों से आवश्यक जानकारी प्राप्त की। मुख्यमंत्री ने टनल के अंदर जाकर बचाव एवं राहत कार्यों का जायजा लिया और रेस्क्यू अभियान में जुटी टीमों से मौके पर आवश्यक जानकारी ली।

टीएचडीसी की विष्णुगाड-पीपलकोटी जल विद्युत परियोजना के टीआरटी टनल की लंबाई लगभग 3 किलोमीटर है। टनल के लगभग 1.50 किलोमीटर हिस्से में भूधंसाव के कारण मलबा एवं पानी आने की स्थिति उत्पन्न हुई।

मुख्यमंत्री ने अधिकारियों को निर्देश दिए कि रेस्क्यू अभियान को सर्वोच्च प्राथमिकता देते हुए सभी उपलब्ध संसाधनों एवं तकनीकी विशेषज्ञता का प्रभावी उपयोग किया जाए। उन्होंने बचाव कार्य में जुटी एनडीआरएफ, एसडीआरएफ, आईटीबीपी, पुलिस सहित सभी टीमों के साथ समन्वय बनाए रखने तथा टनल में फंसे शेष 3 लोगों को सुरक्षित बाहर निकालने के लिए हरसंभव प्रयास करने के निर्देश दिए।

जिलाधिकारी गौरव कुमार ने मुख्यमंत्री को घटनाक्रम, अब तक किए गए रेस्क्यू तथा मौके पर संचालित राहत एवं बचाव कार्यों की विस्तृत जानकारी दी। जिलाधिकारी ने बताया कि टनल में फंसे 22 लोगों में से अब तक 19 लोगों को बाहर निकाला जा चुका है, जबकि शेष 3 लोगों की तलाश एवं रेस्क्यू अभियान लगातार जारी है। घटना में अभी तक 7 लोगों की दुखद मृत्यु की सूचना है।

रेस्क्यू किए गए घायलों को उपचार के लिए जिला चिकित्सालय गोपेश्वर लाया गया है, जहां स्वास्थ्य विभाग एवं चिकित्सकों की टीम द्वारा उनका उपचार एवं स्वास्थ्य की लगातार निगरानी की जा रही है।

मुख्यमंत्री ने अधिकारियों को निर्देशित किया कि रेस्क्यू अभियान के साथ-साथ घायलों के उपचार, परिजनों की सहायता एवं घटनास्थल पर आवश्यक व्यवस्थाओं में किसी भी प्रकार की कमी न हो। उन्होंने बचाव दलों के साथ निरंतर समन्वय बनाए रखते हुए अभियान को पूरी गंभीरता एवं सावधानी के साथ संचालित करने के निर्देश दिए।

इस दौरान काबीना मंत्री एवं प्रभारी मंत्री भरत चौधरी, थराली विधायक भूपाल राम टम्टा, जिला पंचायत अध्यक्ष दौलत सिंह बिष्ट, राज्य मंत्री हरक सिंह, पूर्व काबीना मंत्री राजेंद्र भंडारी, नगर पंचायत अध्यक्ष आरती नवानी, सभासद राजा जोशी, आपदा सचिव विनोद कुमार सुमन, गढ़वाल आयुक्त आनंद स्वरूप, आईजी गढ़वाल राजीव स्वरूप, जिलाधिकारी गौरव कुमार, पुलिस अधीक्षक सुरजीत सिंह पंवार, उपजिलाधिकारी राजकुमार पांडेय, चंद्रशेखर वशिष्ठ सहित अन्य जनप्रतिनिधि, अधिकारी व कार्मिक उपस्थित रहे।",hi,8/14/26 6:34,8/14/26 10:09,Chamoli,infrastructure|environment_disaster|health_education|politics_governance,गढ़वाल|धामी|पुष्कर सिंह धामी|मुख्यमंत्री,newspaper4k,438
0c594d946cfb334ecc5871de26c2f1bbc7a333dd,https://hindi.news18.com/news/bihar/patna-3-labours-died-resident-of-bihar-jharkhand-in-chamoli-pipalkoti-tunnel-accident-local18-10748205.html,https://hindi.news18.com/news/bihar/patna-3-labours-died-resident-of-bihar-jharkhand-in-chamoli-pipalkoti-tunnel-accident-local18-10748205.html,news18_hindi_uttarakhand,News18 Hindi,rss,"चमोली टनल हादसे ने बिहार-झारखंड को रुलाया, घर से कमाने निकले 3 मजदूरों की मौत","Uttarakhand Tunnel Accident: उत्तराखंड में हुए हादसे के बाद बिहार-झारखंड में भी मातम पसर गया. यहां से मजदूरी करने चमोली पहुंचे 3 मजदूरों की टनल हादसे में मौत हो गई. जिसमें एक बिहार के रहने वाले थे, जबकि 2 झारखंड के निवासी बताए जा रहे हैं. इसके अलावा कई लोग बुरी तरह घायल हो गए.",,hi,8/14/26 6:30,8/14/26 10:09,Chamoli,infrastructure,uttarakhand|उत्तराखंड,,0
8bf7fb3d0e196ee010b69974735232e0226f6092,https://hillmail.in/the-breathtaking-sight-of-brahma-kamals-scattered-across-nandi-kund/,https://hillmail.in/the-breathtaking-sight-of-brahma-kamals-scattered-across-nandi-kund,hill_mail,Hill Mail,rss,नंदी कुंड में बिखरी ब्रह्मकमल की अद्भुत छटा,"हरिद्वार सांसद एवं उत्तराखंड के पूर्व मुख्यमंत्री त्रिवेंद्र सिंह रावत ने गुरुवार को नई दिल्ली में केंद्रीय गृह एवं सहकारिता मंत्री अमित शाह से मुलाकात की। इस दौरान दोनों नेताओं के बीच उत्तराखंड में आपदा प्रभावित क्षेत्रों से जुड़े कई महत्वपूर्ण विषयों पर विस्तार से चर्चा हुई। बैठक में विशेष रूप से जोशीमठ आपदा, तमक नाले पर वैली ब्रिज के निर्माण, राहत एवं पुनर्वास कार्यों तथा प्रभावित क्षेत्रों में दीर्घकालिक समाधान को लेकर विचार-विमर्श किया गया।","हरिद्वार सांसद एवं उत्तराखंड के पूर्व मुख्यमंत्री त्रिवेंद्र सिंह रावत ने गुरुवार को नई दिल्ली में केंद्रीय गृह एवं सहकारिता मंत्री अमित शाह से मुलाकात की। इस दौरान दोनों नेताओं के बीच उत्तराखंड में आपदा प्रभावित क्षेत्रों से जुड़े कई महत्वपूर्ण विषयों पर विस्तार से चर्चा हुई। बैठक में विशेष रूप से जोशीमठ आपदा, तमक नाले पर वैली ब्रिज के निर्माण, राहत एवं पुनर्वास कार्यों तथा प्रभावित क्षेत्रों में दीर्घकालिक समाधान को लेकर विचार-विमर्श किया गया।
लोकेंद्र सिंह बिष्ट, उत्तरकाशी
उत्तराखंड के उच्च हिमालयी क्षेत्र इन दिनों प्रकृति की अद्भुत खूबसूरती से सराबोर हैं। ऊंचे बुग्यालों और हिमालय की चोटियों के बीच जहां नजर जाती है, वहां ब्रह्मकमल की मनमोहक छटा दिखाई दे रही है। सफेद रंग के ये दुर्लभ पुष्प उच्च हिमालयी क्षेत्र की खूबसूरती में चार चांद लगा रहे हैं।
जी हां, हम बात कर रहे हैं उत्तराखंड के राज्य पुष्प ब्रह्मकमल की। इन दिनों उच्च हिमालयी क्षेत्रों में बुग्यालों के आसपास बड़ी संख्या में ब्रह्मकमल खिले हुए हैं। सोशल मीडिया पर सामने आया यह खूबसूरत वीडियो नंदी कुंड क्षेत्र का बताया जा रहा है, जहां चारों ओर खिले ब्रह्मकमल और हिमालयी प्राकृतिक दृश्य लोगों को आकर्षित कर रहे हैं।
गढ़वाल हिमालय में चमोली और रुद्रप्रयाग जिलों की सीमा के समीप स्थित नंदी कुंड उत्तराखंड की बेहद दुर्गम और खूबसूरत उच्च हिमालयी झीलों में शामिल है। समुद्र तल से करीब 4,300 मीटर की ऊंचाई पर स्थित यह झील चारों ओर से हिमाच्छादित चोटियों, ग्लेशियरों और विशाल बुग्यालों से घिरी हुई है।
नंदी कुंड की यात्रा रुद्रप्रयाग जिले के रांसी गांव से शुरू होकर मध्यमहेश्वर धाम और पांडव सेरा ट्रेल से होकर आगे बढ़ती है। यह ट्रेक बेहद चुनौतीपूर्ण माना जाता है और अनुभवी ट्रेकर्स के लिए ही उपयुक्त है। रास्ते में हिमालय की भव्य चोटियों और प्राकृतिक नजारों का अद्भुत अनुभव होता है।
धार्मिक मान्यताओं के कारण भी नंदी कुंड का विशेष महत्व है। इसे पांडवों और भगवान शिव के नंदी से जोड़कर देखा जाता है। क्षेत्र में स्थित पांडव बसेरा भी स्थानीय मान्यताओं और लोककथाओं के कारण आकर्षण का केंद्र है।
नंदी कुंड तक पहुंचने वाला ट्रैक बेहद दुर्गम और कई स्थानों पर संकरा है। इसलिए यहां की यात्रा सामान्य पर्यटकों के लिए आसान नहीं है। अनुभवी गाइड और स्थानीय पोर्टर की सहायता के साथ ही इस कठिन ट्रेक पर जाना सुरक्षित माना जाता है।
नंदी कुंड के आसपास का क्षेत्र अपनी प्राकृतिक विविधता के लिए भी जाना जाता है। बुग्यालों, हिमनदों, झीलों और ऊंची पर्वत चोटियों के बीच ब्रह्मकमल का खिलना इस पूरे क्षेत्र को किसी चित्र की तरह खूबसूरत बना देता है।
इन दिनों नंदी कुंड के आसपास का हिमालयी क्षेत्र ब्रह्मकमल से गुलजार है। सफेद ब्रह्मकमलों के बीच दूर तक फैले हरे बुग्याल, आसमान को छूती बर्फीली चोटियां और शांत हिमालय इस दृश्य को अविस्मरणीय बना रहे हैं।
प्रकृति का यह अनोखा नजारा एक बार फिर साबित करता है कि उत्तराखंड के हिमालय में खूबसूरती की कोई सीमा नहीं — जहां हर मौसम अपने साथ एक नई तस्वीर लेकर आता है।",hi,8/14/26 5:46,8/14/26 10:09,Haridwar|Chamoli|Rudraprayag|Uttarkashi,infrastructure|environment_disaster|tourism_religion|politics_governance,उत्तराखंड|गढ़वाल|मुख्यमंत्री,trafilatura,487
837cf3ab11bec987561b75c398cf022d183ebe53,https://www.newindianexpress.com/india/2026/Aug/13/six-workers-dead-14-injured-after-water-floods-tunnel-in-uttarakhands-chamoli,https://newindianexpress.com/india/2026/Aug/13/six-workers-dead-14-injured-after-water-floods-tunnel-in-uttarakhands-chamoli,gnews_uttarakhand_en,newindianexpress.com,gnews,"Seven workers dead, three still trapped after water floods tunnel in Uttarakhand’s Chamoli","Seven workers dead, three still trapped after water floods tunnel in Uttarakhand’s Chamoli  newindianexpress.com","DEHRADUN: Seven workers were killed after a landslide triggered a massive surge of water and debris into an under-construction tunnel of the 444-MW Vishnugad-Pipalkoti Hydroelectric Project in Uttarakhand’s Chamoli district on Thursday evening.

Twenty-two workers were trapped inside the tunnel near Mayapur in the Pipalkoti area after the incident around 7 pm. Twelve workers have so far been rescued, while efforts are continuing to locate and evacuate the remaining three.

Teams of the National Disaster Response Force (NDRF) and State Disaster Response Force (SDRF), assisted by the district administration and police, are carrying out the rescue operation. The sudden ingress of water and debris has complicated efforts to establish safe access to the trapped workers.

The deceased were identified as Pradeep Singh Panwar, 31, of Tehri district, and Mukesh of Chamoli district, both in Uttarakhand; Durlabh Sharma of Bihar; Vijay, 28, and Jitendra Kumar of Jharkhand; and Lokeshwar and Bhuneshwar.

Several workers were also injured and taken to Vivekananda Hospital in Pipalkoti for treatment. Two of the injured reportedly sustained serious injuries, including fractures. Six ambulances were deployed for the rescue and evacuation operation.

Preliminary reports indicate that excavation work was underway inside the tunnel when workers heard a loud sound, followed by a powerful surge of water and debris that blocked a section of the passage. Officials suspect water seepage and a landslide may have triggered the incident, though the exact cause will be established after an investigation.

The tunnel is being constructed for THDC India Limited, with Hindustan Construction Company (HCC) executing the work.

Chamoli District Magistrate Gaurav Kumar confirmed the casualties and said the rescue operation would continue until the last worker was located. Chief Minister Pushkar Singh Dhami directed all agencies to carry out relief and rescue operations on a war footing.

Dhami also spoke to the chief ministers of Jharkhand and Chhattisgarh and briefed them about workers from their respective states. He assured them that the Uttarakhand government was making every effort to locate the missing worker and provide medical assistance to those rescued.

The project is being built on the Alaknanda river, with the accident occurring in a construction area linked to its headrace tunnel.

The incident has revived memories of the November 2023 Silkyara tunnel collapse in Uttarkashi, where 41 workers remained trapped for 17 days before being rescued in a multi-agency operation.",en,8/14/26 5:20,8/14/26 11:20,Dehradun|Tehri Garhwal|Chamoli|Uttarkashi,infrastructure|environment_disaster|health_education,chief minister|dhami|uttarakhand|uttarakhand government,newspaper4k,390
e879511320923566ebf6af01628e35696c6574b6,https://www.abplive.com/states/up-uk/uttarakhand-weather-updates-imd-alerts-heavy-rain-thunderstorms-today-14-august-dehradun-rishikesh-chamoli-3174873,https://abplive.com/states/up-uk/uttarakhand-weather-updates-imd-alerts-heavy-rain-thunderstorms-today-14-august-dehradun-rishikesh-chamoli-3174873,gnews_uttarakhand_hi,ABP News,gnews,"उत्तराखंड में अगले 3 दिन भारी बारिश का अलर्ट, पहाड़ों पर बढ़ा भूस्खलन का खतरा","उत्तराखंड में अगले 3 दिन भारी बारिश का अलर्ट, पहाड़ों पर बढ़ा भूस्खलन का खतरा  ABP News","उत्तराखंड में अगले 3 दिन भारी बारिश का अलर्ट, पहाड़ों पर बढ़ा भूस्खलन का खतरा
Uttarakhand Weather: उत्तराखंड में बारिश का दौर जारी है. मौसम विभाग ने अगले तीन दिनों में कई पर्वतीय जिलों में भारी से बहुत भारी बारिश की चेतावनी दी है. भूस्खलन और खराब मौसम ने मुश्किलें बढ़ा दी हैं.
उत्तराखंड में मौसम ने एक बार फिर करवट ली है. देर रात से कई जिलों में बारिश का दौर जारी है. जबकि, मौसम विभाग ने अगले तीन दिनों के लिए कई पर्वतीय जिलों में भारी से बहुत भारी बारिश का अलर्ट जारी किया है. बारिश के बीच भूस्खलन और सड़कें बंद होने से पहाड़ों में आवाजाही पर भी असर पड़ा है.
उत्तराखंड में गुरुवार देर रात से कई हिस्सों में रुक-रुककर बारिश हो रही है. मौसम विभाग के पूर्वानुमान के मुताबिक आज प्रदेश के कई इलाकों में हल्की से मध्यम बारिश के साथ गरज-चमक और कुछ स्थानों पर तेज बौछारें पड़ सकती हैं.
देहरादून, पिथौरागढ़, बागेश्वर और नैनीताल के लिए ऑरेंज अलर्ट जारी किया गया है. जबकि, हरिद्वार, टिहरी, पौड़ी, चमोली, रुद्रप्रयाग, चंपावत और उधमसिंह नगर समेत अन्य क्षेत्रों में भी बारिश को लेकर चेतावनी जारी है.
भारी बारिश से भूस्खलन का खतरा बढ़ा
मौसम के बिगड़े मिजाज का असर स्कूलों और सड़कों पर भी दिखाई दे रहा है. खराब मौसम को देखते हुए पिथौरागढ़, देहरादून और नैनीताल में कक्षा 12वीं तक के स्कूल बंद रखने का फैसला किया गया है. वहीं राज्य के 10 जिलों में कुल 61 ग्रामीण और संपर्क मार्ग बंद होने की जानकारी सामने आई है. इनमें अल्मोड़ा की 2, बागेश्वर की 6, चमोली की 10, देहरादून की 3, नैनीताल की 4, पौड़ी गढ़वाल की 2, पिथौरागढ़ की 12, रुद्रप्रयाग की 4, टिहरी गढ़वाल की 6 और उत्तरकाशी की 12 सड़कें शामिल हैं.
अगले तीन दिन पहाड़ों के लिए भारी
मौसम विभाग के पूर्वानुमान के मुताबिक 15 अगस्त को देहरादून, टिहरी, पौड़ी, उत्तरकाशी, नैनीताल, चंपावत और बागेश्वर में कहीं-कहीं भारी बारिश को लेकर येलो अलर्ट जारी किया गया है. पर्वतीय क्षेत्रों में इस दौरान तेज गर्जना, आकाशीय बिजली चमकने और बारिश की तीव्रता बढ़ने की संभावना जताई गई है. हरिद्वार और उधमसिंह नगर में भी आकाशीय बिजली चमकने के आसार बताए गए हैं.
16 अगस्त को मौसम और ज्यादा सक्रिय रहने का अनुमान है. इस दौरान चंपावत, बागेश्वर और नैनीताल में भारी से बहुत भारी बारिश का ऑरेंज अलर्ट जारी किया गया है. इन इलाकों में गरज-चमक के साथ तेज बारिश होने की संभावना है. वहीं देहरादून, टिहरी, हरिद्वार, चमोली, उधमसिंह नगर, अल्मोड़ा और पिथौरागढ़ में भारी बारिश का येलो अलर्ट है. पौड़ी, उत्तरकाशी और रुद्रप्रयाग में भी गरज-चमक के साथ तेज बारिश हो सकती है.
17 अगस्त को देहरादून, पौड़ी और टिहरी में कहीं-कहीं भारी से बहुत भारी बारिश का ऑरेंज अलर्ट जारी किया गया है. इन जिलों में तेज बारिश के साथ गरज-चमक और आकाशीय बिजली गिरने की संभावना भी बनी हुई है. राज्य के बाकी जिलों में भी कुछ स्थानों पर भारी बारिश हो सकती है और गरज-चमक के साथ बारिश की तीव्रता बढ़ने की आशंका है.
लोगों से सावधानी बरतने की अपील
मौसम की मौजूदा स्थिति को देखते हुए अगले तीन दिन उत्तराखंड के पर्वतीय क्षेत्रों के लिए खासे महत्वपूर्ण हैं. भारी बारिश के अलर्ट वाले जिलों में स्थानीय प्रशासन को सतर्क रहने की जरूरत है, वहीं लोगों से भी संवेदनशील इलाकों और बंद मार्गों पर अनावश्यक आवाजाही से बचने की अपील की गई है.",hi,8/14/26 5:12,8/14/26 11:15,Dehradun|Haridwar|Nainital|Pauri Garhwal|Tehri Garhwal|Chamoli|Rudraprayag|Uttarkashi|Almora|Pithoragarh|Bageshwar|Champawat,infrastructure|environment_disaster,uttarakhand|उत्तराखंड|गढ़वाल,trafilatura,556
d9007caefa6e2f0297e495883195c3831403ffd9,https://www.amarujala.com/live/dehradun/chamoli-thdc-tunnel-landslide-labourers-rescue-operation-cm-dhami-live-update-in-hindi-2026-08-14,https://amarujala.com/live/dehradun/chamoli-thdc-tunnel-landslide-labourers-rescue-operation-cm-dhami-live-update-in-hindi-2026-08-14,amar_ujala_uttarakhand,Amar Ujala,rss,"Chamoli Tunnel Landslide Live: लापता तीन लोगों की तलाश जारी, बारिश से टनल में फिर शुरू हुआ रिसाव",उत्तराखंड के चमोली जिले में देर शाम बड़ा हादसा हो गया। अलकनंदा नदी पर निर्माणाधीन विष्णुगाड-पीपलकोटी जल विद्युत परियोजना की टीआरटी (टेल रेस टनल) में बृहस्पतिवार शाम सरिया वेल्डिंग के दौरान भारी भूस्खलन होने से कई मजदूर घायल हो गए।,"Chamoli Tunnel Landslide Live: लापता तीन लोगों की तलाश जारी, बारिश से टनल में फिर शुरू हुआ रिसाव
Chamoli THDC Tunnel Landslide Rescue operation Update: विष्णुगाड–पीपलकोटी जल विद्युत परियोजना की निर्माणाधीन टनल में अचानक भारी मात्रा में मलबा और पानी आने से वहां काम कर रहे मजदूर अंदर ही फंस गए थे। इसमें करीब सात मजदूरों की मौत हो गई। कई मजदूरों की तलाश अब भी जारी है। जानिए पल-पल का अपडेट..
खबरें लगातार पढ़ने के लिए अमर उजाला एप डाउनलोड करें
या 
 वेबसाइट पर पढ़ना जारी रखने के लिए वीडियो विज्ञापन देखें
अगर आपके पास प्रीमियम मेंबरशिप है तो
लाइव अपडेट
सीएम ने दिए मजिस्ट्रियल जांच के आदेश
मंत्री मदन कौशिक ने की बैठक
टनल में रेस्क्यू अभियान जारी
क्या सुरंग निर्माण के दौरान संभावित भूगर्भीय जोखिमों का पर्याप्त आकलन किया गया?
लगातार दूसरी दुर्घटना ने बढ़ाई चिंता
फिर परियोजना में श्रमिकों की सुरक्षा व्यवस्था पर सवाल खड़े
विष्णुगाड-पीपलकोटी जलविद्युत परियोजना की निर्माणाधीन सुरंग में बृहस्पतिवार रात पानी और मलबा आने से हुए हादसे ने एक बार फिर परियोजना में श्रमिकों की सुरक्षा व्यवस्था पर सवाल खड़े कर दिए हैं। करीब तीन किलोमीटर लंबी सुरंग में यह पहली दुर्घटना नहीं है। आठ महीने पहले दिसंबर 2025 में भी सुरंग के भीतर दो लोको ट्रॉली आपस में टकरा गई थीं। हादसे में कई मजदूर घायल हुए थे।
तीन लोगों की तलाश जारी, पानी गले तक आने से रेस्क्यू में दिक्कत
राज्य आपदा सचिव विनोद कुमार सुमन ने टनल का निरीक्षण कर रेस्क्यू अभियान की स्थिति की जानकारी ली। उन्होंने बताया कि टनल में फंसे तीन लोगों की तलाश अभी जारी है। उन्होंने कहा कि टनल के अंदर पानी गले तक आ रहा है, जिससे राहत एवं बचाव अभियान में दिक्कतें आ रही हैं। रेस्क्यू टीम लगातार तीनों की खोज में जुटी हुई है।
                                                 
                
                                                 
                
                                                 
                
                                                 
                
                                                 
                
                                                 
                
                                                 
                                                        
आईजी गढ़वाल घटनास्थल पर पहुंचे
अधिकारियों ने किया टनल का निरीक्षण
आपदा सचिव के साथ ही टीएचडीसी, एचसीसी के अधिकारियों ने टनल का निरीक्षण किया।
लापता लोग
-लुकास टोपनो पुत्र श्री बॉससा टोपनो, झारखंड।
-चेतन पोयाम पुत्र श्री सोनधार पोयाम, छत्तीसगढ़।
-देवनाथ पुत्र श्री धनसुराम बघेल, छत्तीसगढ़।",hi,8/14/26 4:45,8/14/26 11:13,Chamoli,infrastructure|environment_disaster,उत्तराखंड|गढ़वाल,trafilatura,340
df2d600a39692a16abf15cc84452a60c7994cc22,https://hindi.news18.com/news/uttarakhand/bageshwar-traditional-practice-of-nazar-utarna-with-mustard-seeds-continues-hill-area-local18-ws-l-10747470.html,https://hindi.news18.com/news/uttarakhand/bageshwar-traditional-practice-of-nazar-utarna-with-mustard-seeds-continues-hill-area-local18-ws-l-10747470.html,news18_hindi_uttarakhand,News18 Hindi,rss,"बागेश्वरः पहाड़ों पर राई के दानों से नजर उतारने की पुरानी परंपरा आज भी कायम, कुमाऊं के ग्रामीण इलाकों में जानें मान्यता","उत्तराखंड में राई के दानों से नजर उतारने की पुरानी परंपरा आज भी कायम है. बागेश्वर समेत कुमाऊं के ग्रामीण इलाकों में लोग इसे मानते हैं, पर इसका कोई वैज्ञानिक प्रमाण नहीं है. बागेश्वर की कुशल गृहिणी सुनीता टम्टा ने फोन के माध्यम से लोकल 18 को बताया कि जब किसी व्यक्ति को नजर लगने की बात मानी जाती है, तो घर में मौजूद सरसों के दानों का इस्तेमाल किया जाता है. इसके लिए करीब आधा मुट्ठी राई के दाने लिए जाते हैं. इसके बाद नजर लगे व्यक्ति के सिर के ऊपर इन दानों को तीन बार घुमाया जाता है. यह प्रक्रिया करते समय परिवार के लोग पारंपरिक तरीके से नजर उतारने की मान्यता का पालन करते हैं.",,hi,8/14/26 4:19,8/14/26 11:13,Bageshwar,,उत्तराखंड|कुमाऊं,,0
99a3c2da561f81807381795bbf56ca158cfe961f,https://www.amarujala.com/dehradun/uttarakhand-expressway-bamboo-plantation-proposed-to-prevent-soil-erosion-and-reduce-traffic-noise-read-all-2026-08-14,https://amarujala.com/dehradun/uttarakhand-expressway-bamboo-plantation-proposed-to-prevent-soil-erosion-and-reduce-traffic-noise-read-all-2026-08-14,amar_ujala_uttarakhand,Amar Ujala,rss,"Uttarakhand: एक्सप्रेसवे पर मिट्टी की कटान रोकेगा बांस, बोर्ड ने सड़क किनारे बांस लगाने का प्रस्ताव भेजा",उत्तराखंड बांस और फाइबर विकास बोर्ड ने एनएचएआई को एक्सप्रेसवे के किनारे बांस के पौधे लगाने का प्रस्ताव भेजा है।,"Uttarakhand: एक्सप्रेसवे पर मिट्टी की कटान रोकेगा बांस, बोर्ड ने सड़क किनारे बांस लगाने का प्रस्ताव भेजा
उत्तराखंड में एक्सप्रेसवे के किनारे बांस लगाए जाने की योजना है, जिससे बारिश के दौरान मिट्टी की कटान को रोकने में मदद मिलेगी। बांस की हरियाली से पर्यावरण को बेहतर बनाने के साथ वाहनों के तेज शोर को कम करने में भी मदद मिलने की उम्मीद है।
खबरें लगातार पढ़ने के लिए अमर उजाला एप डाउनलोड करें
या 
 वेबसाइट पर पढ़ना जारी रखने के लिए वीडियो विज्ञापन देखें
अगर आपके पास प्रीमियम मेंबरशिप है तो
विस्तार
उत्तराखंड बांस और फाइबर विकास बोर्ड ने एनएचएआई को एक्सप्रेसवे के किनारे बांस के पौधे लगाने का प्रस्ताव भेजा है। इसका उद्देश्य बारिश में मिट्टी की कटान को रोकना है। बांस लगाने से एक्सप्रेसवे पर वाहनों के तेज शोर को कम करने में भी सहायता मिलेगी। साथ ही यह पर्यावरण को शुद्ध करने में भी मदद करेगा।
बोर्ड ने सभी एक्सप्रेसवे के किनारे स्थानीय प्रजाति के बांस लगाने का सुझाव दिया है। बांस के पौधे दो से तीन वर्षों में मिट्टी पर कड़ी पकड़ बना लेते हैं। ये तेज बारिश में भी मिट्टी को कटने से रोकते हैं। एक्सप्रेसवे और हाईवे के किनारों पर मिट्टी के कटाव से सड़कें धंसती हैं। इससे सड़क दुर्घटनाएं भी होती हैं, जिन्हें बांस लगाकर कम किया जा सकता है। पहाड़ी राज्यों में भूस्खलन एक बड़ी समस्या है, जिससे धन-जनहानि होती है। बांस के पौधे लगाने से भूस्खलन से होने वाले नुकसान को काफी कम किया जा सकता है। यह उपजाऊ मिट्टी को बहने से भी रोकेगा।
बांस ही क्यों
बांस के झुरमुट अनेक पशु-पक्षियों के लिए अनुकूल वातावरण प्रदान करते हैं। बांस हाथी और अन्य पशुओं का प्रिय आहार भी है, जिससे वन्य जीवन को बढ़ावा मिलता है। बांस के पौधे दूसरे पौधों की तुलना में 35 फीसदी अधिक ऑक्सीजन देते हैं। कटने के बाद भी ये तेजी से दोबारा उग आते हैं। एक बार लगाने पर पचास से सौ वर्षों तक इनकी फसल ली जा सकती है। जंगली पशुओं से बांस के पौधे को कोई नुकसान नहीं होता। इसे किसी विशेष देख-रेख की आवश्यकता भी नहीं होती है।
ये भी पढ़ें...Uttarakhand: एसआईआर, अगर आपके वोट पर आपत्ति का नोटिस आए तो हल्के में न लें, लापरवाही पड़ सकती है भारी
बांस के फायदों के कारण इसे ग्रीन गोल्ड कहा जाता है। यदि एक्सप्रेसवे के किनारे बांस लगाने पर सहमति मिलती है तो इससे न केवल मिट्टी कटने से रोकने में मदद मिलेगी, बल्कि स्थानीय लोगों को रोजगार भी प्राप्त होगा। - मीनाक्षी जोशी, मुख्य कार्यकारी अधिकारी, उत्तराखंड बांस एवं रेशा विकास परिषद",hi,8/14/26 3:16,8/14/26 11:13,,infrastructure|environment_disaster,uttarakhand|उत्तराखंड,trafilatura,422
83bf45bdfca8905419c92eddd400921e2fdeb218,https://www.facebook.com/IndiacomHindi/posts/%E0%A4%89%E0%A4%A4%E0%A5%8D%E0%A4%A4%E0%A4%B0%E0%A4%BE%E0%A4%96%E0%A4%82%E0%A4%A1-%E0%A4%95%E0%A5%87-%E0%A4%9A%E0%A4%AE%E0%A5%8B%E0%A4%B2%E0%A5%80-%E0%A4%9C%E0%A4%BF%E0%A4%B2%E0%A5%87-%E0%A4%AE%E0%A5%87%E0%A4%82-%E0%A4%97%E0%A5%81%E0%A4%B0%E0%A5%81%E0%A4%B5%E0%A4%BE%E0%A4%B0-%E0%A4%95%E0%A5%8B-%E0%A4%AC%E0%A4%A1%E0%A4%BC%E0%A4%BE-%E0%A4%B9%E0%A4%BE%E0%A4%A6%E0%A4%B8%E0%A4%BE-%E0%A4%B9%E0%A5%8B-%E0%A4%97%E0%A4%AF%E0%A4%BE-%E0%A4%AA%E0%A5%80%E0%A4%AA%E0%A4%B2%E0%A4%95%E0%A5%8B%E0%A4%9F%E0%A5%80-%E0%A4%87%E0%A4%B2%E0%A4%BE%E0%A4%95%E0%A5%87-%E0%A4%AE%E0%A5%87%E0%A4%82-%E0%A4%8F%E0%A4%95-%E0%A4%9C/1510380074460052/,https://facebook.com/IndiacomHindi/posts/%E0%A4%89%E0%A4%A4%E0%A5%8D%E0%A4%A4%E0%A4%B0%E0%A4%BE%E0%A4%96%E0%A4%82%E0%A4%A1-%E0%A4%95%E0%A5%87-%E0%A4%9A%E0%A4%AE%E0%A5%8B%E0%A4%B2%E0%A5%80-%E0%A4%9C%E0%A4%BF%E0%A4%B2%E0%A5%87-%E0%A4%AE%E0%A5%87%E0%A4%82-%E0%A4%97%E0%A5%81%E0%A4%B0%E0%A5%81%E0%A4%B5%E0%A4%BE%E0%A4%B0-%E0%A4%95%E0%A5%8B-%E0%A4%AC%E0%A4%A1%E0%A4%BC%E0%A4%BE-%E0%A4%B9%E0%A4%BE%E0%A4%A6%E0%A4%B8%E0%A4%BE-%E0%A4%B9%E0%A5%8B-%E0%A4%97%E0%A4%AF%E0%A4%BE-%E0%A4%AA%E0%A5%80%E0%A4%AA%E0%A4%B2%E0%A4%95%E0%A5%8B%E0%A4%9F%E0%A5%80-%E0%A4%87%E0%A4%B2%E0%A4%BE%E0%A4%95%E0%A5%87-%E0%A4%AE%E0%A5%87%E0%A4%82-%E0%A4%8F%E0%A4%95-%E0%A4%9C/1510380074460052,gnews_uttarakhand_hi,facebook.com,gnews,उत्तराखंड के चमोली जिले में गुरुवार को बड़ा हादसा हो गया. पीपलकोटी इलाके में एक जलविद्युत परियोजना के लिए बनाई जा रही सुरंग में अचानक पानी और मलबा घुस गया. हादसे के समय सुरंग के अंदर काम क,उत्तराखंड के चमोली जिले में गुरुवार को बड़ा हादसा हो गया. पीपलकोटी इलाके में एक जलविद्युत परियोजना के लिए बनाई जा रही सुरंग में अचानक पानी और मलबा घुस गया. हादसे के समय सुरंग के अंदर काम क  facebook.com,,hi,8/14/26 3:07,8/14/26 11:14,Chamoli,,उत्तराखंड,,0
a508bb6df9faea8598a01dbbc239651bd8eaee33,https://hindi.news18.com/news/uttarakhand/chamoli-chamoli-thdc-tunnel-landslide-hcc-negligence-7-workers-dead-3-missing-rescue-operation-10747543.html,https://hindi.news18.com/news/uttarakhand/chamoli-chamoli-thdc-tunnel-landslide-hcc-negligence-7-workers-dead-3-missing-rescue-operation-10747543.html,news18_hindi_uttarakhand,News18 Hindi,rss,"7 जिंदगियां खत्म, अब कितने फंसे? कंपनी के पास मजदूरों का डेटा तक नहीं, चमोली टनल हादसे में बड़ी लापरवाही","Chamoli THDC Tunnel Landslide News : चमोली की सुरंग में मलबे और पानी के सैलाब ने 7 परिवारों की खुशियां उजाड़ दीं. किसी ने अपना बेटा खोया, किसी ने अपना पति और 3 परिवार अभी भी अपनों के लौटने की आस लगाए बैठे हैं. रेस्क्यू टीम जिंदगी बचाने के लिए जूझ रही है, लेकिन इस हादसे ने उस कंपनी की पोल खोलकर रख दी, जिसके लिए ये मजदूर काम कर रहे थे. जिन मजदूरों को कंपनी ने सुरंग के अंदर भेजा, हादसे के बाद वही कंपनी यह तक साफ नहीं बता सकी कि अंदर कितने लोग थे.",,hi,8/14/26 3:03,8/14/26 11:13,Chamoli,infrastructure|environment_disaster,,,0
453857983947bfa3701f5f00621219b044d59668,https://www.jagran.com/uttarakhand/dehradun-city-uttarakhand-weather-dehradun-6-districts-on-yellow-alert-for-heavy-rain-40338973.html,https://jagran.com/uttarakhand/dehradun-city-uttarakhand-weather-dehradun-6-districts-on-yellow-alert-for-heavy-rain-40338973.html,gnews_uttarakhand_hi,jagran.com,gnews,"उत्तराखंड में गर्मी के बाद अब भारी बारिश का येलो अलर्ट, देहरादून समेत कई जिलों में चेतावनी","उत्तराखंड में गर्मी के बाद अब भारी बारिश का येलो अलर्ट, देहरादून समेत कई जिलों में चेतावनी  jagran.com","उत्तराखंड में गर्मी के बाद अब भारी बारिश का येलो अलर्ट, देहरादून समेत कई जिलों में चेतावनी
Uttarakhand Weather Update: उत्तराखंड में लगभग 25 दिन बाद मौसम शुष्क रहा और देहरादून में अगस्त का सर्वाधिक 36 डिग्री सेल्सियस तापमान दर्ज किया गया। अब ...और पढ़ें
HighLights
- देहरादून में अगस्त का सर्वाधिक 36 डिग्री तापमान दर्ज।
- 25 दिन बाद अब उत्तराखंड में भारी बारिश का अनुमान।
- देहरादून सहित 6 जिलों में येलो, कुछ में ऑरेंज अलर्ट।
जागरण संवाददाता, देहरादून। करीब 25 दिन बाद उत्तराखंड (Uttarakhand Weather Today) में पहाड़ से मैदान तक दिनभर मौसम शुष्क रहा। चटख धूप के बीच मैदानी क्षेत्रों में गर्मी ने लोगों को बेहाल किया। देहरादून में अधिकतम तापमान 36 डिग्री सेल्सियस रिकार्ड किया गया, जो वर्ष 2022 के बाद अगस्त में अब तक का सर्वाधिक तापमान है। मैदानी क्षेत्रों में दिन के तापमान में सामान्य से चार से छह डिग्री तक की बढ़ोतरी दर्ज की गई। हालांकि, आज से प्रदेश के ज्यादातर क्षेत्रों में फिर बारिश का दौर तेज हो सकता है।
बुधवार को दून में सुबह से ही चटख धूप खिली रही। जिसके चलते दिनभर गर्मी ने बेहाल किया। ज्यादातर मैदानी क्षेत्रों में चार से छह डिग्री सेल्सियस तक की वृद्धि दर्ज की गई। दून में 24 घंटे में पारे में सात डिग्री सेल्सियस का इजाफा हुआ। पिछले 10 साल में यह दूसरी बार है जब दून का पारा अगस्त में 36 डिग्री सेल्सियस पहुंचा है।
पिछले करीब 25 दिनों में यह पहला मौका रहा, जब प्रदेश में कहीं भी बारिश दर्ज नहीं हुई। हालांकि, मौसम विभाग ने इस राहत के बाद अब फिर बारिश का दौर तेज होने का पूर्वानुमान जारी किया है। गुरुवार से प्रदेश के कई हिस्सों में हल्की से मध्यम बारिश और गरज के साथ बौछारें पड़ने की संभावना है।
मौसम विभाग के अनुसार बृहस्पतिवार को पर्वतीय जिलों और ऊधम सिंह नगर में अनेक स्थानों पर हल्की से मध्यम बारिश हो सकती है। हरिद्वार में भी कुछ स्थानों पर बारिश के आसार हैं। देहरादून, टिहरी, नैनीताल, पिथौरागढ़, बागेश्वर और चंपावत में कहीं-कहीं भारी वर्षा की संभावना को देखते हुए यलो अलर्ट जारी किया गया है।
खबरें और भी
AI Image
पर्वतीय क्षेत्रों में गरज-चमक के साथ आकाशीय बिजली गिरने और बारिश के तीव्र से अति तीव्र दौर की आशंका है। ऊधम सिंह नगर में भी कहीं-कहीं आकाशीय बिजली चमकने की चेतावनी दी गई है। शुक्रवार को मौसम विभाग ने देहरादून, पिथौरागढ़, बागेश्वर और नैनीताल में कहीं-कहीं भारी से बहुत भारी बारिश का आरेंज अलर्ट जारी किया है। इन जिलों में आकाशीय बिजली चमकने के साथ बारिश के अति तीव्र से अत्यंत तीव्र दौर की संभावना जताई गई है।",hi,8/14/26 2:59,8/14/26 11:14,Dehradun|Haridwar|Nainital|Udham Singh Nagar|Tehri Garhwal|Pithoragarh|Bageshwar|Champawat,,uttarakhand|उत्तराखंड,trafilatura,430
4935fad212187bbac08c53b5d0c8d4f15eefb5d0,https://www.amarujala.com/dehradun/sir-voter-list-2026-objection-notice-can-lead-to-name-removal-don-t-ignore-ero-notice-sir-voter-verification-2026-08-14,https://amarujala.com/dehradun/sir-voter-list-2026-objection-notice-can-lead-to-name-removal-don-t-ignore-ero-notice-sir-voter-verification-2026-08-14,amar_ujala_uttarakhand,Amar Ujala,rss,"Uttarakhand: एसआईआर, अगर आपके वोट पर आपत्ति का नोटिस आए तो हल्के में न लें, लापरवाही पड़ सकती है भारी",प्रदेश में चल रहे विशेष गहन पुनरीक्षण (एसआईआर) के तहत अगर आपके वोट पर भी आपत्ति का नोटिस आए तो कतई हल्के में न लें।,"Uttarakhand: एसआईआर, अगर आपके वोट पर आपत्ति का नोटिस आए तो हल्के में न लें, लापरवाही पड़ सकती है भारी
अगर आपके वोट पर आपत्ति का नोटिस आए तो इसे हल्के में न लें। यह लापरवाही भारी पड़ सकती है।समय से जवाब न दिया तो वोट कट सकता है।
खबरें लगातार पढ़ने के लिए अमर उजाला एप डाउनलोड करें
या 
 वेबसाइट पर पढ़ना जारी रखने के लिए वीडियो विज्ञापन देखें
अगर आपके पास प्रीमियम मेंबरशिप है तो
विस्तार
प्रदेश में चल रहे विशेष गहन पुनरीक्षण (एसआईआर) के तहत अगर आपके वोट पर भी आपत्ति का नोटिस आए तो कतई हल्के में न लें। आपकी लापरवाही के कारण आपका नाम मतदाता सूची से कट सकता है। मुख्य निर्वाचन अधिकारी कार्यालय की ओर से प्रदेशभर में चल रहा एसआईआर अब अंतिम पड़ाव में है।
इसके तहत तमाम विधानसभा क्षेत्रों में मतदाताओं को लेकर आपत्तियां आईं हैं। बड़ी संख्या उन आपत्तियों की है, जिसमें आपत्तिकर्ता ने ये कहा है कि मतदाता अब यहां नहीं रहता। लिहाजा, मतदाताओं के लिए अब वोटर लिस्ट में अपने अस्तित्व को बचाए रखने की बड़ी चुनौती है।
आपत्तिकर्ता जब नोटिस की सुनवाई के दौरान जाएगा तो वहां मतदाता के निवास न करने का प्रमाण भी देना होगा लेकिन मतदाता को भी अपने निवासी होने का प्रमाण ईआरओ या एईआरओ के सामने रखना है। लिहाजा, मतदाता के लिए चुनौती ज्यादा है। ऐसे में अगर बीएलओ के माध्यम से आपके पास फॉर्म-10 का नोटिस आता है तो उस के प्रति सजग रहें। हल्के में न लें। कहीं ऐसा न हो कि आपका वोट ही कट जाए।
ये भी पढे़ं...Chamoli Tunnel Landslide: फिर परियोजना में श्रमिकों की सुरक्षा व्यवस्था पर सवाल खड़े, आठ माह में दूसरा हादसा
जवाब से ईआरओ संतुष्ट नहीं होंगे तो कट जाएगा वोट
आपत्तियों पर सुनवाई के बाद मतदाता की ओर से दिए गए जवाब से अगर ईआरओ संतुष्ट नहीं होंगे तो उनका वोट कट जाएगा। लिहाजा, मतदाता को इस बात का खास ध्यान रखना होगा कि वह ऐसे प्रमाण के साथ अपना जवाब दे, जिससे ये साबित हो जाए कि वह वहीं का निवासी है। इस मामले में ईआरओ को ही फैसला लेने के लिए अधिकृत किया गया है।",hi,8/14/26 2:48,8/14/26 11:13,Chamoli,infrastructure|environment_disaster,uttarakhand|विधानसभा,trafilatura,353
2c17fe27b92a2b1b0584b1dd0e8e1e83a5e207ee,https://www.abplive.com/states/up-uk/chamoli-pipalkoti-tunnel-accident-7-died-deceased-name-revealed-ann-3174818,https://abplive.com/states/up-uk/chamoli-pipalkoti-tunnel-accident-7-died-deceased-name-revealed-ann-3174818,gnews_uttarakhand_hi,ABP News,gnews,"Uttarakhand Tunnel Accident: चमोली टनल हादसे में 7 मजदूरों की मौत, मृतकों-घायलों के नाम आए सामने","Uttarakhand Tunnel Accident: चमोली टनल हादसे में 7 मजदूरों की मौत, मृतकों-घायलों के नाम आए सामने  ABP News","Uttarakhand Tunnel Accident: चमोली टनल हादसे में 7 मजदूरों की मौत, मृतकों-घायलों के नाम आए सामने
Uttarakhand Tunnel Accident: उत्तराखंड टनल हादसे में 7 लोगों की दुखद मौत हो गई है. इस बीच मृतकों के नाम सामने आए हैं. मृतकों में टिहरी जिले के गेंवाल के रहने वाले प्रदीप सिंह पवार, चमोली के मुकेश का नाम शामिल है.
उत्तराखंड के चमोली में पीपलकोटी टनल हादसे में 7 लोगों की दुखद मौत हो गई है. इस बीच मृतकों के नाम सामने आए हैं. मृतकों में टिहरी जिले के गेंवाल के रहने वाले प्रदीप सिंह पवार, चमोली के मुकेश, बिहार के दुर्लभ शर्मा, झारखंड के विजय और जितेंद्र कुमार, लोकेश्वर और भुनेश्वर का नाम शामिल है. लोकेश्वर और भुनेश्वर के बारे में जानकारी जुटाई जा रही है.
उत्तराखंड के चमोली जिले में एक जलविद्युत परियोजना स्थल पर निर्माणाधीन पीपलकोटी सुरंग में गुरुवार (13 अगस्त) को पानी और मलबा घुसने से 7 लोगों की मौत हो गई, जबकि 14 अन्य घायल हो गए. घायलों का इलाज कराया जा रहा है.
हादसे में घायल 14 लोग अस्पताल में भर्ती
हादसे में 14 लोग घायल हुए हैं. जिन्हें अस्पताल में भर्ती कराया गया है. घायलों में छत्तीसगढ़ के कोंडागांव निवासी सुनील दीवान, झारखंड के हाबिल गुड़िया, निस्तार भिंगरा, विनोद सावना, दीना बैगरा, खेला राम बिसरा, पंजाब के छब्बा सिंह, हिमाचल के तिलक राज, बिहार के चन्दन कुमार, अवधेश, नन्दलाल, रोहित पाण्डे, छत्तीसगढ़ के पेन सिंह और गोविंद का नाम शामिल है.
इसमें से गोविंद को डिस्चार्ज कर दिया गया है. जबकि रोहित पांडे को श्रीनगर रेफर किया गया है. बाकी सभी घायलों का गोपेश्वर जिला अस्पताल इलाज चल रहा है. यह सभी मजदूर टनल के निर्माण कार्य को अंजाम दे रहे थे. इसी दौरान पानी घुसने से यह हादसा हो गया.
सुरंग में फंसे थे 22 मजदूर
बता दें कि सुरंग के अंदर 22 श्रमिक फंस गए थे. इनमें से 20 लोगों को बाहर निकाल लिया गया जिनमें छह को मृत घोषित कर दिया गया, जबकि 14 घायल श्रमिकों का नजदीकी अस्पताल में इलाज चल रहा है. बचे हुए दो श्रमिकों के बारे में तत्काल कोई जानकारी नहीं मिल सकी है.
अधिकारियों ने बताया कि यह हादसा पीपलकोटी क्षेत्र में टिहरी हाइड्रो डेवलपमेंट कॉरपोरेशन (टीएचडीसी) लिमिटेड की परियोजना स्थल पर हुआ. हादसे के बाद मुख्यमंत्री पुष्कर सिंह धामी चमोली के लिए रवाना हो गए हैं. वे घटनास्थल पर पहुंचकर हालातों का जायजा लेंगे.",hi,8/14/26 2:39,8/14/26 11:14,Tehri Garhwal|Chamoli,infrastructure|health_education,uttarakhand|उत्तराखंड|धामी|पुष्कर सिंह धामी|मुख्यमंत्री,trafilatura,388
6c0ecd7d7ec797d1100a10033fd49ca17722d1a6,https://newsonair.gov.in/hi/six-killed-14-injured-in-landslide-at-hydropower-project-site-in-chamoli/,https://newsonair.gov.in/hi/six-killed-14-injured-in-landslide-at-hydropower-project-site-in-chamoli,gnews_uttarakhand_hi,News On AIR,gnews,"उत्तराखंड के चमोली में निर्माणाधीन सुरंग में भूस्खलन और जल रिसाव से 7 श्रमिकों की मौत, 14 घायल","उत्तराखंड के चमोली में निर्माणाधीन सुरंग में भूस्खलन और जल रिसाव से 7 श्रमिकों की मौत, 14 घायल  News On AIR","उत्तराखंड के मुख्यमंत्री पुष्कर सिंह धामी ने चमोली जिले के पीपलकोटी क्षेत्र में सुरंग हादसे के बाद आज घटनास्थल पर पहुंचकर राहत और बचाव कार्यों का निरीक्षण किया। उन्होंने सुरंग के अंदर जाकर राहत और बचाव कार्यों का जायजा लिया। मुख्यमंत्री ने सुरंग में फंसे शेष लोगों को सुरक्षित बाहर निकालने को सर्वोच्च प्राथमिकता देते हुए बचाव अभियान में तेजी लाने के निर्देश दिए। मुख्यमंत्री ने जिला अस्पताल पहुंचकर घायल लोगों से मुलाकात की।

पीपलकोटी क्षेत्र में टीएचडीसी की निर्माणाधीन सुरंग में मलबा और पानी भरने से फंसे करीब 22 लोगों में से 19 को बाहर निकाला गया है। शेष तीन लोगों को निकालने के लिए राहत और बचाव अभियान जारी है। इस हादसे में सात लोगों की मौत हो गई है। एनडीआरएफ, एसडीआरएफ, आईटीबीपी, पुलिस तथा अन्य तकनीकी और विशेषज्ञ टीमें राहत और बचाव अभियान में जुटी हैं।

रक्षा मंत्री राजनाथ सिंह ने उत्तराखंड के चमोली जिले में जलविद्युत परियोजना स्थल पर सुरंग ढ़हने से हुई जनहानि पर दुख व्यक्त किया है। सोशल मीडिया पोस्ट में श्री सिंह ने अपने प्रियजनों को खोने वाले शोक संतप्त परिवारों के प्रति संवेदना व्यक्त की। उन्होंने घायलों के शीघ्र स्वस्थ होने और सुरंग में फंसे लोगों के सुरक्षित बचाव के लिए प्रार्थना की।",hi,8/14/26 2:34,8/14/26 11:14,Chamoli,infrastructure|environment_disaster|health_education,उत्तराखंड|धामी|पुष्कर सिंह धामी|मुख्यमंत्री,newspaper4k,201
596e1e81e9f22122ddd81715958ac14c6a18d147,https://www.jagran.com/uttarakhand/dehradun-city-uttarakhand-heavy-rain-alert-dehradun-6-districts-brace-for-downpour-40340109.html,https://jagran.com/uttarakhand/dehradun-city-uttarakhand-heavy-rain-alert-dehradun-6-districts-brace-for-downpour-40340109.html,gnews_uttarakhand_hi,jagran.com,gnews,"उत्तराखंड में भारी बारिश का अलर्ट, देहरादून समेत पांच जिलों में होगी तेज बरसात","उत्तराखंड में भारी बारिश का अलर्ट, देहरादून समेत पांच जिलों में होगी तेज बरसात  jagran.com","Uttarakhand Rain Alert: पहाड़ों में आज भारी बारिश, पिथौरागढ़-नैनीताल समेत कई जिलों में चेतावनी
Uttarakhand Rain Alert: मौसम विभाग ने उत्तराखंड के कई जिलों में हल्की से मध्यम बारिश और गरज-चमक के साथ बौछारों का पूर्वानुमान जारी किया है। देहरादून, ...और पढ़ें
HighLights
- उत्तराखंड में भारी बारिश का अलर्ट जारी, उमस से राहत।
- देहरादून, टिहरी, नैनीताल सहित छह जिलों में भारी बारिश की संभावना।
- पर्वतीय क्षेत्रों में भूस्खलन, सड़क मार्ग बाधित होने की आशंका।
जागरण संवाददाता, देहरादून। (Uttarakhand Rain Forecast)दो दिन उमस भरी गर्मी के बाद शुक्रवार को दोबारा करवट लेने जा रहा है। मौसम विभाग ने प्रदेश के कई हिस्सों में हल्की से मध्यम बारिश (Uttarakhand Rain Today) और गरज-चमक के साथ बौछारों का पूर्वानुमान जारी किया है। देहरादून, टिहरी, नैनीताल, पिथौरागढ़, बागेश्वर और चंपावत जिलों में कहीं-कहीं भारी बारिश की संभावना जताई है।
इन जिलों में स्थानीय स्तर पर अचानक तेज बारिश होने से लोगों को परेशानी का सामना करना पड़ सकता है। पर्वतीय क्षेत्रों में बारिश के कारण सड़क मार्ग प्रभावित होने, भूस्खलन और यातायात बाधित होने की आशंका भी बनी हुई है।
मौसम विभाग के अनुसार, पर्वतीय जिलों के साथ ही ऊधमसिंह नगर और हरिद्वार में भी बारिश होने की संभावना है। वहीं कुछ जिलों में भारी बारिश को लेकर चेतावनी जारी की गई है। राज्य के पर्वतीय जिलों और ऊधमसिंह नगर में अनेक स्थानों पर हल्की से मध्यम बारिश या गरज के साथ बौछारें पड़ सकती हैं। हरिद्वार जिले में भी कुछ स्थानों पर हल्की से मध्यम बारिश होने की संभावना जताई गई है। बारिश के साथ मौसम में बदलाव और तापमान में गिरावट देखने को मिल सकती है।
यह भी पढ़ें- रक्षाबंधन पर उत्तराखंड की बहनों को मिलेगा बड़ा तोहफा! सरकारी बसों में दो दिन कर सकेंगी फ्री यात्रा
चिपचिपी गर्मी ने छुड़ाए पसीने
शुक्रवार को दिनभर कड़ी धूप रही। चिपचिपी गर्मी ने लोगों के पसीने छुड़ाए। हालांकि शाम को मौसम ने अचानक करवट बदली और बारिश का मौसम हो गया। दो दिनों से लगातार तेज गर्मी के कारण तापमान में भी बढ़ोतरी हुई है।",hi,8/14/26 2:33,8/14/26 11:14,Dehradun|Haridwar|Nainital|Tehri Garhwal|Pithoragarh|Bageshwar|Champawat,environment_disaster,uttarakhand|उत्तराखंड,trafilatura,334
3f19ae988fa9b908d266570ea865de7cf2e59000,https://hindi.news18.com/astro/daily-horoscope-today-cancer-horoscope-kark-rashifal-14-august-love-career-business-know-by-pandit-local18-10746717.html,https://hindi.news18.com/astro/daily-horoscope-today-cancer-horoscope-kark-rashifal-14-august-love-career-business-know-by-pandit-local18-10746717.html,news18_hindi_uttarakhand,News18 Hindi,rss,"Kark Rashifal: कर्क राशि वालों को आज 10 बजे के बाद रहना होगा सावधान, जल्दबाजी में फैसले लेने से बचें, ज्योतिष से जानिए राशिफल","Today Kark Rashifal: कर्क राशि के जातकों को आज अपनी योजनाओं को आगे बढ़ाने में मदद कर सकता है. आज लंबे समय से अटके किसी काम में गति आने की संभावना है, वहीं नौकरीपेशा लोगों को नई जिम्मेदारी या काम में प्रशंसा मिल सकती है. मगर आज इन राशि वालों को सावधान रहने की जरुरत है. आइए ज्योतिष से जानते हैं कि आज का दिन कर्क राशि वालों के लिए कैसा रहने वाला है.",,hi,8/14/26 2:31,8/14/26 11:13,,,,,0
bad92a5bb22d3ada2c476548dfcacba7f302e4bf,https://www.amarujala.com/dehradun/chamoli-thdc-tunnel-landslide-second-accident-in-eight-months-raises-questions-about-safety-uttarakhand-2026-08-14,https://amarujala.com/dehradun/chamoli-thdc-tunnel-landslide-second-accident-in-eight-months-raises-questions-about-safety-uttarakhand-2026-08-14,amar_ujala_uttarakhand,Amar Ujala,rss,"Chamoli Tunnel Landslide: फिर परियोजना में श्रमिकों की सुरक्षा व्यवस्था पर सवाल खड़े, आठ माह में दूसरा हादसा",विष्णुगाड-पीपलकोटी जलविद्युत परियोजना की निर्माणाधीन सुरंग में बृहस्पतिवार रात पानी और मलबा आने से हुए हादसे ने एक बार फिर परियोजना में श्रमिकों की सुरक्षा व्यवस्था पर सवाल खड़े कर दिए हैं।,"Chamoli Tunnel Landslide: फिर परियोजना में श्रमिकों की सुरक्षा व्यवस्था पर सवाल खड़े, आठ माह में दूसरा हादसा
विष्णुगाड–पीपलकोटी जल विद्युत परियोजना की निर्माणाधीन टनल में अचानक भारी मात्रा में मलबा और पानी आने से वहां काम कर रहे मजदूर अंदर ही फंस गए थे। इसमें करीब नौ मजदूरों की मौत हो गई। कई मजदूरों की तलाश अब भी जारी है।
खबरें लगातार पढ़ने के लिए अमर उजाला एप डाउनलोड करें
या 
 वेबसाइट पर पढ़ना जारी रखने के लिए वीडियो विज्ञापन देखें
अगर आपके पास प्रीमियम मेंबरशिप है तो
विस्तार
विष्णुगाड-पीपलकोटी जलविद्युत परियोजना की निर्माणाधीन सुरंग में बृहस्पतिवार रात पानी और मलबा आने से हुए हादसे ने एक बार फिर परियोजना में श्रमिकों की सुरक्षा व्यवस्था पर सवाल खड़े कर दिए हैं। करीब तीन किलोमीटर लंबी सुरंग में यह पहली दुर्घटना नहीं है। आठ महीने पहले दिसंबर 2025 में भी सुरंग के भीतर दो लोको ट्रॉली आपस में टकरा गई थीं। हादसे में कई मजदूर घायल हुए थे।
जलविद्युत परियोजना की क्षमता 444 मेगावाट है और परियोजना का करीब 80 प्रतिशत कार्य पूरा हो चुका है। ऐसे में लगातार दूसरी दुर्घटना होना चिंता का विषय है। सुरंग के भीतर काम करने वाले श्रमिकों की सुरक्षा व्यवस्था, निगरानी और आपदा प्रबंधन की तैयारियों को लेकर सवाल उठ रहे हैं।
हालांकि परियोजना का संचालन कर रही टीएचडीसी ने मौजूदा घटना को भूगर्भीय आपदा बताया है। परियोजना प्रबंधन का कहना है कि अचानक पानी और मलबा आने की वजह से यह स्थिति बनी। प्रबंधन ने राहत एवं बचाव कार्य में सभी उपलब्ध संसाधनों को लगाया है।
ये भी पढ़ें...Tunnel Landslide: गले तक पानी और मलबे से भर गई आधी टनल; नीले ड्रमों के सहारे जवान रेस्क्यू में जुटे, तस्वीरें
इस जवाब से यह सवाल खड़ा होता है कि क्या सुरंग निर्माण के दौरान संभावित भूगर्भीय जोखिमों का पर्याप्त आकलन किया गया, क्या श्रमिकों की सुरक्षा के लिए निर्धारित मानकों का पालन हो रहा और दिसंबर में हुई दुर्घटना के बाद सुरक्षा व्यवस्था में किए गए जरूरी बदलाव लागू किए गए हैं।",hi,8/14/26 2:28,8/14/26 11:13,Chamoli,infrastructure|environment_disaster,,trafilatura,328
44ed6f06dfc66469de9c3e1db5e475333f955392,https://www.bhaskar.com/local/uttarakhand/dehradun/news/dehradun-cbi-court-uksssc-paper-leak-case-suman-khalid-sabiya-charges-138703262.html,https://bhaskar.com/local/uttarakhand/dehradun/news/dehradun-cbi-court-uksssc-paper-leak-case-suman-khalid-sabiya-charges-138703262.html,gnews_uksssc,Dainik Bhaskar,gnews,"UKSSSC पेपर लीक केस: सीबीआई कोर्ट ने सुमन, मोहम्मद खालिद और साबिया पर आरोप तय करने के लिए पर्याप्त आधार माना","UKSSSC पेपर लीक केस: सीबीआई कोर्ट ने सुमन, मोहम्मद खालिद और साबिया पर आरोप तय करने के लिए पर्याप्त आधार माना  Dainik Bhaskar","- Hindi News
- Local
- Uttarakhand
- Dehradun
- UKSSSC Paper Leak Case | Dehradun CBI Court Frames Charges Against Accused
UKSSSC पेपर लीक केस:सीबीआई कोर्ट ने सुमन, मोहम्मद खालिद और साबिया पर आरोप तय करने के लिए पर्याप्त आधार माना
- कॉपी लिंक
उत्तराखंड अधीनस्थ सेवा चयन आयोग की स्नातक स्तरीय परीक्षा पेपर लीक मामले में देहरादून की विशेष सीबीआई अदालत ने आरोपी सुमन, मोहम्मद खालिद और साबिया के खिलाफ आरोप तय करने के लिए जुटाए गए सभी सबूतों को पर्याप्त आधार माना है। विशेष न्यायाधीश (सीबीआई) मदन
आरोपी सुमन का दावा-उसे परीक्षा की जानकारी नहीं थी सुनवाई के दौरान आरोपी सुमन की ओर से बचाव में कहा गया कि वह परीक्षा में शामिल नहीं थी और उसे इस बात की जानकारी नहीं थी कि मोहम्मद खालिद उस दिन प्रतियोगी परीक्षा दे रहा है। उसके मुताबिक खालिद की बहन साबिया का पेपर होने की जानकारी मिलने पर उसने व्हाट्सएप पर भेजे गए कुछ बहुविकल्पीय प्रश्नों के जवाब परिचित होने के कारण भेजे थे। बाद में जब उसने खालिद को फोन किया तो फोन उसकी बहन साबिया ने उठाया। सुमन ने उससे परीक्षा के बारे में पूछा लेकिन उसे स्पष्ट जवाब नहीं मिला। बाद में अपनी बहन से पूछताछ कर उसे पता चला कि उसी दिन उत्तराखंड अधीनस्थ सेवा चयन आयोग की स्नातक स्तरीय परीक्षा थी।
सीबीआई ने कहा-प्रश्नपत्र पर क्यूआर कोड था सीबीआई की ओर से इस दलील का विरोध किया गया। अभियोजन ने अदालत को बताया कि सुमन को भेजे गए प्रश्न पत्र के तीन पेज पर परीक्षा का क्यूआर कोड साफ दिखाई दे रहा था। सुमन ने प्रश्न पत्र और अपने जवाब वाले व्हाट्सएप संदेश तत्काल मोबाइल से डिलीट कर दिए और पुलिस को सूचना देने के बजाय यह जानकारी बॉबी पंवार को भेजी। सीबीआई के मुताबिक यह तर्क स्वीकार नहीं किया जा सकता कि सुमन को उस दिन होने वाली परीक्षा की जानकारी नहीं थी।
परीक्षा केंद्र से बाहर जाकर खालिद ने खींची थी पेपर की तस्वीर कोर्ट के रिकॉर्ड के मुताबिक 21 सितंबर 2025 को उत्तराखंड अधीनस्थ सेवा चयन आयोग की स्नातक स्तरीय परीक्षा आयोजित हुई थी। मोहम्मद खालिद भी इस परीक्षा का अभ्यर्थी था। उसका परीक्षा केंद्र आदर्श बाल सदन इंटर कॉलेज, बहादुरपुर जट था। रिकॉर्ड के अनुसार परीक्षा शुरू होने के बाद करीब 11 से 11:30 बजे के बीच खालिद ने प्रश्न पत्र के तीन पेज की फोटो खींची। इसके बाद वह निरीक्षक की अनुमति लेकर वॉशरूम गया और करीब 10-15 मिनट बाद लौटा। इसी दौरान प्रश्न पत्र के तीन पेज सुमन के मोबाइल नंबर पर व्हाट्सएप के जरिए भेजे गए जिनमें से कुछ प्रश्नों के जवाब सुमन ने भेजे।
अदालत ने अपने आदेश में ये भी कहा कि भले ही सुमन को मोहम्मद खालिद के परीक्षा में बैठने की जानकारी न रही हो लेकिन परीक्षा की तारीख की सुबह मिले व्हाट्सएप मैसेज से यह स्पष्ट था कि उस दिन कोई प्रतियोगी परीक्षा हो रही थी। भेजे गए तीनों पेज वास्तविक प्रश्न पत्र थे और उन पर क्यूआर कोड भी दिखाई दे रहा था जिससे यह सामने आता है कि सुमन ने खालिद की बहन की परीक्षा में अनुचित सहयोग के उद्देश्य से प्रश्नों के उत्तर भेजे। अदालत ने इसे मामले की साजिश की एक महत्वपूर्ण कड़ी माना है।",hi,8/14/26 2:26,8/14/26 11:16,Dehradun,exam_paper_leak|investigation_justice,UKSSSC|uttarakhand|अधीनस्थ सेवा चयन आयोग|उत्तराखंड,trafilatura,527
814bbf763858d335effa3f5715bf68d5af3e419c,https://timesofindia.indiatimes.com/city/dehradun/ambala-sikh-community-protest-tear-gas-lathis-end-6-hour-nh-44-blockade-dsps-thumb-severed/articleshow/133227008.cms,https://timesofindia.indiatimes.com/city/dehradun/ambala-sikh-community-protest-tear-gas-lathis-end-6-hour-nh-44-blockade-dsps-thumb-severed/articleshow/133227008.cms,gnews_dehradun_en,The Times of India,gnews,"Ambala Sikh community protest: Tear gas, lathis end 6-hour NH-44 blockade; DSP's thumb severed","Ambala Sikh community protest: Tear gas, lathis end 6-hour NH-44 blockade; DSP's thumb severed  The Times of India","Sikh protesters blocked NH-44 for six hours after two youths were arrested.

AMBALA: At least six police personnel, including a DSP, were injured when a protest by Sikh groups over the arrest of two youths turned violent in Ambala on Thursday, prompting police to use lathicharge and tear gas to clear a six-hour blockade of NH-44. The protesters, numbering around 1,500-1,600 according to Haryana DGP Ajay Singhal, had gathered at Gurdwara Panjokhra Sahib before blocking the Delhi-bound stretch of the Panipat-Jalandhar and Chandigarh routes near Jaggi City Centre around 3pm. The blockade caused major traffic disruption on both sides of the highway. The protesters were demanding the release of Harvinder Singh and Anmol Singh, who were arrested after the August 7 confrontation involving International Anti-Khalistan Terrorist Front (IAKTF) chief Gursimran Singh Mand, his son Bhavjot Singh, Sikh youths and police personnel at Panjokhra Sahib. They also sought cancellation of the case against the two youths and action against Mand and Bhavjot. The agitation continued even after police registered an FIR against Mand and Bhavjot on a complaint by injured devotee Surinder Singh. The case, registered at Panjokhra Sahib police station at 4.52pm, invokes sections 109(1) (attempt to murder), 125(a) (act endangering life or personal safety), 281 (rash driving) and 61 (criminal conspiracy) of the Bharatiya Nyaya Sanhita. The protesters alleged that Mand's car, driven by Bhavjot, had run over devotees during Guru Harkrishan's Gurpurb celebrations and demanded stringent action against them. They also accused Mand, who has central paramilitary protection, of violating gurdwara protocol. A video that surfaced on Wednesday night purportedly shows Surinder trapped beneath Mand's car while police personnel and members of the Sikh community are at the spot. Members of the Sikh Sangat can be seen lifting the vehicle to rescue him. Surinder told police he remained trapped beneath the car for around 10 minutes. Police, however, said they were examining available video footage to establish the exact sequence of events. The protest was preceded by a gathering of Sikh organisations inside Gurdwara Panjokhra Sahib. A one-hour notice was given to the district administration to hold talks. HSGMC president Jagdish Singh Jhinda had initially suggested blocking the Panjokhra Sahib police station on NH-7, the Ambala-Dehradun highway, but the gathering decided to move towards NH-44. As protesters marched towards the GT Road, police put up barricades near NCC School on NH-344 to stop them and fired tear-gas shells. Traffic was disrupted on the Ambala-Dehradun highway, while Jhinda suffered an injury to his right hand during the daytime confrontation. Another group reached NH-44 through alternative routes, joined by protesters from nearby villages, and blocked the highway where traffic from Amritsar and Chandigarh merges towards Delhi. Police again used tear gas at NH-44, but protesters refused to disperse. Ambala SP Ajit Singh Shekhawat held multiple rounds of talks with Jhinda. Police later brought a copy of the FIR against Mand and Bhavjot to the protest site and told the protesters that their demands regarding action against Mand had been addressed. The administration, however, could not immediately release Harvinder and Anmol because their release had to follow court procedure. Shekhawat said they would be released within two days. He also assured the protesters that no further arrests would be made in the case. Jhinda insisted that the blockade would continue until the two youths were released and said it would be withdrawn once they were freed. According to police, the situation deteriorated as darkness fell. Shekhawat alleged that some people in the crowd were carrying spears, battle-axes, swords and other sharp weapons and began attacking police personnel. He also alleged that protesters snatched keys from several trucks to prevent the traffic jam from clearing. A gas tanker became a particular concern, police said, after protesters allegedly took the driver's keys and threatened him. Police said they repeatedly urged the protesters to allow the tanker through to avoid a possible accident, but the keys were allegedly taken away. DGP Singhal said police had initially exercised restraint and continued negotiations but were forced to act after stone-pelting and attacks on personnel. He said several policemen were injured while the road was being cleared and that cases would be registered against those found responsible for disrupting law and order. Among the injured were DSP Varinder Sharma, constables Rakshit and Naveen Kumar, Head Constable Sandeep Kumar, ASI Satish and ASI Pankaj. Sharma suffered a serious injury to his thumb, while Pankaj sustained injuries to his fingers. Some injured personnel were treated and discharged, while several remained hospitalised. Shekhawat said Sharma was attacked with a sharp-edged weapon, which he described as a 'farsa', and alleged that the attack left the DSP's thumb severely injured. He said police were identifying those involved in the attacks and would register FIRs against them. Police eventually launched the operation to clear NH-44 around 8.45pm, using lathicharge and heavy tear-gas shelling. The blockade ended around 9pm and the protesters dispersed. Demonstrators alleged that the police action injured several of them and damaged cars and two-wheelers. Jhinda was also injured during the police action. DGP Singhal later visited the Military Hospital and Civil Hospital in Ambala to meet the injured personnel and spoke to doctors about their treatment. He enquired about their condition and wished them a speedy recovery. Haryana Chief Minister Nayab Singh Saini also spoke to Jhinda over the phone and assured him that Harvinder and Anmol would be released within two days, while urging the protesters to lift the blockade. The protest was backed by several Sikh leaders and organisations. Shiromani Akali Dal Haryana president Harkesh Singh Mohri demanded cancellation of the FIR against the two youths before further talks and criticised the BJP-led Haryana government. He also questioned the government's treatment of turbaned Sikhs. Akali Dal Waris Punjab De acting president Tarsem Singh, father of Khadoor Sahib MP Amritpal Singh, and Dakha MLA Manpreet Singh Ayali attended the gathering and demanded the unconditional release of the arrested youths as well as stringent action against Mand and his son. Khatkar Khap Panchayat representative Harikesh Kaabarchaa also extended support to the protesters and sought action against those allegedly responsible for running over devotees. Harvinder and Anmol, both residents of Panjokhra Sahib, were arrested after the August 7 confrontation and sent to 14-day judicial custody. Their arrests became the immediate trigger for Thursday's agitation. With the highway cleared, there was no fresh announcement on the protesters' next course of action. Sources said Sikh organisations were likely to meet again after dispersing to safer locations to decide their future strategy.

End of Article",en,8/14/26 2:06,8/14/26 11:21,Dehradun,investigation_justice|protest_agitation|infrastructure|health_education|politics_governance,chief minister,newspaper4k,1091
83d9aa020e0df377142d169a21e920eac48068c4,https://www.jagran.com/uttarakhand/dehradun-city-uttarakhand-governor-universities-must-guide-youth-not-just-degree-40340043.html,https://jagran.com/uttarakhand/dehradun-city-uttarakhand-governor-universities-must-guide-youth-not-just-degree-40340043.html,gnews_protest_youth,jagran.com,gnews,"उत्तराखंड के राज्यपाल का कुलपतियों को संदेश, बोले- युवाओं को सही दिशा देना विश्वविद्यालयों के समक्ष बड़ी चुनौती - uttarakhand governor universities must guide youth not just degree","उत्तराखंड के राज्यपाल का कुलपतियों को संदेश, बोले- युवाओं को सही दिशा देना विश्वविद्यालयों के समक्ष बड़ी चुनौती - uttarakhand governor universities must guide youth not just degree  jagran.com","उत्तराखंड के राज्यपाल का कुलपतियों को संदेश, बोले- युवाओं को सही दिशा देना विश्वविद्यालयों के समक्ष बड़ी चुनौती
राज्यपाल गुरमीत सिंह ने कहा कि विश्वविद्यालयों को युवाओं को केवल डिग्री नहीं, बल्कि रोजगार और राष्ट्र निर्माण के लिए तैयार करना होगा। उन्होंने नई शिक् ...और पढ़ें
HighLights
- विश्वविद्यालयों को युवाओं को रोजगार और राष्ट्र निर्माण हेतु तैयार करना।
- नई शिक्षा नीति-2020 की भावना के अनुरूप शिक्षा व्यवस्था को आगे बढ़ाना।
- शोध, नवाचार और पेटेंट के व्यावसायीकरण पर विशेष ध्यान देना।
राज्य ब्यूरो, देहरादून। राज्यपाल लेफ्टिनेंट जनरल गुरमीत सिंह (सेनि) ने कहा कि विश्वविद्यालयों के सामने युवाओं को सही दिशा देने की बड़ी चुनौती है। विद्यार्थियों को केवल डिग्री देने के बजाय उन्हें रोजगार, उद्योग, समाज और राष्ट्र निर्माण के लिए तैयार करना होगा।
गुरुवार को लोक भवन में उन्होंने स्व वित्तपोषित (निजी) विश्वविद्यालयों के कुलपतियों के साथ बैठक में यह बात कही। बैठक में 14 विश्वविद्यालयों के कुलपतियों ने प्रतिभाग किया।
राज्यपाल ने कहा कि उच्च शिक्षण संस्थान नई शिक्षा नीति-2020 की भावना के अनुरूप शिक्षा व्यवस्था को आगे बढ़ाएं। युवाओं को नशे जैसी चुनौतियों से दूर रखने के लिए सकारात्मक वातावरण उपलब्ध कराने के साथ नैतिक मूल्यों, संस्कार, परंपराओं और चरित्र निर्माण पर भी ध्यान दिया जाए।
उन्होंने कहा कि 21वीं सदी में मेटावर्स, सेमीकंडक्टर, स्पेस, साइबर तकनीक और आर्टिफिशियल इंटेलिजेंस जैसी नई तकनीकों के साथ पर्यावरण संरक्षण भी महत्वपूर्ण चुनौती है।
विवि इन क्षेत्रों में अध्ययन और अनुसंधान को बढ़ावा दें। रिसर्च, पब्लिकेशन और साइटेशन पर विशेष ध्यान देने के साथ पेटेंट को केवल दर्ज कराने तक सीमित न रखकर उनके व्यावसायीकरण पर काम किया जाए।
राज्यपाल ने विश्वविद्यालयों को उत्तराखंड की आवश्यकताओं और संभावनाओं के अनुरूप शोध विषय तय करने को कहा, ताकि शोध प्रदेश के विकास में प्रत्यक्ष योगदान दे सके।
उन्होंने संस्थानों की विरासत और इतिहास को संरक्षित करने के लिए पुस्तक, फिल्म और काफी टेबल बुक तैयार करने का सुझाव दिया। बैठक में सचिव उच्च शिक्षा डॉ. बीवीआरसी पुरुषोत्तम समेत अन्य अधिकारी मौजूद रहे।
यह भी पढ़ें- नैनीताल के आवासीय विद्यालय में पीलिया से 20 बच्चे बीमार, 30 अगस्त तक स्कूल बंद",hi,8/14/26 0:30,8/14/26 11:18,Dehradun|Nainital,protest_agitation|health_education,governor|uttarakhand|उत्तराखंड|राज्यपाल,trafilatura,341
a817a7734540ef57c6f74067bf65b1cab763ddd2,https://newsonair.gov.in/uttarakhand-govt-introduces-e-swasthya-dham-for-real-time-health-monitoring-during-char-dham-yatra/,https://newsonair.gov.in/uttarakhand-govt-introduces-e-swasthya-dham-for-real-time-health-monitoring-during-char-dham-yatra,gnews_uttarakhand_en,Newsonair,gnews,Uttarakhand Govt Introduces ‘e-Swasthya Dham’ for Real-Time Health Monitoring During Char Dham Yatra,Uttarakhand Govt Introduces ‘e-Swasthya Dham’ for Real-Time Health Monitoring During Char Dham Yatra  Newsonair,"Uttarakhand government has made special health arrangements for this year’s Char Dham Yatra. The health of pilgrims visiting the Yatra will be monitored in real time through the ‘e-Swasthya Dham’ portal so that medical assistance can be provided immediately when required.

Experienced doctors and paramedical staff will be deployed at permanent and temporary medical units along the pilgrimage routes, major halting points and at all four Dhams. To deal with emergencies, 177 ambulances will be stationed along the Yatra routes, including 108 emergency service ambulances, advanced life support ambulances and cardiac ambulances.

In addition, one boat ambulance will be available in Tehri and a helicopter ambulance will also be deployed, which will be operated through AIIMS Rishikesh. Health Minister Dr. Dhan Singh Rawat said that the response time of ambulances along the Yatra routes will be kept to a minimum so that pilgrims can receive timely medical care.

For this, 25 medical relief posts and 33 health screening points have been set up along the pilgrimage routes, where health check-ups of devotees will be conducted and treatment will be provided if needed. To ensure better health services during the Yatra, specialist doctors, medical officers and paramedical staff will be deployed on a rotational basis.

Under this arrangement, 16 specialist doctors, 46 medical officers and 85 paramedical staff will be posted on a 15-day roster. In addition, 100 health volunteers will also be deployed along the Yatra routes.",en,8/13/26 22:49,8/14/26 10:15,Dehradun|Tehri Garhwal,health_education|tourism_religion,uttarakhand|uttarakhand government,newspaper4k,237
94cb98c3a63e6ed2c63a23d0a6d09f835b4ea022,https://www.amarujala.com/photo-gallery/dehradun/chamoli-tunnel-landslide-injured-workers-recounts-harrowing-scene-saving-their-life-from-debris-and-water-2026-08-14,https://amarujala.com/photo-gallery/dehradun/chamoli-tunnel-landslide-injured-workers-recounts-harrowing-scene-saving-their-life-from-debris-and-water-2026-08-14,amar_ujala_uttarakhand,Amar Ujala,rss,"Tunnel Landslide: घायल मजदूरों ने बताया भयावह मंजर; सब बचाओ-बचाओ चिल्ला रहे थे, ऑक्सीजन कम थी, हम बहकर आ गए",टीएचडीसी की टीआर टनल से बचकर बाहर आए घायल मजदूर सदमे में हैं। टनल में अचानक ऑक्सीजन लेवल कम होने से मजदूरों की सांस फूल रही थी।,"टीएचडीसी की टीआर टनल से बचकर बाहर आए घायल मजदूर सदमे में हैं। टनल में अचानक ऑक्सीजन लेवल कम होने से मजदूरों की सांस फूल रही थी। कांपते शब्दों में उन्होंने बताया कि जिस जगह पर भूस्खलन हुआ, वहां बुधवार को मिट्टी खिसक गई थी। इसके धंसने की आशंका थी। यह टनल दुर्गापुुर से सियासैंण तक करीब तीन किलोमीटर तक निर्मित हो रही है। हादसा करीब डेढ़ किमी पर हुआ है।
रहें हर खबर से अपडेट, डाउनलोड करें Android Hindi News App, iOS Hindi News App और Amarujala Hindi News APP अपने मोबाइल पे|
Get all India News in Hindi related to live update of politics, sports, entertainment, technology and education etc. Stay updated with us for all breaking news from India News and more news in Hindi.",hi,8/13/26 22:30,8/14/26 11:13,,infrastructure|environment_disaster,,trafilatura,128
7a0ae7bb95cad931bd2887b32390887629a62cc9,https://www.amarujala.com/dehradun/vikasnagaraccident-on-paonta-highway-car-crashes-near-mednipur-former-district-panchayat-president-critically-2026-08-14,https://amarujala.com/dehradun/vikasnagaraccident-on-paonta-highway-car-crashes-near-mednipur-former-district-panchayat-president-critically-2026-08-14,amar_ujala_uttarakhand,Amar Ujala,rss,"Vikasnagar: पांवटा हाईवे पर हादसा; मेदनीपुर के पास कार दुर्घटनाग्रस्त, पूर्व जिला पंचायत अध्यक्ष गंभीर घायल",शुक्रवार को बल्लूपुर-पांवटा राष्ट्रीय राजमार्ग पर मेदनीपुर के पास एक कार दुर्घटनाग्रस्त हो गई। कार में पूर्व जिला पंचायत अध्यक्ष मधु चौहान सवार थीं।,"Vikasnagar: पांवटा हाईवे पर हादसा; मेदनीपुर के पास कार दुर्घटनाग्रस्त, पूर्व जिला पंचायत अध्यक्ष गंभीर घायल
खबरें लगातार पढ़ने के लिए अमर उजाला एप डाउनलोड करें
या 
 वेबसाइट पर पढ़ना जारी रखने के लिए वीडियो विज्ञापन देखें
अगर आपके पास प्रीमियम मेंबरशिप है तो
विकासनगर में शुक्रवार को बल्लूपुर-पांवटा राष्ट्रीय राजमार्ग पर मेदनीपुर के पास एक कार दुर्घटनाग्रस्त हो गई। कार में पूर्व जिला पंचायत अध्यक्ष मधु चौहान सवार थीं। दुर्घटना में वह घायल हो गईं। उनके कंधे पर चोट बताई जा रही है।
कोतवाली प्रभारी प्रदीप रावत ने बताया पूर्व जिला पंचायत अध्यक्ष को उपचार के लिए धर्मावाला स्थित एक संस्था के अस्पताल में भर्ती करवाया गया है। अस्पताल में उनका उपचार चल रहा है।",hi,8/13/26 22:02,8/14/26 10:09,Dehradun,recruitment_jobs|infrastructure|health_education,,trafilatura,116
49937c9244d1dfe770c42228165324112ef60e54,https://www.amarujala.com/dehradun/boulder-falls-on-mp-anil-baluni-car-near-totaghati-devprayag-uttarakhand-news-2026-08-14,https://amarujala.com/dehradun/boulder-falls-on-mp-anil-baluni-car-near-totaghati-devprayag-uttarakhand-news-2026-08-14,amar_ujala_uttarakhand,Amar Ujala,rss,"Devprayag News:  तोताघाटी के पास सांसद अनिल बलूनी की कार पर गिरा बोल्डर, बाल-बाल बचे",चमोली जिले के पीपलकोटी में हुए टनल हादसे का जायजा लेने जा रहे गढ़वाल (पौड़ी) सांसद अनिल बलूनी की इनोवा कार पर तोताघाटी के समीप अचानक पहाड़ी से एक भारी-भरकम बोल्डर आ गिरा।,"{""_id"":""6a7edf9c00086b0a890cd959"",""slug"":""boulder-falls-on-mp-anil-baluni-car-near-totaghati-devprayag-uttarakhand-news-2026-08-14"",""type"":""story"",""status"":""publish"",""title_hn"":""Devprayag News: तोताघाटी के पास सांसद अनिल बलूनी की कार पर गिरा बोल्डर, बाल-बाल बचे"",""category"":{""title"":""City & states"",""title_hn"":""शहर और राज्य"",""slug"":""city-and-states""}}

Devprayag News: तोताघाटी के पास सांसद अनिल बलूनी की कार पर गिरा बोल्डर, बाल-बाल बचे

संवाद न्यूज एजेंसी, देवप्रयाग। Published by: Renu Saklani Updated Fri, 14 Aug 2026 03:00 PM IST

सार

तोताघाटी के पास सांसद अनिल बलूनी की कार पर बोल्डर गिर गया। बलूनी यहां क्षेत्र भ्रमण पर निकले थे।

विज्ञापन

खबरें लगातार पढ़ने के लिए अमर उजाला एप डाउनलोड करें

या

वेबसाइट पर पढ़ना जारी रखने के लिए वीडियो विज्ञापन देखें

अगर आपके पास प्रीमियम मेंबरशिप है तो

विस्तार

चमोली जिले के पीपलकोटी में हुए टनल हादसे का जायजा लेने जा रहे गढ़वाल (पौड़ी) सांसद अनिल बलूनी की इनोवा कार पर तोताघाटी के समीप अचानक पहाड़ी से एक भारी-भरकम बोल्डर आ गिरा। इस दुर्घटना में सांसद अनिल बलूनी समेत वाहन में सवार सभी लोग बाल-बाल बच गए। गनीमत रही कि किसी को गंभीर चोट नहीं आई।

विज्ञापन

मिली जानकारी के अनुसार, सांसद अनिल बलूनी पीपलकोटी टनल हादसे के प्रभावित क्षेत्र का स्थलीय निरीक्षण करने और पीड़ितों का हाल जानने के लिए जा रहे थे। जैसे ही उनका वाहन ऋषिकेश-बदरीनाथ राष्ट्रीय राजमार्ग पर स्थित तोताघाटी के पास पहुंचा, अचानक पहाड़ी से मलबा और एक बड़ा बोल्डर उनकी इनोवा गाड़ी पर आ गिरा। बोल्डर गिरने से वाहन क्षतिग्रस्त हो गया, लेकिन गाड़ी में सवार सभी यात्री सुरक्षित रहे।

विज्ञापन

ये भी पढ़ें...चमोली टनल हादसा: दो दिन से गिर रहा था मलबा, परियोजना प्रबंधन ने किया अनदेखा, दहला देने वाला था मंजर, तस्वीरें

विज्ञापन

विज्ञापन

श्रीनगर भाजपा मंडल अध्यक्ष विनय घिल्डियाल ने घटना की पुष्टि करते हुए बताया कि ईश्वर की कृपा से सांसद और उनका अमला पूरी तरह सुरक्षित है। घटना के तुरंत बाद वाहन की आवश्यक मरम्मत कराई गई। वाहन की स्थिति सामान्य होने के बाद वे श्रीनगर से होते हुए पीपलकोटी टनल दुर्घटनाग्रस्त क्षेत्र के लिए आगे रवाना हो गए।

विज्ञापन

विज्ञापन",hi,8/13/26 21:30,8/14/26 10:09,Dehradun|Pauri Garhwal|Tehri Garhwal|Chamoli,infrastructure|politics_governance,uttarakhand|गढ़वाल,newspaper4k,313
1a994622bb2ef171cd751f4fe3b40b52de734529,https://www.amarujala.com/dehradun/cm-dhami-spoke-to-the-chief-ministers-of-jharkhand-and-chhattisgarh-over-the-phone-chamoli-tunnel-landslide-2026-08-14,https://amarujala.com/dehradun/cm-dhami-spoke-to-the-chief-ministers-of-jharkhand-and-chhattisgarh-over-the-phone-chamoli-tunnel-landslide-2026-08-14,amar_ujala_uttarakhand,Amar Ujala,rss,"चमोली टनल हादसा: सीएम धामी ने झारखंड-छत्तीसगढ़ के मुख्यमंत्रियों से की फोन पर बात, श्रमिकों की स्थिति बताई",मुख्यमंत्री पुष्कर सिंह धामी ने पीपलकोटी टनल हादसे को लेकर झारखंड और छत्तीसगढ़ के मुख्यमंत्री से दूरभाष पर वार्ता कर श्रमिकों की स्थिति से अवगत कराया।,"{""_id"":""6a7edcf2788a3cb19701ca0e"",""slug"":""cm-dhami-spoke-to-the-chief-ministers-of-jharkhand-and-chhattisgarh-over-the-phone-chamoli-tunnel-landslide-2026-08-14"",""type"":""story"",""status"":""publish"",""title_hn"":""चमोली टनल हादसा: सीएम धामी ने झारखंड-छत्तीसगढ़ के मुख्यमंत्रियों से की फोन पर बात, श्रमिकों की स्थिति बताई"",""category"":{""title"":""City & states"",""title_hn"":""शहर और राज्य"",""slug"":""city-and-states""}}

चमोली टनल हादसा: सीएम धामी ने झारखंड-छत्तीसगढ़ के मुख्यमंत्रियों से की फोन पर बात, श्रमिकों की स्थिति बताई

संवाद न्यूज एजेंसी, गोपेश्वर (चमोली) Published by: Renu Saklani Updated Fri, 14 Aug 2026 02:53 PM IST

सार

चमोली टनल हादसे को लेकर सीएम धामी ने झारखंड-छत्तीसगढ़ के मुख्यमंत्रियों से फोन पर बात की। उन्होंने श्रमिकों की स्थिति के बारे में राज्यों के मुख्यमंत्रियों को अवगत कराया।

विज्ञापन

खबरें लगातार पढ़ने के लिए अमर उजाला एप डाउनलोड करें

या

वेबसाइट पर पढ़ना जारी रखने के लिए वीडियो विज्ञापन देखें

अगर आपके पास प्रीमियम मेंबरशिप है तो

विस्तार

मुख्यमंत्री पुष्कर सिंह धामी ने पीपलकोटी टनल हादसे को लेकर झारखंड और छत्तीसगढ़ के मुख्यमंत्री से दूरभाष पर वार्ता कर श्रमिकों की स्थिति से अवगत कराया। उन्होंने प्रभावित श्रमिकों को हरसंभव सहायता का भरोसा दिया।

विज्ञापन

मुख्यमंत्री ने कहा कि रेस्क्यू किए गए श्रमिकों के उपचार में किसी प्रकार की कोई कमी नहीं रखी जा रही है। उन्हें तत्काल चिकित्सा सुविधा उपलब्ध कराई गई है। आवश्यकता के अनुरूप विशेषज्ञ उपचार, दवाइयों, आवास, भोजन और अन्य आवश्यक व्यवस्थाएं भी सुनिश्चित की जा रही हैं।

विज्ञापन

ये भी पढे़ं...चमोली टनल हादसा: दो दिन से गिर रहा था मलबा, परियोजना प्रबंधन ने किया अनदेखा, दहला देने वाला था मंजर, तस्वीरें

विज्ञापन

विज्ञापन

उन्होंने कहा कि यदि किसी श्रमिक को उच्च चिकित्सा संस्थान में रेफर करने की आवश्यकता होगी तो उसके लिए भी समुचित व्यवस्था की जाएगी। उन्होंने दोनों मुख्यमंत्रियों को भरोसा दिया कि उनके राज्य के प्रत्येक प्रभावित श्रमिकों को हरसंभव सहायता उपलब्ध कराई जा रही है।

विज्ञापन

विज्ञापन",hi,8/13/26 21:23,8/14/26 10:09,Chamoli,infrastructure|environment_disaster|politics_governance,dhami|धामी|पुष्कर सिंह धामी|मुख्यमंत्री,newspaper4k,273
e66be99ba9d5ff0fcbe5330cbac96025a32a596a,https://www.amarujala.com/uttarakhand/bageshwar/teenager-gives-birth-to-a-child-in-bageshwar-2026-08-14,https://amarujala.com/uttarakhand/bageshwar/teenager-gives-birth-to-a-child-in-bageshwar-2026-08-14,amar_ujala_uttarakhand,Amar Ujala,rss,"Uttarakhand News: 17 साल की किशोरी बनी मां, आरोपी युवक पर पॉक्सो का केस दर्ज; पुलिस ने शुरू की जांच","कपकोट में 17 वर्षीय नाबालिग ने प्रसव दिया, जिसके बाद स्वास्थ्य बिगड़ने पर उसे सीएचसी कपकोट से जिला अस्पताल रेफर किया गया। पुलिस ने मामले का संज्ञान लेते हुए आरोपी युवक के खिलाफ पॉक्सो एक्ट समेत अन्य धाराओं में प्राथमिकी दर्ज कर जांच शुरू कर दी है।","{""_id"":""6a7edc179e93d2f97b0eaff5"",""slug"":""teenager-gives-birth-to-a-child-in-bageshwar-2026-08-14"",""type"":""story"",""status"":""publish"",""title_hn"":""Uttarakhand News: 17 साल की किशोरी बनी मां, आरोपी युवक पर पॉक्सो का केस दर्ज; पुलिस ने शुरू की जांच"",""category"":{""title"":""City & states"",""title_hn"":""शहर और राज्य"",""slug"":""city-and-states""}}

Uttarakhand News: 17 साल की किशोरी बनी मां, आरोपी युवक पर पॉक्सो का केस दर्ज; पुलिस ने शुरू की जांच

अमर उजाला नेटवर्क, बागेश्वर Published by: Heera Updated Fri, 14 Aug 2026 02:43 PM IST

सार

कपकोट में 17 वर्षीय नाबालिग ने प्रसव दिया, जिसके बाद स्वास्थ्य बिगड़ने पर उसे सीएचसी कपकोट से जिला अस्पताल रेफर किया गया। पुलिस ने मामले का संज्ञान लेते हुए आरोपी युवक के खिलाफ पॉक्सो एक्ट समेत अन्य धाराओं में प्राथमिकी दर्ज कर जांच शुरू कर दी है।

विज्ञापन

खबरें लगातार पढ़ने के लिए अमर उजाला एप डाउनलोड करें

या

वेबसाइट पर पढ़ना जारी रखने के लिए वीडियो विज्ञापन देखें

अगर आपके पास प्रीमियम मेंबरशिप है तो

विस्तार

बागेश्वर जिले के कपकोट तहसील क्षेत्र में एक 17 वर्षीय नाबालिग किशोरी के मां बनने का मामला सामने आया है। सीएचसी कपकोट में प्रसव के बाद किशोरी को स्वास्थ्य संबंधी परेशानियां होने पर जिला अस्पताल रेफर किया गया है। कपकोट पुलिस ने मामले का संज्ञान लेते हुए आरोपी युवक के खिलाफ पॉक्सो एक्ट समेत अन्य धाराओं में प्राथमिकी दर्ज कर जांच शुरू कर दी है।

विज्ञापन

बीते बुधवार को कपकोट तहसील क्षेत्र की एक 17 वर्षीय नाबालिग किशोरी को प्रसव के लिए सामुदायिक स्वास्थ्य केंद्र कपकोट लाया गया, जहां उसने एक स्वस्थ बच्चे को जन्म दिया। प्रसव के दौरान अस्पताल प्रशासन को किशोरी के नाबालिग होने की जानकारी हुई। इसके बाद सीएचसी प्रबंधन ने तुरंत इसकी सूचना कपकोट थाना पुलिस को दी। बृहस्पतिवार को प्रसव के बाद प्रसूता किशोरी की तबीयत बिगड़ने पर डॉक्टरों ने प्राथमिक उपचार के बाद उसे बेहतर देखभाल के लिए जिला अस्पताल बागेश्वर रेफर कर दिया। वर्तमान में नवजात और प्रसूता दोनों चिकित्सकों की निगरानी में स्वस्थ्य हैं। पुलिस ने अस्पताल से मिली सूचना के आधार पर मामले की प्राथमिक जांच की और बांसे गांव निवासी आरोपी कवींद्र राम के खिलाफ पॉक्सो एक्ट की संबंधित धाराओं में मुकदमा दर्ज कर लिया है।

विज्ञापन

सीएचसी कपकोट से नाबालिग के प्रसव संबंधी सूचना प्राप्त हुई थी। मामले की जांच के बाद आरोपी कवींद्र राम निवासी बांसे के खिलाफ पॉक्सो एक्ट के तहत प्राथमिकी दर्ज कर ली गई है। आरोपी की गिरफ्तारी के लिए पुलिस टीम संभावित ठिकानों पर लगातार दबिश दे रही है, जल्द ही उसे गिरफ्तार कर लिया जाएगा। -जितेंद्र मेहरा, एसपी बागेश्वर

विज्ञापन

विज्ञापन

विज्ञापन

विज्ञापन",hi,8/13/26 21:13,8/14/26 10:09,Bageshwar,investigation_justice|infrastructure|health_education,uttarakhand,newspaper4k,397
33ae3d7ec8d260102e217bb22e8a1b611109dec1,https://www.amarujala.com/dehradun/badrinath-sheshnetra-lake-begins-to-dry-up-water-level-did-not-rise-even-during-the-rains-2026-08-14,https://amarujala.com/dehradun/badrinath-sheshnetra-lake-begins-to-dry-up-water-level-did-not-rise-even-during-the-rains-2026-08-14,amar_ujala_uttarakhand,Amar Ujala,rss,"Uttarakhand: बदरीनाथ में सूखने लगी शेषनेत्र झील, बारिश में भी नहीं बढ़ा जलस्तर, मामले का पीएमओ ने लिया संज्ञान",बदरीनाथ धाम में तीर्थयात्रियों के आकर्षण का प्रमुख केंद्र रही शेषनेत्र झील अब सूखने के कगार पर पहुंच गई है।,"Uttarakhand: बदरीनाथ में सूखने लगी शेषनेत्र झील, बारिश में भी नहीं बढ़ा जलस्तर, मामले का पीएमओ ने लिया संज्ञान
बदरीनाथ में शेषनेत्र झील सूखने लगी है। झील में पानी कम होने के साथ ही बड़ी मात्रा में गाद जमा होने की स्थिति सामने आई। इसके बाद पीएमओ ने मामले का संज्ञान लेते हुए शासन से जानकारी मांगी।
खबरें लगातार पढ़ने के लिए अमर उजाला एप डाउनलोड करें
या 
 वेबसाइट पर पढ़ना जारी रखने के लिए वीडियो विज्ञापन देखें
अगर आपके पास प्रीमियम मेंबरशिप है तो
विस्तार
बदरीनाथ धाम में तीर्थयात्रियों के आकर्षण का प्रमुख केंद्र रही शेषनेत्र झील अब सूखने के कगार पर पहुंच गई है। लगातार बारिश के बावजूद झील का जलस्तर नहीं बढ़ रहा है। मामले का प्रधानमंत्री कार्यालय (पीएमओ) ने संज्ञान लिया है।
बीते दिनों पीएमओ की सैटेलाइट तस्वीरों में झील में कम पानी और गाद जमा होने की स्थिति सामने आने के बाद शासन से कारण पूछा गया है। बदरीनाथ में दो झील हैं। अराइवल प्लाजा के समीप शेषनेत्र झील है और माणा रोड पर बदरीश झील स्थित है। बदरीश झील में भी पूरी तरह शैवाल जमा हो गया है।
सैटेलाइट तस्वीरों से सामने आई स्थिति
पीएमओ की ओर से बदरीनाथ धाम की शेषनेत्र झील की सैटेलाइट तस्वीरें ली गईं। इनमें झील में पानी कम होने के साथ ही बड़ी मात्रा में गाद जमा होने की स्थिति सामने आई। इसके बाद पीएमओ ने मामले का संज्ञान लेते हुए शासन से जानकारी मांगी।
झील की सफाई का काम शुरू
पीएमओ के निर्देश के बाद जिला प्रशासन ने झील की सफाई शुरू करा दी है। बनारस की एक संस्था के माध्यम से झील में जमा गाद और अन्य सामग्री को हटाने का कार्य कराया जा रहा है।
ये भी पढे़ं...चमोली टनल हादसा: दो दिन से गिर रहा था मलबा, परियोजना प्रबंधन ने किया अनदेखा, दहला देने वाला था मंजर, तस्वीरें
प्राकृतिक जलस्रोतों की भी होगी जांच
प्रशासन यह भी जांच कर रहा है कि बदरीनाथ मास्टर प्लान के तहत हुए निर्माण कार्यों से शेषनेत्र झील के प्राकृतिक जलस्रोत प्रभावित तो नहीं हुए हैं। जलस्तर कम होने के वास्तविक कारणों का पता लगाने के लिए स्थिति का अध्ययन किया जा रहा है।",hi,8/13/26 21:06,8/14/26 10:09,Chamoli,investigation_justice|infrastructure|tourism_religion|politics_governance,uttarakhand,trafilatura,353
d9dbea53fdd428431d40e7ffd96bfe2aed2da06a,https://www.amarujala.com/dehradun/train-operations-to-be-halted-for-four-hours-work-on-dehradun-news-c-5-1-drn1089-1042011-2026-08-14,https://amarujala.com/dehradun/train-operations-to-be-halted-for-four-hours-work-on-dehradun-news-c-5-1-drn1089-1042011-2026-08-14,amar_ujala_dehradun,Amar Ujala,rss,"Dehradun News: चार घंटे थमे रहेंगे ट्रेनों के पहिए, दून-रायवाला रेल लाइन बदलने काम अभी अधूरा",Train operations to be halted for four hours; work on,"{""_id"":""6a7e2df059c189460c00c466"",""slug"":""train-operations-to-be-halted-for-four-hours-work-on-dehradun-news-c-5-1-drn1089-1042011-2026-08-14"",""type"":""story"",""status"":""publish"",""title_hn"":""Dehradun News: चार घंटे थमे रहेंगे ट्रेनों के पहिए, दून-रायवाला रेल लाइन बदलने काम अभी अधूरा"",""category"":{""title"":""City & states"",""title_hn"":""शहर और राज्य"",""slug"":""city-and-states""}}
    Dehradun News: चार घंटे थमे रहेंगे ट्रेनों के पहिए, दून-रायवाला रेल लाइन बदलने काम अभी अधूरा
    विज्ञापन
    
        
    
     
   
        
        
        
    
      
            खबरें लगातार पढ़ने के लिए अमर उजाला एप डाउनलोड करें
या 
 वेबसाइट पर पढ़ना जारी रखने के लिए वीडियो विज्ञापन देखें
अगर आपके पास प्रीमियम मेंबरशिप है तो
                                                 
                दून-रायवाला के बीच रेल लाइन बदलने का काम 13 अगस्त यानी अपनी तय समयावधि में पूरा नहीं हो पाया है। रेलवे की ओर से आदेश जारी कर समयावधि को चार महीने के लिए आगे बढ़ाया गया है। ऐसे में आने वाले समय में भी रात 12 बजे के बाद चार घंटे तक ट्रेनों का संचालन नहीं हो सकेगा। इसकी वजह से तीन ट्रेनों के संचालन पर असर पड़ रहा है।
                                
                
                
                 
                    
                        
                                                                                        
                             
                                         
     
                                       
                                                                    
                                
                                                                                                               
                                                    
                            
                                 
                                
                               
                                                                                
                                                                                
                                 
                
गौरतलब है कि इसी वर्ष 10 मार्च को देहरादून से रायवाला के बीच रेल लाइन बदलने का काम शुरू किया गया था। इस काम को 13 अगस्त तक पूरा किया जाना था। काम के लिए रात 12 बजे के बाद चार घंटे के लिए ट्रेनों का संचालन भी पूरी तरह रोका गया था। इसकी वजह से काठगोदाम-देहरादून, नंदादेवी-देहरादून और जनशताब्दी के संचालन पर असर पड़ रहा है।    
             
                                                
                            
                                 
                                
                               
                                                                                
                                                                 
                
                                
                
                
                                
                                
                                                                                                               
                                                    
                            
                                 
                                
                               
                                                
                                                                 
                
यात्रियों को भी खासी दिक्कतों का सामना करना पड़ रहा है। यात्रियों को यह परेशानी अब आगे भी उठानी पड़ेगी। तय समय में काम पूरा न होने के चलते समयावधि को बढ़ाकर दिसंबर 2026 किया गया है। कार्यदायी संस्था की ओर से काम में देरी की वजह विपरीत मौसमीय परिस्थितियों को बताया गया है। इसके अलावा रेल लाइन जंगल के बीचो-बीच होने की वजह से भी कई दिक्कतों को सामना करना पड़ रहा है। मजदूर काम पर जाने से डर रहे हैं।
                    विज्ञापन 
                    
                    
                        
                    
                    
                        
                    
                    
                                                                               
                                                             
                        
                                
                                                                 
                
                                
                
                
                                
                                
                                                                                                               
                                                    
                         
            -- -- -- -- -- -- -- -- -- 
                                
                
                
                                
                                
                                                                                                               
                                                    
                            
                                 
                                
                               
                                                
                                                                 
                
                                
                
                
                                
                                
                                                                                                               
                                                    
                            
                                 
                                
                               
                                                
                                                                 
                
40 किलोमीटर की लाइन है बदलने के लिए
अधिकारियों के मुताबिक देहरादून से रायवाला तक करीब 40 किलोमीटर की रेल लाइन बदली जानी है। जहां पर लाइन सीधी है वहां पर रेलवे की ओर से एक दिन में 500 मीटर लाइन बदलने का लक्ष्य तय किया गया है। जहां लाइन टेढ़ी हैं वहां पर 250 मीटर प्रति दिन बदलने का लक्ष्य है। वर्तमान में करीब 50 प्रतिशत काम शेष है।
                                
                
                
                                
                                
                                                                                                               
                                                    
                            
                                                                                
                                
                
                
                                
                                
                                                                                                               
                                                    
                            
                                 
                                
                               
                                                
                                                                 
                -- -- -- -- -- -- -- -- -- -- -
                                
                
                
                                
                                
                                                                                                               
                                                    
                            
                                 
                                
                               
                                                
                                                                 
                
20 वर्ष में बदला जाता है ट्रैक
                                
                
                
                                
                                
                                                                                                               
                                                    
                            
                                 
                                
                               
                                                
                                                                 
                
तकनीकी संवर्ग के रेलवे अधिकारियों की मानें तो रेलवे ट्रैक को आमतौर पर 20 से 25 वर्ष या तयशुदा ग्रॉस मिलियन टन (जीएमटी) की क्षमता पूरी होने के बाद बदला जाता है। लगातार भारी ट्रेनों के गुजरने से लोहे की पटरी और स्लीपर घिस जाते हैं, धातु कमजोर हो जाती है और दरारें आने का खतरा बढ़ जाता है। सुरक्षा और तेज गति बनाए रखने के लिए यह नवीनीकरण जरूरी है। हादसों से बचने और वंदे भारत जैसी आधुनिक सेमी-हाई-स्पीड ट्रेनों को सुरक्षित व 110-130 किमी/घंटा से अधिक गति से चलाने के लिए मजबूत ट्रैक आवश्यक है।
                                
                
                
                                
                                
                                                                                                               
                                                    
                            
                                 
                                
                               
                                                
                                                                 
                -- -- -- -- -- -- -- -- -- -- -- 
                                
                
                
                                
                                
                                                                                                               
                                                    
                            
                                 
                                
                               
                                                
                                                                 
                
                                
                
                
                                
                                
                                                                                                               
                                                    
                            
                                 
                                
                               
                                                
                                                                 
                
कोट-
ट्रैक को पूरा बदलने के लिए काम में तेजी लाने के निर्देश दिए गए हैं। बारिश की वजह से काम पर असर पड़ रहा है। तय की गई नई समयावधि में काम पूरा होने की उम्मीद है। - महेश यादव, वरिष्ठ वाणिज्य प्रबंधक, मुरादाबाद मंडल
                                
                
                
                                
                                
                                                                                                               
                                                    
                            
                                 
                                
                               
                                                
                                                                 
                 
                                
                                
                
                
                                
                                
                                                                                                               
                                                    
                            
                                 
                                
                               
                                                
                                                
                                
                
                                                                
                               
                                                        
        
विज्ञापन
 
    गौरतलब है कि इसी वर्ष 10 मार्च को देहरादून से रायवाला के बीच रेल लाइन बदलने का काम शुरू किया गया था। इस काम को 13 अगस्त तक पूरा किया जाना था। काम के लिए रात 12 बजे के बाद चार घंटे के लिए ट्रेनों का संचालन भी पूरी तरह रोका गया था। इसकी वजह से काठगोदाम-देहरादून, नंदादेवी-देहरादून और जनशताब्दी के संचालन पर असर पड़ रहा है।
                विज्ञापन
                
                    
                
            
            यात्रियों को भी खासी दिक्कतों का सामना करना पड़ रहा है। यात्रियों को यह परेशानी अब आगे भी उठानी पड़ेगी। तय समय में काम पूरा न होने के चलते समयावधि को बढ़ाकर दिसंबर 2026 किया गया है। कार्यदायी संस्था की ओर से काम में देरी की वजह विपरीत मौसमीय परिस्थितियों को बताया गया है। इसके अलावा रेल लाइन जंगल के बीचो-बीच होने की वजह से भी कई दिक्कतों को सामना करना पड़ रहा है। मजदूर काम पर जाने से डर रहे हैं।
विज्ञापन
    
                                    
                            
                                 
                                
                               
                                                                                                        40 किलोमीटर की लाइन है बदलने के लिए
अधिकारियों के मुताबिक देहरादून से रायवाला तक करीब 40 किलोमीटर की रेल लाइन बदली जानी है। जहां पर लाइन सीधी है वहां पर रेलवे की ओर से एक दिन में 500 मीटर लाइन बदलने का लक्ष्य तय किया गया है। जहां लाइन टेढ़ी हैं वहां पर 250 मीटर प्रति दिन बदलने का लक्ष्य है। वर्तमान में करीब 50 प्रतिशत काम शेष है।
20 वर्ष में बदला जाता है ट्रैक
तकनीकी संवर्ग के रेलवे अधिकारियों की मानें तो रेलवे ट्रैक को आमतौर पर 20 से 25 वर्ष या तयशुदा ग्रॉस मिलियन टन (जीएमटी) की क्षमता पूरी होने के बाद बदला जाता है। लगातार भारी ट्रेनों के गुजरने से लोहे की पटरी और स्लीपर घिस जाते हैं, धातु कमजोर हो जाती है और दरारें आने का खतरा बढ़ जाता है। सुरक्षा और तेज गति बनाए रखने के लिए यह नवीनीकरण जरूरी है। हादसों से बचने और वंदे भारत जैसी आधुनिक सेमी-हाई-स्पीड ट्रेनों को सुरक्षित व 110-130 किमी/घंटा से अधिक गति से चलाने के लिए मजबूत ट्रैक आवश्यक है।
कोट-
ट्रैक को पूरा बदलने के लिए काम में तेजी लाने के निर्देश दिए गए हैं। बारिश की वजह से काम पर असर पड़ रहा है। तय की गई नई समयावधि में काम पूरा होने की उम्मीद है। - महेश यादव, वरिष्ठ वाणिज्य प्रबंधक, मुरादाबाद मंडल",hi,8/13/26 20:49,8/14/26 11:13,Dehradun,environment_disaster,,trafilatura,908
4a834052d5aae6488e3a4d7c5aa14929b4ea52b1,https://www.amarujala.com/dehradun/fraud-worth-crores-involving-land-power-of-attorney-cancelled-dehradun-news-c-5-1-drn1089-1042010-2026-08-14,https://amarujala.com/dehradun/fraud-worth-crores-involving-land-power-of-attorney-cancelled-dehradun-news-c-5-1-drn1089-1042010-2026-08-14,amar_ujala_dehradun,Amar Ujala,rss,"Dehradun News: जमीन के नाम पर 2.12 करोड़ की ठगी, रजिस्ट्री से पहले मुख्तारनामा निरस्त",Fraud worth crores involving land; Power of Attorney cancelled,"{""_id"":""6a7e2dea61c9603fa50fd66f"",""slug"":""fraud-worth-crores-involving-land-power-of-attorney-cancelled-dehradun-news-c-5-1-drn1089-1042010-2026-08-14"",""type"":""story"",""status"":""publish"",""title_hn"":""Dehradun News: जमीन के नाम पर 2.12 करोड़ की ठगी, रजिस्ट्री से पहले मुख्तारनामा निरस्त"",""category"":{""title"":""City & states"",""title_hn"":""शहर और राज्य"",""slug"":""city-and-states""}}
    Dehradun News: जमीन के नाम पर 2.12 करोड़ की ठगी, रजिस्ट्री से पहले मुख्तारनामा निरस्त
    विज्ञापन
    
        
    
     
   
        
        
        
    
      
            खबरें लगातार पढ़ने के लिए अमर उजाला एप डाउनलोड करें
या 
 वेबसाइट पर पढ़ना जारी रखने के लिए वीडियो विज्ञापन देखें
अगर आपके पास प्रीमियम मेंबरशिप है तो
                                                 
                मेहूंवाला में जमीन का सौदा कर 2.12 करोड़ रुपये से अधिक हड़पने की घटना सामने आई है। इस ठगी का शिकार कई लोग हुए हैं। पीड़ितों का आरोप है कि सहखातेदार की जमीन को अपनी बताकर पिता-पुत्र ने 2.20 करोड़ रुपये में सौदा किया। रकम का अधिकांश हिस्सा लेने के बाद रजिस्ट्री से मुकर गए। पटेलनगर कोतवाली पुलिस ने तहरीर के आधार पर प्राथमिकी दर्ज कर मामले की जांच शुरू कर दी है।
                                
                
                
                 
                    
                        
                                                                                        
                             
                                         
     
                                       
                                                                    
                                
                                                                                                               
                                                    
                            
                                 
                                
                               
                                                                                
                                                                                
                                 
                
मेहूंवाला माफी निवासी सलीम अहमद, आबिद अली, वसीम अहमद, नसीम अहमद और इन्फिनिटी वैलनेस इंडिया कंपनी के अधिकृत हस्ताक्षरकर्ता ऋषभ जैन ने पुलिस को दी तहरीर में बताया कि वर्ष 2023 में उन्होंने मेहूंवाला में जमीन खरीदी थी।    
             
                                                
                            
                                 
                                
                               
                                                                                
                                                                 
                
                                
                
                
                                
                                
                                                                                                               
                                                    
                            
                                 
                                
                               
                                                
                                                                 
                
इसी दौरान सहखातेदार कमरूद्दीन उर्फ नसरूद्दीन ने भी जमीन बेचने की बात कही। बातचीत के बाद सौदा 2.20 करोड़ सात हजार रुपये में तय हुआ। उन्होंने नकद, चेक और आरटीजीएस के माध्यम से भुगतान किया। इसके अलावा 37 लाख रुपये से अधिक कीमत का एक प्लॉट भी दिया। इस तरह कुल 2.12 करोड़ 36 हजार रुपये का भुगतान किया गया। शेष 7.71 लाख रुपये बैनामे के समय देने थे।
                    विज्ञापन 
                    
                    
                        
                    
                    
                        
                    
                    
                                                                               
                                                             
                        
                                
                                                                 
                
                                
                
                
                                
                                
                                                                                                               
                                                    
                         
            
                                
                
                
                                
                                
                                                                                                               
                                                    
                            
                                                                                
पीड़ितों ने धमकी देने का भी आरोप लगाया है। इंस्पेक्टर पटेलनगर विनोद गुसाईं ने बताया कि कमरूद्दीन उर्फ नसरूद्दीन और जमील अहमद के खिलाफ धोखाधड़ी, अमानत में खयानत समेत संबंधित धाराओं में प्राथमिकी दर्ज की गई है। आरोपियों की तलाश की जा रही है।
                                
                
                
                                
                                
                                                                                                               
                                                    
                            
                                 
                                
                               
                                                                                
                                                
                                
                
                                                                
                               
                                                        
        
विज्ञापन
 
    मेहूंवाला माफी निवासी सलीम अहमद, आबिद अली, वसीम अहमद, नसीम अहमद और इन्फिनिटी वैलनेस इंडिया कंपनी के अधिकृत हस्ताक्षरकर्ता ऋषभ जैन ने पुलिस को दी तहरीर में बताया कि वर्ष 2023 में उन्होंने मेहूंवाला में जमीन खरीदी थी।
                विज्ञापन
                
                    
                
            
            इसी दौरान सहखातेदार कमरूद्दीन उर्फ नसरूद्दीन ने भी जमीन बेचने की बात कही। बातचीत के बाद सौदा 2.20 करोड़ सात हजार रुपये में तय हुआ। उन्होंने नकद, चेक और आरटीजीएस के माध्यम से भुगतान किया। इसके अलावा 37 लाख रुपये से अधिक कीमत का एक प्लॉट भी दिया। इस तरह कुल 2.12 करोड़ 36 हजार रुपये का भुगतान किया गया। शेष 7.71 लाख रुपये बैनामे के समय देने थे।
विज्ञापन
    
                                    
                            
                                 
                                
                               
                                                                                                        पीड़ितों ने धमकी देने का भी आरोप लगाया है। इंस्पेक्टर पटेलनगर विनोद गुसाईं ने बताया कि कमरूद्दीन उर्फ नसरूद्दीन और जमील अहमद के खिलाफ धोखाधड़ी, अमानत में खयानत समेत संबंधित धाराओं में प्राथमिकी दर्ज की गई है। आरोपियों की तलाश की जा रही है।",hi,8/13/26 20:49,8/14/26 11:13,Dehradun,,,trafilatura,442
371dd52ae1557bba8584b6eae3c2da9d1886a344,https://www.amarujala.com/dehradun/director-furious-over-mismanagement-from-emergency-to-dehradun-news-c-5-1-drn1089-1042009-2026-08-14,https://amarujala.com/dehradun/director-furious-over-mismanagement-from-emergency-to-dehradun-news-c-5-1-drn1089-1042009-2026-08-14,amar_ujala_dehradun,Amar Ujala,rss,Dehradun News: इमरजेंसी से ओपीडी तक अव्यवस्थाओं पर बिफरे निदेशक,Director furious over mismanagement from Emergency to,"{""_id"":""6a7e2dc23a15f3cbc001d58a"",""slug"":""director-furious-over-mismanagement-from-emergency-to-dehradun-news-c-5-1-drn1089-1042009-2026-08-14"",""type"":""story"",""status"":""publish"",""title_hn"":""Dehradun News: इमरजेंसी से ओपीडी तक अव्यवस्थाओं पर बिफरे निदेशक"",""category"":{""title"":""City & states"",""title_hn"":""शहर और राज्य"",""slug"":""city-and-states""}}
    Dehradun News: इमरजेंसी से ओपीडी तक अव्यवस्थाओं पर बिफरे निदेशक
    विज्ञापन
    
        
    
     
   
        
        
        
    
      
            खबरें लगातार पढ़ने के लिए अमर उजाला एप डाउनलोड करें
या 
 वेबसाइट पर पढ़ना जारी रखने के लिए वीडियो विज्ञापन देखें
अगर आपके पास प्रीमियम मेंबरशिप है तो
                                                 
                दून अस्पताल प्रबंधन के अधिकारियों की परेशानी तब बढ़ गई जब अव्यवस्थाओं की शिकायत पर चिकित्सा शिक्षा विभाग के निदेशक डॉ. आशुतोष सयाना निरीक्षण के लिए पहुंच गए। इमरजेंसी से लेकर ओपीडी तक कमियां मिलने पर उन्होंने अधिकारियों को जमकर फटकार लगाई। इसके बाद बैठक कर अधिकारियों को दो टूक व्यवस्था को पटरी पर लाने के निर्देश दिए।
                                
                
                
                 
                    
                        
                                                                                        
                             
                                         
     
                                       
                                                                    
                                
                                                                                                               
                                                    
                            
                                 
                                
                               
                                                                                
                                                                                
                                 
                
बृहस्पतिवार को निदेशक डॉ. आशुतोष सयाना निरीक्षण के लिए दून अस्पताल पहुंचे। वह सबसे पहले इमरजेंसी में गए। इसके बाद वह ओटी, आईसीयू और विभिन्न वार्डों से होते हुए ओपीडी पहुंचे। इमरजेंसी में गंदगी देख वह भड़क गए। ड्यूटी पर तैनात पीजी और इंटर्न के बैच के एप्रिन न पहनने पर फटकार लगा दी। बोले कि मरीज कैसे पहचानेगा कि यहां कौन डॉक्टर है।    
             
                                                
                            
                                 
                                
                               
                                                                                
                                                                 
                
                                
                
                
                                
                                
                                                                                                               
                                                    
                            
                                 
                                
                               
                                                
                                                                 
                
इतना ही नहीं उन्होंने नर्सिंग इंचार्ज को ओटी और आईसीयू के बाहर बैठकर अंदर भर्ती मरीज के तीमारदारों को मरीज से जुड़ी जानकारी साझा करने के निर्देश दिए। इसके बाद वह ओपीडी पहुंचे तो वहां पर डॉक्टर की नेम प्लेट न होने पर चेतावनी दी। दून मेडिकल कॉलेज की प्राचार्य डॉ. गीता जैन, चिकित्सा अधीक्षक डॉ. रविंद्र सिंह बिष्ट के अलावा सभी विभागों के एचओडी और एसोसिएट प्रोफेसर के साथ बैठक की। इस दौरान उन्होंने सभी को समन्वय बनाकर काम करने की हिदायत दी। साथ ही जिम्मेदारी बांटकर काम करने के लिए कहा।
                    विज्ञापन 
                    
                    
                        
                    
                    
                        
                    
                    
                                                                               
                                                             
                        
                                
                                                      
                                
                
                
                                
                                
                                                                                                               
                                                    
                         
            -- -- -- -- -- -- -- -- -- -- 
                                
                
                
                                
                                
                                                                                                               
                                                    
                            
                                 
                                
                               
                                                
                                                                 
                
                                
                
                
                                
                                
                                                                                                               
                                                    
                            
                                 
                                
                               
                                                
                                                                 
                
                                
                
                
                                
                                
                                                                                                               
                                                    
                            
                                 
                                
                               
                                                
                                                                 
                -- -- -- -- -- -- -- -- -- -
                                
                
                
                                
                                
                                                                                                               
                                                    
                            
                                 
                                
                               
                                                
                                                                 
                
इन कमियों को भी दूर करने के निर्देश
                                
                
                
                                
                                
                                                                                                               
                                                    
                            
                                 
                                
                               
                                                
                                                                 
                
1- ओपीडी में आने वाले मरीजों की जांच रिपोर्ट व्हाट्सएप पर दें।
2- इमरजेंसी एमएलसी को ईएमओ नहीं फॉरेन्सिक विभाग देखे, ऑनलाइन हो व्यवस्था
                                
                
                
                                
                                
                                                                                                               
                                                    
                            
                                 
                                
                               
                                                
                                                                 
                
3- सफाई, मरीज देखरेख, नर्सिंग केयर और सुरक्षा की विस्तृत एसओपी सार्वजनिक करें
4- नर्सिंग, पैरामेडिकल और तकनीशियन की ट्रेनिंग लगातार होगी
                                
                
                
                                
                                
                                                                                                               
                                                    
                            
                                 
                                
                               
                                                
                                                                 
                
5- यूनिफार्म, आइकार्ड, नेम प्लेट अनिवार्य रूप से हो
6- न्यूमेटिक सिस्टम को जल्द से जल्द ठीक करें
                                
                
                
                                
                                
                                                                                                               
                                                    
                            
                                 
                                
                               
                                                
                                                                 
                
                                
                
                
                                
                                
                                                                                                               
                                                    
                            
                                 
                                
                               
                                                
                                                                 
                -- -- -- -- -- -- -- -- 
                                
                
                
                                
                                
                                                                                                               
                                                    
                            
                                 
                                
                               
                                                
                                                                 
                
कोट-
                                
                
                
                                
                                
                                                                                                               
                                                    
                            
                                 
                                
                               
                                                
                                                                 
                
अस्पताल आने वाले हर मरीज का उपचार प्राथमिकता के साथ हो। किसी भी तरह की लापरवाही बर्दाश्त नहीं होगी। हर महीने दून अस्पताल की स्वास्थ्य सेवाओं की समीक्षा होगी। - डॉ. आशुतोष सयाना, निदेशक चिकित्सा शिक्षा विभाग
                                
                
                
                                
                                
                                                                                                               
                                                    
                            
                                                                                
                                
                
                
                                
                                
                                                                                                               
                                                    
                            
                                 
                                
                               
                                                
                                                
                                
                
                                                                
                               
                                                        
        
विज्ञापन
 
    बृहस्पतिवार को निदेशक डॉ. आशुतोष सयाना निरीक्षण के लिए दून अस्पताल पहुंचे। वह सबसे पहले इमरजेंसी में गए। इसके बाद वह ओटी, आईसीयू और विभिन्न वार्डों से होते हुए ओपीडी पहुंचे। इमरजेंसी में गंदगी देख वह भड़क गए। ड्यूटी पर तैनात पीजी और इंटर्न के बैच के एप्रिन न पहनने पर फटकार लगा दी। बोले कि मरीज कैसे पहचानेगा कि यहां कौन डॉक्टर है।
                विज्ञापन
                
                    
                
            
            इतना ही नहीं उन्होंने नर्सिंग इंचार्ज को ओटी और आईसीयू के बाहर बैठकर अंदर भर्ती मरीज के तीमारदारों को मरीज से जुड़ी जानकारी साझा करने के निर्देश दिए। इसके बाद वह ओपीडी पहुंचे तो वहां पर डॉक्टर की नेम प्लेट न होने पर चेतावनी दी। दून मेडिकल कॉलेज की प्राचार्य डॉ. गीता जैन, चिकित्सा अधीक्षक डॉ. रविंद्र सिंह बिष्ट के अलावा सभी विभागों के एचओडी और एसोसिएट प्रोफेसर के साथ बैठक की। इस दौरान उन्होंने सभी को समन्वय बनाकर काम करने की हिदायत दी। साथ ही जिम्मेदारी बांटकर काम करने के लिए कहा।
विज्ञापन
    
                                    
                            
                                 
                                
                               
                                                                                                        इन कमियों को भी दूर करने के निर्देश
1- ओपीडी में आने वाले मरीजों की जांच रिपोर्ट व्हाट्सएप पर दें।
2- इमरजेंसी एमएलसी को ईएमओ नहीं फॉरेन्सिक विभाग देखे, ऑनलाइन हो व्यवस्था
3- सफाई, मरीज देखरेख, नर्सिंग केयर और सुरक्षा की विस्तृत एसओपी सार्वजनिक करें
4- नर्सिंग, पैरामेडिकल और तकनीशियन की ट्रेनिंग लगातार होगी
5- यूनिफार्म, आइकार्ड, नेम प्लेट अनिवार्य रूप से हो
6- न्यूमेटिक सिस्टम को जल्द से जल्द ठीक करें
कोट-
अस्पताल आने वाले हर मरीज का उपचार प्राथमिकता के साथ हो। किसी भी तरह की लापरवाही बर्दाश्त नहीं होगी। हर महीने दून अस्पताल की स्वास्थ्य सेवाओं की समीक्षा होगी। - डॉ. आशुतोष सयाना, निदेशक चिकित्सा शिक्षा विभाग",hi,8/13/26 20:49,8/14/26 11:13,Dehradun,health_education,,trafilatura,677
726422c9ea6695576175502e1212fdb6d6abdaf7,https://www.amarujala.com/dehradun/a-container-lost-control-while-coming-down-a-slope-and-dehradun-news-c-5-1-drn1089-1042008-2026-08-14,https://amarujala.com/dehradun/a-container-lost-control-while-coming-down-a-slope-and-dehradun-news-c-5-1-drn1089-1042008-2026-08-14,amar_ujala_dehradun,Amar Ujala,rss,"Dehradun News: ढलान पर आ रहा कंटेनर बेकाबू होकर पलटा, दबने से श्रमिक की हो गई मौत",A container lost control while coming down a slope and,"{""_id"":""6a7e2da9518ebc1d7006c867"",""slug"":""a-container-lost-control-while-coming-down-a-slope-and-dehradun-news-c-5-1-drn1089-1042008-2026-08-14"",""type"":""story"",""status"":""publish"",""title_hn"":""Dehradun News: ढलान पर आ रहा कंटेनर बेकाबू होकर पलटा, दबने से श्रमिक की हो गई मौत"",""category"":{""title"":""City & states"",""title_hn"":""शहर और राज्य"",""slug"":""city-and-states""}}
    Dehradun News: ढलान पर आ रहा कंटेनर बेकाबू होकर पलटा, दबने से श्रमिक की हो गई मौत
    विज्ञापन
    
        
    
     
   
        
        
        
    
      
            खबरें लगातार पढ़ने के लिए अमर उजाला एप डाउनलोड करें
या 
 वेबसाइट पर पढ़ना जारी रखने के लिए वीडियो विज्ञापन देखें
अगर आपके पास प्रीमियम मेंबरशिप है तो
                                                 
                मोहब्बेवाला क्षेत्र में बृहस्पतिवार को एक बार फिर बड़ा हादसा हो गया। एक्सप्रेसवे के ढलान पर आ रहा कंटेनजर अचानक बेकाबू होकर पैराफिट से टकराकर सड़क किनारे सफाई कर रहे मजदूर पर पलट गया। उत्तर प्रदेश के बांदा निवासी मजदूर महेश की मौके पर ही मौत हो गई। पुलिस ने मृतक के परिजनों को सूचना दी है। उनके आने के बाद शव का पोस्टमार्टम कराया जाएगा। चालक मौके से भाग निकला जिसकी पुलिस तलाश कर रही है।
                                
                
                
                 
                    
                        
                                                                                        
                             
                                         
     
                                       
                                                                    
                                
                                                                                                               
                                                    
                            
                                 
                                
                               
                                                                                
                                                                                
                                 
                
                                
                
                
                                
                                
                                                                                                               
                                                    
                            
                                 
                                
                               
                                                
                                                                 
                
एसओ क्लेमेंटटाउन मोहन सिंह ने बताया कि हादसा बृहस्पतिवार सुबह करीब 10 बजे हुआ था। पुलिस को सूचना मिली थी कि आरटीओ चेकपोस्ट से करीब डेढ़ सौ मीटर पहले एक कंटेनर पलटा हुआ है। उसके नीचे एक व्यक्ति भी दबा है। पुलिस मौके पर पहुंची तो कंटेनर का चालक वहां नहीं था। पुलिस ने मौके पर क्रेन बुलवाकर कंटेनर को सीधा कराया तो देखा कि नीचे दबे व्यक्ति की मौत हो चुकी थी। मृतक की पहचान उत्तर प्रदेश के बांदा जिले के गांव नंदूपुर निवासी महेश के रूप में हुई है।    
             
                                                
                            
                                 
                                
                               
                                                                                
                                                                 
                
मृतक के साथियों ने बताया कि महेश यहां पर कंप्रेसर से सड़क किनारे सफाई कर रहा था। इसी दौरान तेजी से आता यह कंटेनर बेकाबू होकर पलट गया। एसओ ने बताया कि महेश के परिजन यहां नहीं थे। ऐसे में शव को कोरोनेशन अस्पताल की मोर्चरी में रखवाया गया है। परिजनों के आने के बाद पोस्टमार्टम कराया जाएगा। कंटेनर को मौके से हटाकर आशारोड़ी चौकी परिसर में खड़ा किया गया है। चालक की तलाश की जा रही है।
                    विज्ञापन 
                    
                    
                        
                    
                    
                        
                    
                    
                                                                               
                                                             
                        
                                
                                                                 
                
                                
                
                
                                
                                
                                                                                                               
                                                    
                         
            
                                
                
                
                                
                                
                                                                                                               
                                                    
                            
                                 
                                
                               
                                                
                                                                 
                -- -- -- -- -- -- -- -- -- -- -- -- -
                                
                
                
                                
                                
                                                                                                               
                                                    
                            
                                 
                                
                               
                                                                                
                                                      
                                
                
                
                                
                                
                                                                                                               
                                                    
                            
                                                                                
रफ्तार पर नहीं हो पा रहा काबू, लगातार हो रहे हादसे
                                
                
                
                                
                                
                                                                                                               
                                                    
                            
                                 
                                
                               
                                                
                                                                 
                
बीते दो सालों में एक दर्जन से अधिक हादसे ट्रकों के बेकाबू होने से हुए
                                
                
                
                                
                                
                                                                                                               
                                                    
                            
                                 
                                
                               
                                                
                                                                 
                
मोहब्बेवाला की ढलान पर हादसों को रोकने की हो चुकी हैं बैठकों में बातें
                                
                
                
                                
                                
                                                                                                               
                                                    
                            
                                 
                                
                               
                                                
                                                                 
                
माई सिटी रिपोर्टर
                                
                
                
                                
                                
                                                                                                               
                                                    
                            
                                 
                                
                               
                                                
                                                                 
                
देहरादून। मोहब्बेवाला की ढलान पर बेकाबू होते ट्रकों की रफ्तार पर काबू नहीं पाया जा रहा है। इसका नतीजा आए दिन होने वाले हादसों के रूप में सामने आ रहा है। बीते दो सालों में इस क्षेत्र में एक दर्जन से अधिक हादसे केवल ट्रकों के बेकाबू होने से हुए हैं। इनमें कोई ट्रक बेकाबू होकर किसी प्रतिष्ठान में घुस गया तो कभी वाहनों को टक्कर मार दी। हादसों में कई लोगों की जान भी चली गईं। इस ढलान पर होने वाले इन हादसों रोकने के लिए कई बार बैठकें और दिशा निर्देश जारी हुए लेकिन धरातल पर कोई प्लान उतर ही नहीं सका।
                                
                
                
                                
                                
                                                                                                               
                                                    
                            
                                 
                                
                               
                                                
                                                                 
                
दरअसल, यह ढलान सालों से मुसीबत का सबब बनी है। एक्सप्रेस वे बनने के बाद यह ढलान और भी घातक हो गई है। सहारनपुर की ओर से तेज गति से आने वाले भारी वाहनों की गति अचानक और तेज हो जाती है। इससे कई बार चालक नियंत्रण खो देता है और कई हादसों में ब्रेक फेल होने जैसी बात सामने आई हैं। एक्सप्रेस वे के मुहाने पर स्पीड ब्रेकर और अन्य सुझाव भी दिए गए लेकिन कोई ठोस हल इसका आज तक नहीं निकल सका है। हालात ये हैं कि हादसे लगातार हो रहे हैं। अब बृहस्पतिवार को हुए हादसे में एक और जान चली गई।
                                
                
                
                                
                                
                                                                                                               
                                                    
                            
                                 
                                
                               
                                                
                                                                 
                -- -- -- -- -- 
                                
                
                
                                
                                
                                                                                                               
                                                    
                            
                                 
                                
                               
                                                
                                                                 
                
                                
                
                
                                
                                
                                                                                                               
                                                    
                            
                                 
                                
                               
                                                
                                                                 
                
ट्रकों से हुए प्रमुख हादसे
                                
                
                
                                
                                
                                                                                                               
                                                    
                            
                                 
                                
                               
                                                
                                                                 
                
18 फरवरी-2026: मोहकमपुर में टाइलों से लदा एक ट्रक कार के ऊपर पलट गया। कार में आग लगी। हालांकि, किसी की जान नहीं गई।
                                
                
                
                                
                                
                                                                                                               
                                                    
                            
                                 
                                
                               
                                                
                                                                 
                
09 मार्च 2026: मार्बल पत्थर से भरा ट्रक अनियंत्रित होकर डिवाइडर से टकराकर पलट गया।
                                
                
                
                                
                                
                                                                                                               
                                                    
                            
                                 
                                
                               
                                                
                                                                 
                
27 मार्च 2026: ईंटों से भरा ट्रक आशारोड़ी की ओर से आते हुए एक खड़े ट्रक से टकरा गया। इसमें ट्रक में आग लग गई।
                                
                
                
                                
                                
                                                                                                               
                                                    
                            
                                 
                                
                               
                                                
                                                                 
                
05 दिसंबर-2025: सीमेंट से लदा ट्रक आशारोड़ी की ओर से आता हुआ वाहन से टकराया और एक दुकान में जा घुसा।
                                
                
                
                                
                                
                                                                                                               
                                                    
                            
                                 
                                
                               
                                                
                                                                 
                
15 अक्टूबर-2025: मोहब्बेवाला में भी एक ट्रक सड़क किनारे मकान में जा घुसा। गुस्साए लोगों ने ट्रक को आग के हवाले करने की कोशिश की।
                                
                
                
                                
                                
                                                                                                               
                                                    
                            
                                 
                                
                               
                                                
                                                                 
                
09 सितंबर-2025: मोहब्बेवाला में एक ट्रक गाड़ी कार पार्किंग में घुसकर अंदर घुस गया। इसमें कई कारें क्षतिग्रस्त हुईं।
                                
                
                
                                
                                
                                                                                                               
                                                    
                            
                                 
                                
                               
                                                
                                                                 
                
22 जून-2025: आशारोड़ी में एक सीमेंट से भरे ट्रक में ब्रेक फेल होने की वजह ट्रक चालक चार लोगों को मारने से बच गया।
                                
                
                
                                
                                
                                                                                                               
                                                    
                            
                                 
                                
                               
                                                
                                                                 
                
14 नवंबर-2024: आशारोड़ी में एक कंटेनर ने कार वालों को टक्कर मारी। एक व्यक्ति की मौत हो गई। कई वाहन क्षतिग्रस्त हो गए।
                                
                
                
                                
                                
                                                                                                               
                                                    
                            
                                 
                                
                               
                                                
                                                                 
                
11 अगस्त-2023: मोहब्बेवाला में यूटर्न ले रहे एक ट्रक को आशारोड़ी की ओर से आ रहे ट्रक ने टक्कर मार दी।
                                
                
                
                                
                                
                                                                                                               
                                                    
                            
                                 
                                
                               
                                                
                                                                 
                 
                                
                                
                
                
                                
                                
                                                                                                               
                                                    
                            
                                 
                                
                               
                                                
                                                
                                
                
                                                                
                               
                                                        
        
विज्ञापन
 
    एसओ क्लेमेंटटाउन मोहन सिंह ने बताया कि हादसा बृहस्पतिवार सुबह करीब 10 बजे हुआ था। पुलिस को सूचना मिली थी कि आरटीओ चेकपोस्ट से करीब डेढ़ सौ मीटर पहले एक कंटेनर पलटा हुआ है। उसके नीचे एक व्यक्ति भी दबा है। पुलिस मौके पर पहुंची तो कंटेनर का चालक वहां नहीं था। पुलिस ने मौके पर क्रेन बुलवाकर कंटेनर को सीधा कराया तो देखा कि नीचे दबे व्यक्ति की मौत हो चुकी थी। मृतक की पहचान उत्तर प्रदेश के बांदा जिले के गांव नंदूपुर निवासी महेश के रूप में हुई है।
                विज्ञापन
                
                    
                
            
            मृतक के साथियों ने बताया कि महेश यहां पर कंप्रेसर से सड़क किनारे सफाई कर रहा था। इसी दौरान तेजी से आता यह कंटेनर बेकाबू होकर पलट गया। एसओ ने बताया कि महेश के परिजन यहां नहीं थे। ऐसे में शव को कोरोनेशन अस्पताल की मोर्चरी में रखवाया गया है। परिजनों के आने के बाद पोस्टमार्टम कराया जाएगा। कंटेनर को मौके से हटाकर आशारोड़ी चौकी परिसर में खड़ा किया गया है। चालक की तलाश की जा रही है।
विज्ञापन
    
                                    
                            
                                 
                                
                               
                                                                                                        रफ्तार पर नहीं हो पा रहा काबू, लगातार हो रहे हादसे
बीते दो सालों में एक दर्जन से अधिक हादसे ट्रकों के बेकाबू होने से हुए
मोहब्बेवाला की ढलान पर हादसों को रोकने की हो चुकी हैं बैठकों में बातें
माई सिटी रिपोर्टर
देहरादून। मोहब्बेवाला की ढलान पर बेकाबू होते ट्रकों की रफ्तार पर काबू नहीं पाया जा रहा है। इसका नतीजा आए दिन होने वाले हादसों के रूप में सामने आ रहा है। बीते दो सालों में इस क्षेत्र में एक दर्जन से अधिक हादसे केवल ट्रकों के बेकाबू होने से हुए हैं। इनमें कोई ट्रक बेकाबू होकर किसी प्रतिष्ठान में घुस गया तो कभी वाहनों को टक्कर मार दी। हादसों में कई लोगों की जान भी चली गईं। इस ढलान पर होने वाले इन हादसों रोकने के लिए कई बार बैठकें और दिशा निर्देश जारी हुए लेकिन धरातल पर कोई प्लान उतर ही नहीं सका।
दरअसल, यह ढलान सालों से मुसीबत का सबब बनी है। एक्सप्रेस वे बनने के बाद यह ढलान और भी घातक हो गई है। सहारनपुर की ओर से तेज गति से आने वाले भारी वाहनों की गति अचानक और तेज हो जाती है। इससे कई बार चालक नियंत्रण खो देता है और कई हादसों में ब्रेक फेल होने जैसी बात सामने आई हैं। एक्सप्रेस वे के मुहाने पर स्पीड ब्रेकर और अन्य सुझाव भी दिए गए लेकिन कोई ठोस हल इसका आज तक नहीं निकल सका है। हालात ये हैं कि हादसे लगातार हो रहे हैं। अब बृहस्पतिवार को हुए हादसे में एक और जान चली गई।
ट्रकों से हुए प्रमुख हादसे
18 फरवरी-2026: मोहकमपुर में टाइलों से लदा एक ट्रक कार के ऊपर पलट गया। कार में आग लगी। हालांकि, किसी की जान नहीं गई।
09 मार्च 2026: मार्बल पत्थर से भरा ट्रक अनियंत्रित होकर डिवाइडर से टकराकर पलट गया।
27 मार्च 2026: ईंटों से भरा ट्रक आशारोड़ी की ओर से आते हुए एक खड़े ट्रक से टकरा गया। इसमें ट्रक में आग लग गई।
05 दिसंबर-2025: सीमेंट से लदा ट्रक आशारोड़ी की ओर से आता हुआ वाहन से टकराया और एक दुकान में जा घुसा।
15 अक्टूबर-2025: मोहब्बेवाला में भी एक ट्रक सड़क किनारे मकान में जा घुसा। गुस्साए लोगों ने ट्रक को आग के हवाले करने की कोशिश की।
09 सितंबर-2025: मोहब्बेवाला में एक ट्रक गाड़ी कार पार्किंग में घुसकर अंदर घुस गया। इसमें कई कारें क्षतिग्रस्त हुईं।
22 जून-2025: आशारोड़ी में एक सीमेंट से भरे ट्रक में ब्रेक फेल होने की वजह ट्रक चालक चार लोगों को मारने से बच गया।
14 नवंबर-2024: आशारोड़ी में एक कंटेनर ने कार वालों को टक्कर मारी। एक व्यक्ति की मौत हो गई। कई वाहन क्षतिग्रस्त हो गए।
11 अगस्त-2023: मोहब्बेवाला में यूटर्न ले रहे एक ट्रक को आशारोड़ी की ओर से आ रहे ट्रक ने टक्कर मार दी।",hi,8/13/26 20:48,8/14/26 11:13,Dehradun,infrastructure|health_education,,trafilatura,1414
b1f4bfc17cf0554da6166c1021523fe4bdee4896,https://www.amarujala.com/dehradun/retired-drinking-water-corporation-employees-demand-dehradun-news-c-5-1-drn1089-1042007-2026-08-14,https://amarujala.com/dehradun/retired-drinking-water-corporation-employees-demand-dehradun-news-c-5-1-drn1089-1042007-2026-08-14,amar_ujala_dehradun,Amar Ujala,rss,Dehradun News: सेवानिवृत्त पेयजल निगम कर्मियों ने की समस्याओं के समाधान की मांग,Retired Drinking Water Corporation employees demand,"{""_id"":""6a7e2d9cea860656930c2f3c"",""slug"":""retired-drinking-water-corporation-employees-demand-dehradun-news-c-5-1-drn1089-1042007-2026-08-14"",""type"":""story"",""status"":""publish"",""title_hn"":""Dehradun News: सेवानिवृत्त पेयजल निगम कर्मियों ने की समस्याओं के समाधान की मांग"",""category"":{""title"":""City & states"",""title_hn"":""शहर और राज्य"",""slug"":""city-and-states""}}
    Dehradun News: सेवानिवृत्त पेयजल निगम कर्मियों ने की समस्याओं के समाधान की मांग
 
                संवाद न्यूज एजेंसी, देहरादून            
       
    विज्ञापन
    
        
    
     
   
        
        
        
    
      
            खबरें लगातार पढ़ने के लिए अमर उजाला एप डाउनलोड करें
या 
 वेबसाइट पर पढ़ना जारी रखने के लिए वीडियो विज्ञापन देखें
अगर आपके पास प्रीमियम मेंबरशिप है तो
                                                 
                पेयजल निगम से सेवानिवृत्त कर्मचारियों की लंबे समय से लंबित समस्याओं के समाधान के लिए सेवानिवृत्त कर्मचारी एसोसिएशन ने उत्तराखंड के मुख्य सचिव से हस्तक्षेप की मांग की है।
                                
                
                
                 
                    
                        
                                                                                        
                             
                                         
     
                                       
                                                                    
                                
                                                                                                               
                                                    
                            
                                 
                                
                               
                                                                                
                                                                                
                                 
                
                                
                
                
                                
                                
                                                                                                               
                                                    
                            
                                 
                                
                               
                                                
                                                                 
                
एसोसिएशन के अध्यक्ष सुरेश चंद्र पंत ने मुख्य सचिव को पत्र भेजकर संबंधित अधिकारियों की बैठक बुलाकर समस्याओं का जल्द समाधान कराने की मांग की है। पत्र में उन्होंने लिखा कि एसोसिएशन ने 27 मई और 29 जून को सचिव पेयजल जिनके पास प्रबंध निदेशक पेयजल निगम का दायित्व भी है उनसे समस्याओं के समाधान के संबंध में वार्ता के लिए समय मांगा था। उन्होंने कहा कि अब तक वार्ता के लिए समय निर्धारित नहीं किया गया।    
             
                                                
                            
                                 
                                
                               
                                                                                
                                                                 
                
एसोसिएशन ने बताया कि वार्ता के लिए समय न मिलने की वजह से उसे सात अगस्त को पत्र भेजकर 20 अगस्त से आंदोलन का कार्यक्रम घोषित करना पड़ा। इसके बावजूद संगठन को अब तक वार्ता का समय नहीं दिया गया है। एसोसिएशन का कहना है कि वह हमेशा वार्ता के माध्यम से समस्याओं के समाधान के पक्ष में रही है। संगठन ने मुख्य सचिव से अपनी अध्यक्षता में संबंधित विभागों और अधिकारियों की बैठक आयोजित कर लंबित मामलों का समाधान कराने की अपील की है।
                    विज्ञापन 
                    
                    
                        
                    
                    
                        
                    
                    
                                                                               
                                                             
                        
                                
                                                      
                                
                
                
                                
                                
                                                                                                               
                                                    
                         
            
अध्यक्ष सुरेश पंत ने कहा कि सेवानिवृत्त कर्मचारी अपने जीवन के अंतिम पड़ाव में हैं और उन्हें अपनी मांगों के लिए आंदोलन का रास्ता अपनाने के लिए मजबूर नहीं किया जाना चाहिए। उन्होंने उम्मीद जताई कि मुख्य सचिव के हस्तक्षेप से जल्द वार्ता आयोजित होगी और समस्याओं का समाधान कराया जाएगा।
                                
                
                
                                
                                
                                                                                                               
                                                    
                            
                                                                                
                                
                
                
                                
                                
                                                                                                               
                                                    
                            
                                 
                                
                               
                                                
                                                
                                
                
                                                                
                               
                                                        
        
विज्ञापन
 
    एसोसिएशन के अध्यक्ष सुरेश चंद्र पंत ने मुख्य सचिव को पत्र भेजकर संबंधित अधिकारियों की बैठक बुलाकर समस्याओं का जल्द समाधान कराने की मांग की है। पत्र में उन्होंने लिखा कि एसोसिएशन ने 27 मई और 29 जून को सचिव पेयजल जिनके पास प्रबंध निदेशक पेयजल निगम का दायित्व भी है उनसे समस्याओं के समाधान के संबंध में वार्ता के लिए समय मांगा था। उन्होंने कहा कि अब तक वार्ता के लिए समय निर्धारित नहीं किया गया।
                विज्ञापन
                
                    
                
            
            एसोसिएशन ने बताया कि वार्ता के लिए समय न मिलने की वजह से उसे सात अगस्त को पत्र भेजकर 20 अगस्त से आंदोलन का कार्यक्रम घोषित करना पड़ा। इसके बावजूद संगठन को अब तक वार्ता का समय नहीं दिया गया है। एसोसिएशन का कहना है कि वह हमेशा वार्ता के माध्यम से समस्याओं के समाधान के पक्ष में रही है। संगठन ने मुख्य सचिव से अपनी अध्यक्षता में संबंधित विभागों और अधिकारियों की बैठक आयोजित कर लंबित मामलों का समाधान कराने की अपील की है।
विज्ञापन
    
                                    
                            
                                 
                                
                               
                                                                                                        अध्यक्ष सुरेश पंत ने कहा कि सेवानिवृत्त कर्मचारी अपने जीवन के अंतिम पड़ाव में हैं और उन्हें अपनी मांगों के लिए आंदोलन का रास्ता अपनाने के लिए मजबूर नहीं किया जाना चाहिए। उन्होंने उम्मीद जताई कि मुख्य सचिव के हस्तक्षेप से जल्द वार्ता आयोजित होगी और समस्याओं का समाधान कराया जाएगा।",hi,8/13/26 20:48,8/14/26 11:13,Dehradun,protest_agitation,उत्तराखंड,trafilatura,522
7d9edeb1113b95a37fb0e8fb8cc57128e0793698,https://www.amarujala.com/dehradun/minister-inspects-damaged-road-at-paniwala-bandh-dehradun-news-c-5-1-drn1089-1042006-2026-08-14,https://amarujala.com/dehradun/minister-inspects-damaged-road-at-paniwala-bandh-dehradun-news-c-5-1-drn1089-1042006-2026-08-14,amar_ujala_dehradun,Amar Ujala,rss,Dehradun News: पानीवाले बैंड पर क्षतिग्रस्त सड़क का मंत्री ने किया निरीक्षण,Minister inspects damaged road at Paniwala Bandh,"{""_id"":""6a7e2d95e11fed6de80e6d4d"",""slug"":""minister-inspects-damaged-road-at-paniwala-bandh-dehradun-news-c-5-1-drn1089-1042006-2026-08-14"",""type"":""story"",""status"":""publish"",""title_hn"":""Dehradun News: पानीवाले बैंड पर क्षतिग्रस्त सड़क का मंत्री ने किया निरीक्षण"",""category"":{""title"":""City & states"",""title_hn"":""शहर और राज्य"",""slug"":""city-and-states""}}
    Dehradun News: पानीवाले बैंड पर क्षतिग्रस्त सड़क का मंत्री ने किया निरीक्षण
 
                संवाद न्यूज एजेंसी, देहरादून            
       
    विज्ञापन
    
        
    
     
   
        
        
        
    
      
            खबरें लगातार पढ़ने के लिए अमर उजाला एप डाउनलोड करें
या 
 वेबसाइट पर पढ़ना जारी रखने के लिए वीडियो विज्ञापन देखें
अगर आपके पास प्रीमियम मेंबरशिप है तो
                                                 
                देहरादून-मसूरी मुख्य मार्ग पर पानीवाला बैंड के निकट क्षतिग्रस्त सड़क के हिस्से का कैबिनेट मंत्री गणेश जोशी ने गुरुवार को निरीक्षण किया। उन्होंने मौके पर पहुंचकर मार्ग की स्थिति का जायजा लिया और लोक निर्माण विभाग के अधिकारियों से चल रहे पुनर्निर्माण कार्य की प्रगति की जानकारी ली।
                                
                
                
                 
                    
                        
                                                                                        
                             
                                                                    
                            
                                         
     
                                       
                                                                    
                                
                                                                                                               
                                                    
                            
                                 
                                
                               
                                                                                
                                                                                
                                 
                
                                
                
                
                                
                                
                                                                                                               
                                                    
                            
                                 
                                
                               
                                                
                                                                 
                
गुरुवार को मंत्री ने अधिकारियों को निर्देश दिए कि सड़क के पुनर्निर्माण कार्य को सर्वोच्च प्राथमिकता देते हुए युद्धस्तर पर पूरा किया जाए, ताकि देहरादून और मसूरी के बीच यातायात व्यवस्था जल्द सामान्य हो सके। उन्होंने बरसात के दौरान मार्ग के संवेदनशील हिस्सों पर विशेष सतर्कता बरतने और सुरक्षा के पुख्ता इंतजाम करने के निर्देश दिए।    
             
                                                
                            
                                 
                                
                               
                                                                                
                                                      
मंत्री ने अधिकारियों से आमजन और पर्यटकों को किसी प्रकार की परेशानी न हो, इसके लिए मौके पर पर्याप्त व्यवस्था सुनिश्चित करने को कहा। निरीक्षण के दौरान मंत्री ने मार्ग पर आवश्यकतानुसार चेतावनी बोर्ड और बैरिकेडिंग लगाने के साथ ही कर्मचारियों की तैनाती के निर्देश भी दिए। मंत्री ने स्पष्ट किया कि सड़क को जल्द से जल्द सुरक्षित एवं सुचारु करना प्राथमिकता है, ताकि मसूरी आने-जाने वाले स्थानीय लोगों और पर्यटकों को राहत मिल सके।
                    विज्ञापन 
                    
                    
                        
                    
                    
                        
                    
                    
                                                                               
                                                             
                                
                
                
                                
                                
                                                                                                               
                                                    
                         
            
                                
                
                
                                
                                
                                                                                                               
                                                    
                            
                                 
                                
                               
                                                
                                                
                                
                
                                                                
                               
                                                        
        
विज्ञापन
 
    गुरुवार को मंत्री ने अधिकारियों को निर्देश दिए कि सड़क के पुनर्निर्माण कार्य को सर्वोच्च प्राथमिकता देते हुए युद्धस्तर पर पूरा किया जाए, ताकि देहरादून और मसूरी के बीच यातायात व्यवस्था जल्द सामान्य हो सके। उन्होंने बरसात के दौरान मार्ग के संवेदनशील हिस्सों पर विशेष सतर्कता बरतने और सुरक्षा के पुख्ता इंतजाम करने के निर्देश दिए।
                विज्ञापन
                
                    
                
            
            मंत्री ने अधिकारियों से आमजन और पर्यटकों को किसी प्रकार की परेशानी न हो, इसके लिए मौके पर पर्याप्त व्यवस्था सुनिश्चित करने को कहा। निरीक्षण के दौरान मंत्री ने मार्ग पर आवश्यकतानुसार चेतावनी बोर्ड और बैरिकेडिंग लगाने के साथ ही कर्मचारियों की तैनाती के निर्देश भी दिए। मंत्री ने स्पष्ट किया कि सड़क को जल्द से जल्द सुरक्षित एवं सुचारु करना प्राथमिकता है, ताकि मसूरी आने-जाने वाले स्थानीय लोगों और पर्यटकों को राहत मिल सके।
विज्ञापन",hi,8/13/26 20:48,8/14/26 11:13,Dehradun,infrastructure|politics_governance,कैबिनेट मंत्री,trafilatura,375
2a01153dd0dcbea04a66a290cdc84c0b7eee732f,https://www.amarujala.com/dehradun/irregularities-found-during-inspection-of-beo-office-vikas-nagar-news-c-5-1-drn1089-1042005-2026-08-14,https://amarujala.com/dehradun/irregularities-found-during-inspection-of-beo-office-vikas-nagar-news-c-5-1-drn1089-1042005-2026-08-14,amar_ujala_dehradun,Amar Ujala,rss,Dehradun News: बीईओ कार्यालय के निरीक्षण में मिलीं खामियां,Irregularities found during inspection of BEO office,"{""_id"":""6a7e2d770ba779b11104ceae"",""slug"":""irregularities-found-during-inspection-of-beo-office-vikas-nagar-news-c-5-1-drn1089-1042005-2026-08-14"",""type"":""story"",""status"":""publish"",""title_hn"":""Dehradun News: बीईओ कार्यालय के निरीक्षण में मिलीं खामियां"",""category"":{""title"":""City & states"",""title_hn"":""शहर और राज्य"",""slug"":""city-and-states""}}
    Dehradun News: बीईओ कार्यालय के निरीक्षण में मिलीं खामियां
 
                संवाद न्यूज एजेंसी, देहरादून            
       
    विज्ञापन
    
        
    
     
   
        
        
        
    
      
            खबरें लगातार पढ़ने के लिए अमर उजाला एप डाउनलोड करें
या 
 वेबसाइट पर पढ़ना जारी रखने के लिए वीडियो विज्ञापन देखें
अगर आपके पास प्रीमियम मेंबरशिप है तो
                                                 
                मुख्य शिक्षा अधिकारी (सीईओ) गोविंद जायसवाल ने बृहस्पतिवार को खंड शिक्षा अधिकारी (बीईओ) कार्यालय का निरीक्षण किया। इस दौरान विभिन्न पत्रावलियों और विभागीय व्यवस्थाओं में कई खामियां मिलने पर उन्होंने गहरी नाराजगी जताई।सीईओ ने संबंधित कर्मचारियों को फटकार लगाते हुए 30 अगस्त तक हर हाल में सभी कमियां दूर करने के सख्त निर्देश दिए। निरीक्षण के दौरान शिक्षकों की सेवा पुस्तिका, जीपीएस रिकॉर्ड और अन्य जरूरी दस्तावेजों की बारीकी से जांच की गई, जिनमें त्रुटियां उजागर हुईं। सीईओ ने कर्मचारियों को निर्देशित किया कि कार्यालय में ई-ऑफिस व्यवस्था को सुचारू रूप से लागू किया जाए। उन्होंने शिक्षकों व कर्मचारियों के लंबित पेंशन मामलों का त्वरित निस्तारण करने, विकासखंड स्तर पर सभी की पहचान संख्या बनाने और दैनिक उपस्थिति का नियमित रिकॉर्ड रखने के निर्देश दिए। इसके अलावा, फाइलों का उचित रखरखाव करने और स्कूली बच्चों को किताबें, कॉपियां, जूते व साइकिल का समयबद्ध वितरण सुनिश्चित करने को भी कहा गया।गैर-शैक्षणिक कार्यों से शिक्षकों को मुक्त करने की मांग : निरीक्षण के दौरान सीईओ ने स्कूल प्रबंधन समिति (एसएमसी) से जुड़े करीब 20 अभिभावकों के साथ बैठक भी की। इसमें भीमावाला, बरोटीवाला और हरबर्टपुर समेत विभिन्न क्षेत्रों से आए अभिभावकों ने शिकायत की कि शिक्षकों की ड्यूटी बूथ लेवल अधिकारी (बीएलओ) के रूप में लगाए जाने से स्कूलों में शिक्षण कार्य बुरी तरह प्रभावित हो रहा है। पढ़ाई न होने से स्कूलों में विद्यार्थियों की उपस्थिति भी घट रही है। अभिभावकों ने शिक्षा गुणवत्ता सुधार के लिए शिक्षकों को गैर-शैक्षणिक कार्यों से मुक्त रखने की मांग की।
                                
                
                
                 
                    
                        
                                                                                        
                             
                                                                    
                            
                                         
     
                                       
                                                                    
                                
                                                                                                               
                                                    
                            
                                 
                                
                               
                                                                                
                                                                                
                                 
                
                                
                
                
                                
                                
                                                                                                               
                                                    
                            
                                 
                                
                               
                                                
                                                                 
                 
                                
                                
                
                
                                
                                
                                                                                                               
                                                    
                            
                                 
                                
                               
                                                
                                                
                                
                
                                                                
                               
                                                        
        
विज्ञापन",hi,8/13/26 20:47,8/14/26 11:13,Dehradun,protest_agitation|health_education,,trafilatura,302
cf6ffcfa8f5c929298dd78ef98cef9e5b2a52209,https://www.amarujala.com/dehradun/mobile-medical-unit-launched-in-bairagiwala-vikas-nagar-news-c-5-1-drn1089-1042004-2026-08-14,https://amarujala.com/dehradun/mobile-medical-unit-launched-in-bairagiwala-vikas-nagar-news-c-5-1-drn1089-1042004-2026-08-14,amar_ujala_dehradun,Amar Ujala,rss,"Dehradun News: बैरागीवाला में मोबाइल मेडिकल यूनिट शुरू, 450 श्रमिकों की हुई जांच",Mobile medical unit launched in Bairagiwala,"{""_id"":""6a7e2d5ed5fc4b95de05a266"",""slug"":""mobile-medical-unit-launched-in-bairagiwala-vikas-nagar-news-c-5-1-drn1089-1042004-2026-08-14"",""type"":""story"",""status"":""publish"",""title_hn"":""Dehradun News: बैरागीवाला में मोबाइल मेडिकल यूनिट शुरू, 450 श्रमिकों की हुई जांच"",""category"":{""title"":""City & states"",""title_hn"":""शहर और राज्य"",""slug"":""city-and-states""}}
    Dehradun News: बैरागीवाला में मोबाइल मेडिकल यूनिट शुरू, 450 श्रमिकों की हुई जांच
 
                संवाद न्यूज एजेंसी, देहरादून            
       
    विज्ञापन
    
        
    
     
   
        
        
        
    
      
            खबरें लगातार पढ़ने के लिए अमर उजाला एप डाउनलोड करें
या 
 वेबसाइट पर पढ़ना जारी रखने के लिए वीडियो विज्ञापन देखें
अगर आपके पास प्रीमियम मेंबरशिप है तो
                                                 
                ग्राम पंचायत बैरागीवाला में बृहस्पतिवार को मुख्यमंत्री श्रमिक स्वास्थ्य योजना के तहत मोबाइल मेडिकल यूनिट (संचल चिकित्सा दस्ता) का शुभारंभ किया गया। विधायक मुन्ना सिंह चौहान ने रिबन काटकर यूनिट को रवाना किया। इस मौके पर आयोजित स्वास्थ्य शिविर में 450 से अधिक श्रमिकों के स्वास्थ्य की निशुल्क जांच की गई, जबकि 300 से अधिक श्रमिकों को श्रमिक किट वितरित की गईं।
                                
                
                
                 
                    
                        
                                                                                        
                             
                                                                    
                            
                                         
     
                                       
                                                                    
                                
                                                                                                               
                                                    
                            
                                 
                                
                               
                                                                                
                                                                                
                                 
                
यूनिट के शुरू होने से अब श्रमिकों और उनके परिवारों को कार्यस्थल के समीप ही स्वास्थ्य जांच व चिकित्सकीय परामर्श की सुविधा मिल सकेगी। विधायक चौहान ने कहा कि सरकार की सर्वोच्च प्राथमिकता है कि अंतिम छोर पर बैठे गरीब और वंचित वर्ग तक जनकल्याणकारी व स्वास्थ्य योजनाओं का सीधा लाभ पहुंचे।    
             
                                                
                            
                                 
                                
                               
                                                                                
                                                      
                                
                
                
                                
                                
                                                                                                               
                                                    
                            
                                 
                                
                               
                                                
                                                                 
                
कार्यक्रम के दौरान ग्राम प्रधान बैरागीवाला विक्की कश्यप, भाजपा मंडल अध्यक्ष राहुल शर्मा, विनोद कश्यप, पंकज शर्मा, ऋषभ अग्रवाल, संदीप मोगा, धीरेंद्र पटवाल, हरीश अरोड़ा और जितेंद्र कुमार आदि मुख्य रूप से मौजूद रहे।
                    विज्ञापन 
                    
                    
                        
                    
                    
                        
                    
                    
                                                                               
                                                             
                                
                
                
                                
                                
                                                                                                               
                                                    
                         
            
                                
                
                
                                
                                
                                                                                                               
                                                    
                            
                                 
                                
                               
                                                
                                                
                                
                
                                                                
                               
                                                        
        
विज्ञापन
 
    यूनिट के शुरू होने से अब श्रमिकों और उनके परिवारों को कार्यस्थल के समीप ही स्वास्थ्य जांच व चिकित्सकीय परामर्श की सुविधा मिल सकेगी। विधायक चौहान ने कहा कि सरकार की सर्वोच्च प्राथमिकता है कि अंतिम छोर पर बैठे गरीब और वंचित वर्ग तक जनकल्याणकारी व स्वास्थ्य योजनाओं का सीधा लाभ पहुंचे।
                विज्ञापन
                
                    
                
            
            कार्यक्रम के दौरान ग्राम प्रधान बैरागीवाला विक्की कश्यप, भाजपा मंडल अध्यक्ष राहुल शर्मा, विनोद कश्यप, पंकज शर्मा, ऋषभ अग्रवाल, संदीप मोगा, धीरेंद्र पटवाल, हरीश अरोड़ा और जितेंद्र कुमार आदि मुख्य रूप से मौजूद रहे।
विज्ञापन",hi,8/13/26 20:47,8/14/26 11:13,Dehradun,politics_governance,मुख्यमंत्री,trafilatura,301
a4fa0343849bcac609299c9ca188de36b29f42f3,https://www.amarujala.com/dehradun/congress-workers-convention-at-tiger-fall-vikas-nagar-news-c-5-1-drn1089-1042003-2026-08-14,https://amarujala.com/dehradun/congress-workers-convention-at-tiger-fall-vikas-nagar-news-c-5-1-drn1089-1042003-2026-08-14,amar_ujala_dehradun,Amar Ujala,rss,"Dehradun News: टाइगर फॉल में कांग्रेस का कार्यकर्ता सम्मेलन, कई लोगों ने ली सदस्यता",Congress workers' convention at Tiger Fall,"{""_id"":""6a7e2d46801f2cffa100b2fc"",""slug"":""congress-workers-convention-at-tiger-fall-vikas-nagar-news-c-5-1-drn1089-1042003-2026-08-14"",""type"":""story"",""status"":""publish"",""title_hn"":""Dehradun News: टाइगर फॉल में कांग्रेस का कार्यकर्ता सम्मेलन, कई लोगों ने ली सदस्यता"",""category"":{""title"":""City & states"",""title_hn"":""शहर और राज्य"",""slug"":""city-and-states""}}
    Dehradun News: टाइगर फॉल में कांग्रेस का कार्यकर्ता सम्मेलन, कई लोगों ने ली सदस्यता
 
                संवाद न्यूज एजेंसी, देहरादून            
       
    विज्ञापन
    
        
    
     
   
        
        
        
    
      
            खबरें लगातार पढ़ने के लिए अमर उजाला एप डाउनलोड करें
या 
 वेबसाइट पर पढ़ना जारी रखने के लिए वीडियो विज्ञापन देखें
अगर आपके पास प्रीमियम मेंबरशिप है तो
                                                 
                खत मोहना स्थित टाइगर फॉल के समीप एक रिजॉर्ट में बृहस्पतिवार को कांग्रेस का कार्यकर्ता सम्मेलन आयोजित हुआ। इसमें चकराता विधायक व कांग्रेस केंद्रीय चुनाव समिति के सदस्य प्रीतम सिंह ने भाजपा सरकार पर जमकर जुबानी हमला बोला। सम्मेलन के दौरान कई लोगों ने सत्ताधारी दल भाजपा छोड़कर कांग्रेस का दामन थामा। इससे पूर्व ग्रामीणों ने पारंपरिक वाद्ययंत्रों की थाप और फूलमालाओं से अतिथियों का जोरदार स्वागत किया।
                                
                
                
                 
                    
                        
                                                                                        
                             
                                                                    
                            
                                         
     
                                       
                                                                    
                                
                                                                                                               
                                                    
                            
                                 
                                
                               
                                                                                
                                                                                
                                 
                
विधायक प्रीतम सिंह ने कहा कि चकराता क्षेत्र आज पर्यटन के मानचित्र पर तेजी से उभर रहा है, जिसका पूरा आधार पूर्ववर्ती कांग्रेस सरकारों ने ही तैयार किया था। उन्होंने कहा कि भाजपा ने जौनसार-बावर की सबसे गंभीर जजरेड समस्या की पूरी तरह अनदेखी की है। उन्होंने भरोसा दिलाया कि प्रदेश में कांग्रेस की सरकार बनते ही इसका स्थायी समाधान किया जाएगा। विधायक ने भ्रष्टाचार, महिला अपराधों और रुके हुए विकास कार्यों को लेकर भी सत्तापक्ष पर तीखे प्रहार किए।    
             
                                                
                            
                                 
                                
                               
                                                                                
                                                      
                                
                
                
                                
                                
                                                                                                               
                                                    
                            
                                 
                                
                               
                                                
                                                                 
                
कार्यक्रम में मौजूद देहरादून जिला पंचायत के उपाध्यक्ष अभिषेक सिंह ने कहा कि पंचायत के सीमित संसाधनों के बावजूद क्षेत्र में लगातार विकास कार्य कराए जा रहे हैं। इस दौरान ग्रामीणों ने अपनी विभिन्न स्थानीय समस्याओं और योजनाओं को लेकर उन्हें एक मांगपत्र सौंपा। उन्होंने शीघ्र निस्तारण का आश्वासन भी दिया। इस अवसर पर महेंद्र सिंह चौहान, अनोद, केशर सिंह, फतेह सिंह चौहान, दीवान सिंह तोमर, खुशीराम शर्मा, विक्रम नेगी, चंदन रावत, कमल रावत, विजय राणा और दिनेश चांदना सहित बड़ी संख्या में ग्रामीण व कांग्रेस कार्यकर्ता उपस्थित रहे।
                    विज्ञापन 
                    
                    
                        
                    
                    
                        
                    
                    
                                                                               
                                                             
                                
                
                
                                
                                
                                                                                                               
                                                    
                         
            
                                
                
                
                                
                                
                                                                                                               
                                                    
                            
                                 
                                
                               
                                                
                                                
                                
                
                                                                
                               
                                                        
        
विज्ञापन
 
    विधायक प्रीतम सिंह ने कहा कि चकराता क्षेत्र आज पर्यटन के मानचित्र पर तेजी से उभर रहा है, जिसका पूरा आधार पूर्ववर्ती कांग्रेस सरकारों ने ही तैयार किया था। उन्होंने कहा कि भाजपा ने जौनसार-बावर की सबसे गंभीर जजरेड समस्या की पूरी तरह अनदेखी की है। उन्होंने भरोसा दिलाया कि प्रदेश में कांग्रेस की सरकार बनते ही इसका स्थायी समाधान किया जाएगा। विधायक ने भ्रष्टाचार, महिला अपराधों और रुके हुए विकास कार्यों को लेकर भी सत्तापक्ष पर तीखे प्रहार किए।
                विज्ञापन
                
                    
                
            
            कार्यक्रम में मौजूद देहरादून जिला पंचायत के उपाध्यक्ष अभिषेक सिंह ने कहा कि पंचायत के सीमित संसाधनों के बावजूद क्षेत्र में लगातार विकास कार्य कराए जा रहे हैं। इस दौरान ग्रामीणों ने अपनी विभिन्न स्थानीय समस्याओं और योजनाओं को लेकर उन्हें एक मांगपत्र सौंपा। उन्होंने शीघ्र निस्तारण का आश्वासन भी दिया। इस अवसर पर महेंद्र सिंह चौहान, अनोद, केशर सिंह, फतेह सिंह चौहान, दीवान सिंह तोमर, खुशीराम शर्मा, विक्रम नेगी, चंदन रावत, कमल रावत, विजय राणा और दिनेश चांदना सहित बड़ी संख्या में ग्रामीण व कांग्रेस कार्यकर्ता उपस्थित रहे।
विज्ञापन",hi,8/13/26 20:47,8/14/26 11:13,Dehradun,protest_agitation|tourism_religion|politics_governance,,trafilatura,475
94c63c70633149ce122b1204c756ce84c0e86d06,https://www.amarujala.com/dehradun/children-fall-ill-after-drinking-contaminated-water-vikas-nagar-news-c-5-1-drn1089-1042002-2026-08-14,https://amarujala.com/dehradun/children-fall-ill-after-drinking-contaminated-water-vikas-nagar-news-c-5-1-drn1089-1042002-2026-08-14,amar_ujala_dehradun,Amar Ujala,rss,"Dehradun News: दूषित पानी पीने से बच्चे पड़े बीमार, जल संस्थान बेपरवाह",Children fall ill after drinking contaminated water,"{""_id"":""6a7e2d388792f7de9b0d8365"",""slug"":""children-fall-ill-after-drinking-contaminated-water-vikas-nagar-news-c-5-1-drn1089-1042002-2026-08-14"",""type"":""story"",""status"":""publish"",""title_hn"":""Dehradun News: दूषित पानी पीने से बच्चे पड़े बीमार, जल संस्थान बेपरवाह"",""category"":{""title"":""City & states"",""title_hn"":""शहर और राज्य"",""slug"":""city-and-states""}}
    Dehradun News: दूषित पानी पीने से बच्चे पड़े बीमार, जल संस्थान बेपरवाह
 
                संवाद न्यूज एजेंसी, देहरादून            
       
    विज्ञापन
    
        
    
     
   
        
        
        
    
      
            खबरें लगातार पढ़ने के लिए अमर उजाला एप डाउनलोड करें
या 
 वेबसाइट पर पढ़ना जारी रखने के लिए वीडियो विज्ञापन देखें
अगर आपके पास प्रीमियम मेंबरशिप है तो
                                                 
                नगर पालिका के वार्ड नंबर नौ स्थित पूर्विया लाइन में दूषित और बदबूदार पेयजल की समस्या नासूर बनती जा रही है। बृहस्पतिवार को भी लगातार चौथे दिन करीब 50 घरों की टोंटियों से सीवर जैसी तेज दुर्गंध वाला पानी टपका।शिकायत के बावजूद जल संस्थान की टीम मरम्मत के लिए मौके पर नहीं पहुंची। दूषित जल के सेवन से अब बच्चों के बीमार पड़ने का सिलसिला भी शुरू हो गया है, जिससे विभागीय अनदेखी के खिलाफ क्षेत्रवासियों में भारी आक्रोश है।स्थानीय निवासी नैना उनियाल ने बताया कि दूषित पानी पीने से उनका बेटा बीमार पड़ गया है, जबकि गली के दो अन्य बच्चे भी उल्टी-दस्त और बुखार की चपेट में हैं। पानी में इतनी भयंकर दुर्गंध है कि उसे पीना तो दूर, उससे नहाना और बर्तन धोना भी दूभर हो गया है। स्वास्थ्य बिगड़ने के डर से लोग मजबूरी में बाजार से बोतलबंद और कैंपर का पानी खरीदकर अपनी प्यास बुझा रहे हैं। लोगों का आरोप है कि करीब छह माह पहले ही क्षेत्र में नई पेयजल लाइन बिछाई गई थी, लेकिन लीकेज के कारण अक्सर सीवर मिला दूषित पानी आने लगता है। आक्रोशित लोगों ने चेतावनी दी है कि यदि इस बार समस्या का स्थायी समाधान कर स्वच्छ पेयजल मुहैया नहीं कराया गया, तो वे प्रदर्शन करेंगे। जल संस्थान के जेई आलेंद्र ने बताया कि लीकेज तलाशा जा रहा है।
                                
                
                
                 
                    
                        
                                                                                        
                             
                                                                    
                            
                                         
     
                                       
                                                                    
                                
                                                                                                               
                                                    
                            
                                 
                                
                               
                                                                                
                                                                                
                                 
                
                                
                
                
                                
                                
                                                                                                               
                                                    
                            
                                 
                                
                               
                                                
                                                                 
                 
                                
                                
                
                
                                
                                
                                                                                                               
                                                    
                            
                                 
                                
                               
                                                
                                                
                                
                
                                                                
                               
                                                        
        
विज्ञापन",hi,8/13/26 20:46,8/14/26 11:13,Dehradun,protest_agitation,,trafilatura,282
b88d304012a4d2d987c2106d54d5094e89b3d1b1,https://www.amarujala.com/dehradun/accused-acquitted-in-case-of-kidnapping-and-sexual-assault-of-a-minor-vikas-nagar-news-c-5-1-drn1089-1042001-2026-08-14,https://amarujala.com/dehradun/accused-acquitted-in-case-of-kidnapping-and-sexual-assault-of-a-minor-vikas-nagar-news-c-5-1-drn1089-1042001-2026-08-14,amar_ujala_dehradun,Amar Ujala,rss,Dehradun News: नाबालिग के अपहरण और यौन उत्पीड़न का आरोपी दोषमुक्त,Accused acquitted in case of kidnapping and sexual assault of a minor,"{""_id"":""6a7e2d1789b9c9aca306855e"",""slug"":""accused-acquitted-in-case-of-kidnapping-and-sexual-assault-of-a-minor-vikas-nagar-news-c-5-1-drn1089-1042001-2026-08-14"",""type"":""story"",""status"":""publish"",""title_hn"":""Dehradun News: नाबालिग के अपहरण और यौन उत्पीड़न का आरोपी दोषमुक्त"",""category"":{""title"":""City & states"",""title_hn"":""शहर और राज्य"",""slug"":""city-and-states""}}
    Dehradun News: नाबालिग के अपहरण और यौन उत्पीड़न का आरोपी दोषमुक्त
 
                संवाद न्यूज एजेंसी, देहरादून            
       
    विज्ञापन
    
        
    
     
   
        
        
        
    
      
            खबरें लगातार पढ़ने के लिए अमर उजाला एप डाउनलोड करें
या 
 वेबसाइट पर पढ़ना जारी रखने के लिए वीडियो विज्ञापन देखें
अगर आपके पास प्रीमियम मेंबरशिप है तो
                                                 
                नाबालिग के अपहरण और यौन उत्पीड़न के मामले में अपर जिला एवं सत्र न्यायाधीश (एफटीएससी/पॉक्सो) अब्दुल कय्यूम की अदालत ने आरोपी को साक्ष्यों के अभाव में बरी कर दिया है। न्यायालय ने अपने फैसले में स्पष्ट किया कि अभियोजन पक्ष आरोपों को संदेह से परे साबित करने में पूरी तरह विफल रहा और पर्याप्त ठोस साक्ष्य पेश नहीं किए जा सके।
                                
                
                
                 
                    
                        
                                                                                        
                             
                                         
     
                                       
                                                                    
                                
                                                                                                               
                                                    
                            
                                 
                                
                               
                                                                                
                                                                                
                                 
                
मामला सेलाकुई थाना क्षेत्र का है। अभियोजन के मुताबिक, दो नवंबर 2022 को एक महिला ने पुलिस को तहरीर देकर बताया था कि उसकी 15 वर्षीय बेटी घर से लापता हो गई है। पुलिस की विवेचना में चमोली जिले के थराली (ग्राम जूनीधार) निवासी अनिल कुमार पर किशोरी को बहला-फुसलाकर ले जाने और यौन उत्पीड़न का आरोप लगा। इसके बाद पुलिस ने आरोपी को गिरफ्तार कर उसके खिलाफ अपहरण व पॉक्सो एक्ट के तहत प्राथमिकी दर्ज की थी।    
             
                                                
                            
                                 
                                
                               
                                                                                
                                                                 
                
                                
                
                
                                
                                
                                                                                                               
                                                    
                            
                                 
                                
                               
                                                
                                                                 
                
गवाहों के बयानों में मिला भारी विरोधाभास
सुनवाई के दौरान मामले में तब नया मोड़ आ गया, जब पीड़िता ने अदालत में अपने बयान दर्ज कराए। उसने आरोपी की ओर से किसी भी गलत काम से साफ इनकार करते हुए बताया कि वह अपनी मर्जी से अपनी मामी के घर गई थी और दो-तीन दिन बाद खुद लौट आई। पीड़िता की मां ने भी गवाही दी कि डांट पड़ने पर बेटी बिना बताए चली गई थी। वहीं, चिकित्सीय परीक्षण में भी पीड़िता के शरीर पर किसी प्रकार की चोट या दुष्कर्म की पुष्टि नहीं हुई।
                    विज्ञापन 
                    
                    
                        
                    
                    
                        
                    
                    
                                                                               
                                                             
                        
                                
                                                      
                                
                
                
                                
                                
                                                                                                               
                                                    
                         
            
अदालत की टिप्पणी
न्यायालय ने स्कूल के एसआर रजिस्टर के आधार पर यह तो माना कि घटना के वक्त पीड़िता की उम्र 18 वर्ष से कम थी, लेकिन अपहरण या जबरन ले जाने के आरोप प्रमाणित नहीं हो सके। गवाहों के बयानों में विरोधाभास, चिकित्सीय साक्ष्यों के अभाव और बरामदगी से जुड़े ठोस दस्तावेजों की कमी को देखते हुए अदालत ने आरोपी अनिल कुमार को बाइज्जत बरी कर दिया।
                                
                
                
                                
                                
                                                                                                               
                                                    
                            
                                                                                
                                
                
                
                                
                                
                                                                                                               
                                                    
                            
                                 
                                
                               
                                                
                                                
                                
                
                                                                
                               
                                                        
        
विज्ञापन
 
    मामला सेलाकुई थाना क्षेत्र का है। अभियोजन के मुताबिक, दो नवंबर 2022 को एक महिला ने पुलिस को तहरीर देकर बताया था कि उसकी 15 वर्षीय बेटी घर से लापता हो गई है। पुलिस की विवेचना में चमोली जिले के थराली (ग्राम जूनीधार) निवासी अनिल कुमार पर किशोरी को बहला-फुसलाकर ले जाने और यौन उत्पीड़न का आरोप लगा। इसके बाद पुलिस ने आरोपी को गिरफ्तार कर उसके खिलाफ अपहरण व पॉक्सो एक्ट के तहत प्राथमिकी दर्ज की थी।
                विज्ञापन
                
                    
                
            
            गवाहों के बयानों में मिला भारी विरोधाभास
सुनवाई के दौरान मामले में तब नया मोड़ आ गया, जब पीड़िता ने अदालत में अपने बयान दर्ज कराए। उसने आरोपी की ओर से किसी भी गलत काम से साफ इनकार करते हुए बताया कि वह अपनी मर्जी से अपनी मामी के घर गई थी और दो-तीन दिन बाद खुद लौट आई। पीड़िता की मां ने भी गवाही दी कि डांट पड़ने पर बेटी बिना बताए चली गई थी। वहीं, चिकित्सीय परीक्षण में भी पीड़िता के शरीर पर किसी प्रकार की चोट या दुष्कर्म की पुष्टि नहीं हुई।
विज्ञापन
    
                                    
                            
                                 
                                
                               
                                                                                                        अदालत की टिप्पणी
न्यायालय ने स्कूल के एसआर रजिस्टर के आधार पर यह तो माना कि घटना के वक्त पीड़िता की उम्र 18 वर्ष से कम थी, लेकिन अपहरण या जबरन ले जाने के आरोप प्रमाणित नहीं हो सके। गवाहों के बयानों में विरोधाभास, चिकित्सीय साक्ष्यों के अभाव और बरामदगी से जुड़े ठोस दस्तावेजों की कमी को देखते हुए अदालत ने आरोपी अनिल कुमार को बाइज्जत बरी कर दिया।",hi,8/13/26 20:46,8/14/26 11:13,Dehradun|Chamoli,investigation_justice,,trafilatura,608
d4273b69ba0a44aea02439e7552027110a7886c8,https://www.amarujala.com/dehradun/a-tangled-web-of-wires-hanging-over-the-roads-vikas-nagar-news-c-5-1-drn1089-1042000-2026-08-14,https://amarujala.com/dehradun/a-tangled-web-of-wires-hanging-over-the-roads-vikas-nagar-news-c-5-1-drn1089-1042000-2026-08-14,amar_ujala_dehradun,Amar Ujala,rss,"Dehradun News: सड़कों पर झूल रहा तारों का मकड़जाल, हादसे का खतरा",A tangled web of wires hanging over the roads,"{""_id"":""6a7e2ce56d70224dd30f9a35"",""slug"":""a-tangled-web-of-wires-hanging-over-the-roads-vikas-nagar-news-c-5-1-drn1089-1042000-2026-08-14"",""type"":""story"",""status"":""publish"",""title_hn"":""Dehradun News: सड़कों पर झूल रहा तारों का मकड़जाल, हादसे का खतरा"",""category"":{""title"":""City & states"",""title_hn"":""शहर और राज्य"",""slug"":""city-and-states""}}
    Dehradun News: सड़कों पर झूल रहा तारों का मकड़जाल, हादसे का खतरा
 
                संवाद न्यूज एजेंसी, देहरादून            
       
    विज्ञापन
    
        
    
     
   
        
        
        
    
      
            खबरें लगातार पढ़ने के लिए अमर उजाला एप डाउनलोड करें
या 
 वेबसाइट पर पढ़ना जारी रखने के लिए वीडियो विज्ञापन देखें
अगर आपके पास प्रीमियम मेंबरशिप है तो
                                                 
                शहर के प्रमुख मार्गों और गलियों में बेतरतीब ढंग से फैला बिजली, इंटरनेट और एयर फाइबर की तारों का मकड़जाल लोगों के लिए जानलेवा साबित हो सकता है। हालात यह हैं कि कई जगह तार इतने नीचे झूल रहे हैं कि वे कभी भी किसी बड़े वाहन की चपेट में आकर गंभीर हादसे का कारण बन सकते हैं। स्थानीय लोगों ने संबंधित विभागों से इस अव्यवस्था को जल्द सुधारने की मांग की है। सिनेमा गली, कॉलेज रोड, 28 फीट रोड, गीता भवन मार्ग और कोतवाली मार्ग जैसे व्यस्त इलाकों में खंभों पर तारों के भारी-भरकम गुच्छे देखे जा सकते हैं। एक-दूसरे में उलझी इन केबल्स के चलते जहां शहर की सुंदरता पर ग्रहण लग रहा है, वहीं तकनीकी फाल्ट आने पर बिजली या इंटरनेट सेवा प्रदाताओं के कर्मचारियों को भी मरम्मत कार्य में खासी मशक्कत करनी पड़ती है। स्थानीय लोगों ने ऊर्जा निगम और संचार कंपनियों से इस मकड़जाल को तत्काल हटाकर तारों को व्यवस्थित ढंग से बांधने या अंडरग्राउंड करने की गुहार लगाई है, ताकि किसी भी अप्रिय घटना से बचा जा सके। वहीं स्थानीय निवासी दीपक अग्रवाल ने बताया कि तारों के गुच्छे और नीचे लटकते तार राहगीरों और वाहन चालकों के लिए परेशानी बने हैं। इन्हें जल्द व्यवस्थित किया जाना चाहिए।
                                
                
                
                 
                    
                        
                                                                                        
                             
                                                                    
                            
                                         
     
                                       
                                                                    
                                
                                                                                                               
                                                    
                            
                                 
                                
                               
                                                                                
                                                                                
                                 
                
                                
                
                
                                
                                
                                                                                                               
                                                    
                            
                                 
                                
                               
                                                
                                                                 
                 
                                
                                
                
                
                                
                                
                                                                                                               
                                                    
                            
                                 
                                
                               
                                                
                                                
                                
                
                                                                
                               
                                                        
        
विज्ञापन",hi,8/13/26 20:45,8/14/26 11:13,Dehradun,protest_agitation|infrastructure,,trafilatura,266
0dbba35562653d0ebd5fb85fd2b6c99bc93ccc4b,https://www.amarujala.com/dehradun/specialist-posts-vacant-for-years-patients-in-villages-vikas-nagar-news-c-5-1-drn1089-1041999-2026-08-14,https://amarujala.com/dehradun/specialist-posts-vacant-for-years-patients-in-villages-vikas-nagar-news-c-5-1-drn1089-1041999-2026-08-14,amar_ujala_dehradun,Amar Ujala,rss,"Dehradun News: 14 साल से विशेषज्ञों के पद खाली, 180 गांवों के मरीज बेहाल",Specialist posts vacant for years; patients in villages,"{""_id"":""6a7e2cb31bdb16fa4c0afbb8"",""slug"":""specialist-posts-vacant-for-years-patients-in-villages-vikas-nagar-news-c-5-1-drn1089-1041999-2026-08-14"",""type"":""story"",""status"":""publish"",""title_hn"":""Dehradun News: 14 साल से विशेषज्ञों के पद खाली, 180 गांवों के मरीज बेहाल"",""category"":{""title"":""City & states"",""title_hn"":""शहर और राज्य"",""slug"":""city-and-states""}}
    Dehradun News: 14 साल से विशेषज्ञों के पद खाली, 180 गांवों के मरीज बेहाल
 
                संवाद न्यूज एजेंसी, देहरादून            
       
    विज्ञापन
    
        
    
     
   
        
        
        
    
      
            खबरें लगातार पढ़ने के लिए अमर उजाला एप डाउनलोड करें
या 
 वेबसाइट पर पढ़ना जारी रखने के लिए वीडियो विज्ञापन देखें
अगर आपके पास प्रीमियम मेंबरशिप है तो
                                                 
                जौनसार-बावर के 180 गांवों की स्वास्थ्य लाइफलाइन साहिया सामुदायिक स्वास्थ्य केंद्र (सीएचसी) सिर्फ रेफरल सेंटर बनकर रह गया है। 30 बेड वाले इस अस्पताल में वर्ष 2012 से सर्जन, निश्चेतक, हड्डी रोग और स्त्री एवं प्रसूति रोग विशेषज्ञ के पद खाली पड़े हैं। विशेषज्ञों के अभाव में मरीजों को बेहतर इलाज नहीं मिल पा रहा और उन्हें मजबूरी में विकासनगर या देहरादून की दौड़ लगानी पड़ रही है।
                                
                
                
                 
                    
                        
                                                                                        
                             
                                                                    
                            
                                         
     
                                       
                                                                    
                                
                                                                                                               
                                                    
                            
                                 
                                
                               
                                                                                
                                                                                
                                 
                
बता दें कि 2004 में अस्पताल को उच्चीकृत कर सीएचसी का दर्जा दिया गया था, जिसमें नौ विशेषज्ञ और दो ईएमओ के पद सृजित हैं। वर्तमान में हालात यह हैं कि एक सामान्य महिला चिकित्सक का भी यहां से स्थानांतरण कर दिया गया, जिससे महिलाओं की दिक्कतें और बढ़ गई हैं। साहिया नेवी की प्रधान बिंद्रा देवी, पूर्व प्रधान सुभाष भाटी, भीम दत्त वर्मा, रणवीर सिंह चौहान, रविंद्र पाल और रीता बिष्ट ने सरकार पर क्षेत्र की अनदेखी का आरोप लगाया है। ग्रामीणों ने चेतावनी दी है कि यदि जल्द विशेषज्ञ चिकित्सकों की तैनाती नहीं हुई, तो वे आंदोलन करेंगे।    
             
                                                
                            
                                 
                                
                               
                                                                                
                                                      
                                
                
                
                                
                                
                                                                                                               
                                                    
                            
                                 
                                
                               
                                                
                                                                 
                
साहिया सीएचसी में विशेषज्ञ चिकित्सकों की तैनाती के लिए शासन को सूची भेजी जा चुकी है। चिकित्सक उपलब्ध होते ही उन्हें अस्पताल में नियुक्त किया जाएगा। - डॉ. मनोज शर्मा, मुख्य चिकित्सा अधिकारी।
                    विज्ञापन 
                    
                    
                        
                    
                    
                        
                    
                    
                                                                               
                                                             
                                
                
                
                                
                                
                                                                                                               
                                                    
                         
            
                                
                
                
                                
                                
                                                                                                               
                                                    
                            
                                 
                                
                               
                                                
                                                
                                
                
                                                                
                               
                                                        
        
विज्ञापन
 
    बता दें कि 2004 में अस्पताल को उच्चीकृत कर सीएचसी का दर्जा दिया गया था, जिसमें नौ विशेषज्ञ और दो ईएमओ के पद सृजित हैं। वर्तमान में हालात यह हैं कि एक सामान्य महिला चिकित्सक का भी यहां से स्थानांतरण कर दिया गया, जिससे महिलाओं की दिक्कतें और बढ़ गई हैं। साहिया नेवी की प्रधान बिंद्रा देवी, पूर्व प्रधान सुभाष भाटी, भीम दत्त वर्मा, रणवीर सिंह चौहान, रविंद्र पाल और रीता बिष्ट ने सरकार पर क्षेत्र की अनदेखी का आरोप लगाया है। ग्रामीणों ने चेतावनी दी है कि यदि जल्द विशेषज्ञ चिकित्सकों की तैनाती नहीं हुई, तो वे आंदोलन करेंगे।
                विज्ञापन
                
                    
                
            
            साहिया सीएचसी में विशेषज्ञ चिकित्सकों की तैनाती के लिए शासन को सूची भेजी जा चुकी है। चिकित्सक उपलब्ध होते ही उन्हें अस्पताल में नियुक्त किया जाएगा। - डॉ. मनोज शर्मा, मुख्य चिकित्सा अधिकारी।
विज्ञापन",hi,8/13/26 20:44,8/14/26 11:13,Dehradun,protest_agitation|health_education,,trafilatura,403
e3394aec4d7b3baba043c829478b8780ecf3b167,https://www.amarujala.com/dehradun/female-students-to-receive-an-annual-scholarship-of-vikas-nagar-news-c-5-1-drn1089-1041998-2026-08-14,https://amarujala.com/dehradun/female-students-to-receive-an-annual-scholarship-of-vikas-nagar-news-c-5-1-drn1089-1041998-2026-08-14,amar_ujala_dehradun,Amar Ujala,rss,"Dehradun News: छात्राओं को हर साल मिलेगी 30 हजार की छात्रवृत्ति, आवेदन 30 अगस्त तक",Female students to receive an annual scholarship of,"{""_id"":""6a7e2c8bef803eec3608b77c"",""slug"":""female-students-to-receive-an-annual-scholarship-of-vikas-nagar-news-c-5-1-drn1089-1041998-2026-08-14"",""type"":""story"",""status"":""publish"",""title_hn"":""Dehradun News: छात्राओं को हर साल मिलेगी 30 हजार की छात्रवृत्ति, आवेदन 30 अगस्त तक"",""category"":{""title"":""City & states"",""title_hn"":""शहर और राज्य"",""slug"":""city-and-states""}}
    Dehradun News: छात्राओं को हर साल मिलेगी 30 हजार की छात्रवृत्ति, आवेदन 30 अगस्त तक
 
                संवाद न्यूज एजेंसी, देहरादून            
       
    विज्ञापन
    
        
    
     
   
        
        
        
    
      
            खबरें लगातार पढ़ने के लिए अमर उजाला एप डाउनलोड करें
या 
 वेबसाइट पर पढ़ना जारी रखने के लिए वीडियो विज्ञापन देखें
अगर आपके पास प्रीमियम मेंबरशिप है तो
                                                 
                जनजातीय क्षेत्र की छात्राओं को उच्च शिक्षा से जोड़ने के लिए अजीम प्रेमजी फाउंडेशन की ओर से 30 हजार रुपये की वार्षिक छात्रवृत्ति दी जाएगी। खंड शिक्षा अधिकारी (बीईओ) ने क्षेत्र के सभी राजकीय इंटर कॉलेजों को पत्र भेजकर 12वीं पास छात्राओं के शत-प्रतिशत आवेदन सुनिश्चित कराने के सख्त निर्देश दिए हैं।
                                
                
                
                 
                    
                        
                                                                                        
                             
                                                                    
                            
                                         
     
                                       
                                                                    
                                
                                                                                                               
                                                    
                            
                                 
                                
                               
                                                                                
                                                      
                                 
                
यह आर्थिक मदद छात्राओं को नियमित स्नातक कोर्स पूरा होने तक हर वर्ष मिलेगी। इसका लाभ सभी वर्गों की छात्राएं उठा सकती हैं। श्री देव सुमन उत्तराखंड विवि से संबद्ध संस्थानों में प्रवेश के लिए समर्थ पोर्टल पर पंजीकरण की अंतिम तिथि 18 अगस्त है, जबकि छात्रवृत्ति योजना के लिए 30 अगस्त तक आवेदन किया जा सकता है। सरदार महिपाल राजेंद्र जनजातीय पीजी कॉलेज के अध्यक्ष अनिल सिंह तोमर ने बीईओ के इस प्रयास की सराहना करते हुए इसे ग्रामीण छात्राओं के लिए बड़ी सौगात बताया है।
                                
                
                
                                
                                
                                                                                                                                    
             
                                                
                            
                                 
                                
                               
                                                                                
                                                
                                
                
                                                                
                               
                                                        
        
विज्ञापन
 
    यह आर्थिक मदद छात्राओं को नियमित स्नातक कोर्स पूरा होने तक हर वर्ष मिलेगी। इसका लाभ सभी वर्गों की छात्राएं उठा सकती हैं। श्री देव सुमन उत्तराखंड विवि से संबद्ध संस्थानों में प्रवेश के लिए समर्थ पोर्टल पर पंजीकरण की अंतिम तिथि 18 अगस्त है, जबकि छात्रवृत्ति योजना के लिए 30 अगस्त तक आवेदन किया जा सकता है। सरदार महिपाल राजेंद्र जनजातीय पीजी कॉलेज के अध्यक्ष अनिल सिंह तोमर ने बीईओ के इस प्रयास की सराहना करते हुए इसे ग्रामीण छात्राओं के लिए बड़ी सौगात बताया है।
                विज्ञापन",hi,8/13/26 20:43,8/14/26 11:13,Dehradun,protest_agitation|health_education,उत्तराखंड,trafilatura,295
78b21c9d7c5976c3d2915bbd45e960a2a549ca6b,https://www.amarujala.com/dehradun/daughters-not-yet-received-free-transportation-facilities-for-commuting-to-and-from-college-uttarakhand-news-2026-08-14,https://amarujala.com/dehradun/daughters-not-yet-received-free-transportation-facilities-for-commuting-to-and-from-college-uttarakhand-news-2026-08-14,amar_ujala_uttarakhand,Amar Ujala,rss,"Dehradun: बेटियों को कॉलेज आने के लिए नहीं मिली मुफ्त परिवहन की सौगात, उपस्थिति बढ़ाने को लिया गया था निर्णय",उत्तराखंड में पहाड़ की बेटियों को महाविद्यालय आने-जाने के लिए मुफ्त परिवहन की सुविधा अब तक नहीं मिली है।,"Dehradun: बेटियों को कॉलेज आने के लिए नहीं मिली मुफ्त परिवहन की सौगात, उपस्थिति बढ़ाने को लिया गया था निर्णय
बेटियां सुविधा के अभाव में उच्च शिक्षा से वंचित न रहें। इसलिए पिछले साल मुफ्त परिवहन की सौगात देने का प्रस्ताव बनाया गया। लेकिन इसका लाभ बेटियों को अभी तक नहीं मिल पाया।
खबरें लगातार पढ़ने के लिए अमर उजाला एप डाउनलोड करें
या 
 वेबसाइट पर पढ़ना जारी रखने के लिए वीडियो विज्ञापन देखें
अगर आपके पास प्रीमियम मेंबरशिप है तो
विस्तार
उत्तराखंड में पहाड़ की बेटियों को महाविद्यालय आने-जाने के लिए मुफ्त परिवहन की सुविधा अब तक नहीं मिली है। उच्च शिक्षा विभाग ने छात्राओं की उपस्थिति बढ़ाने के लिए गेम चेंजर योजना के तहत इसका प्रस्ताव तैयार किया था। शिक्षा मंत्री डॉ. धन सिंह रावत ने भी कहा था कि सरकार छात्राओं के परिवहन खर्च को वहन करेगी। इसके बावजूद अब तक योजना धरातल पर नहीं उतर पाई है।
विभाग का उद्देश्य था कि प्रतिभावान बेटियां सुविधा के अभाव में उच्च शिक्षा से वंचित न रहें। पिछले साल प्रस्ताव तैयार होने के बावजूद छात्राओं को मुफ्त परिवहन का लाभ नहीं मिल पाया है। इसी वजह से महाविद्यालयों में छात्राओं की उपस्थिति कम होती जा रही है।
विभागीय अधिकारियों के अनुसार, प्रवेशित छात्राओं में से प्रतिदिन बहुत कम छात्राएं महाविद्यालय पहुंचती हैं। सचिव उच्च शिक्षा बीवीआरसी पुरुषोत्तम ने बताया कि इस संबंध में प्रस्ताव तैयार किया जा रहा है, जिसे कैबिनेट में लाया जाएगा।
प्रदेश में हैं 118 सरकारी महाविद्यालय
प्रदेश में पांच राज्य विश्वविद्यालय, 26 निजी विश्वविद्यालय और 118 सरकारी महाविद्यालय और 244 निजी महाविद्यालय हैं। जबकि 21 सहायता प्राप्त महाविद्यालयों हैं।
नौवीं की छात्राओं को स्कूल आने के लिए साइकिल दे रही सरकार
सरकारी और अशासकीय विद्यालयों में नौवीं कक्षा में पढ़ने वाली छात्राओं को सरकार मुफ्त साइकिल दे रही है। मैदानी क्षेत्रों के स्कूलों में इसके लिए छात्राओं के खातों में 2850 रुपये दिए जा रहे हैं। जबकि स्कूलों में पढ़ने वाली छात्राओं को इतनी ही धनराशि की बैंक एफडी दी जा रही है।
ये भी पढे़ं...चमोली टनल हादसा: दो दिन से गिर रहा था मलबा, परियोजना प्रबंधन ने किया अनदेखा, दहला देने वाला था मंजर, तस्वीरें
सरकारी महाविद्यालयों की छात्राओं को मुफ्त परिवहन सुविधा दिए जाने के लिए शिक्षा मंत्री ने एक बैठक में निर्देश दिए थे, इसके लिए प्रस्ताव तैयार किया जा रहा है। जिसे कैबिनेट में लाया जाएगा। -डॉ.बीवीआरसी पुरुषोत्तम, सचिव उच्च शिक्षा",hi,8/13/26 20:29,8/14/26 10:09,Dehradun|Chamoli,protest_agitation|infrastructure|health_education|politics_governance,उत्तराखंड,trafilatura,390
61a9d2e6dac3c6b34fda7490483f6b83359f801e,https://www.bhaskar.com/local/uttarakhand/dehradun/news/uksssc-paper-leak-hakam-singh-rawat-assets-attach-enforcement-dehradun-138602772.html,https://bhaskar.com/local/uttarakhand/dehradun/news/uksssc-paper-leak-hakam-singh-rawat-assets-attach-enforcement-dehradun-138602772.html,gnews_uksssc,Dainik Bhaskar,gnews,UKSSSC पेपर लीक में ईडी की बड़ी कार्रवाई: मास्टरमाइंड हाकम सिंह की 63.30 लाख की संपत्तियां की अटैच,UKSSSC पेपर लीक में ईडी की बड़ी कार्रवाई: मास्टरमाइंड हाकम सिंह की 63.30 लाख की संपत्तियां की अटैच  Dainik Bhaskar,"- Hindi News
- Local
- Uttarakhand
- Dehradun
- UKSSSC Paper Leak Case | Mastermind Hakam Singh Assets Attached In Dehradun
UKSSSC पेपर लीक में ईडी की बड़ी कार्रवाई:मास्टरमाइंड हाकम सिंह की 63.30 लाख की संपत्तियां की अटैच
- कॉपी लिंक
उत्तराखंड अधीनस्थ सेवा चयन आयोग (यूकेएसएसएससी) स्नातक स्तरीय भर्ती परीक्षा-2021 पेपर लीक मामले में प्रवर्तन निदेशालय (ईडी) ने बड़ी कार्रवाई की है। ईडी के देहरादून उप क्षेत्रीय कार्यालय ने धन शोधन निवारण अधिनियम (पीएमएलए), 2002 के तहत आरोपी हाकम सिंह
पेपर लीक से जुटाया करोड़ों का अवैध धन, संपत्तियां खरीदी ईडी के अनुसार जांच में सामने आया कि हाकम सिंह रावत, आरएमएस टेक्नो सॉल्यूशंस प्राइवेट लिमिटेड के कर्मचारियों, परीक्षा संचालन से जुड़े अधिकारियों और अन्य बिचौलियों के साथ मिलकर संगठित तरीके से पेपर लीक सिंडिकेट चला रहा था। लीक प्रश्न पत्र अभ्यर्थियों को मोटी रकम लेकर पहुंचाए गए और उसी अपराध से अर्जित धन का इस्तेमाल चल-अचल संपत्तियां खरीदने में किया गया।
95 लाख रुपये की अवैध कमाई का खुलासा वित्तीय जांच में पता चला कि हाकम सिंह रावत को परियोजना से करीब 95 लाख रुपये की अवैध आय मिली। बैंक खातों की जांच में भारी मात्रा में नकद जमा होने का खुलासा हुआ। ईडी के मुताबिक इन पैसों को वैध दिखाने के लिए आयकर रिटर्न में कृषि आय दर्शाई गई जबकि जांच में कृषि गतिविधि का दावा फर्जी पाया गया। एजेंसी का कहना है कि अपराध से अर्जित धन को वित्तीय प्रणाली में शामिल कर संपत्तियां खरीदी गईं।
14 ठिकानों पर छापे, कई अहम दस्तावेज मिले ईडी की तरफ से जानकारी दी गई कि जांच के दौरान 14 स्थानों पर तलाशी ली गई। इस दौरान डिजिटल उपकरण, संपत्ति संबंधी दस्तावेज, बैंक रिकॉर्ड और अन्य आपत्तिजनक सामग्री बरामद हुई। जांच में हाकम सिंह रावत की भूमिका के साथ अन्य आरोपियों की संलिप्तता भी सामने आई है।
विशेष अदालत में पहले ही दाखिल हो चुकी है अभियोजन शिकायत ईडी ने बताया कि इस मामले में आरएमएस टेक्नो सॉल्यूशंस प्राइवेट लिमिटेड के कर्मचारियों, सरकारी कर्मियों, बिचौलियों और अन्य आरोपियों के खिलाफ विशेष पीएमएलए अदालत, देहरादून में पहले ही अभियोजन शिकायत (प्रॉसिक्यूशन कंप्लेंट) दाखिल की जा चुकी है।
2016 और 2021 की भर्ती परीक्षाओं से जुड़ा है मामला जांच एजेंसी के अनुसार यूकेएसएसएससी भर्ती घोटाला वर्ष 2016 और 2021 की भर्ती परीक्षाओं में बड़े स्तर पर हुई अनियमितताओं से जुड़ा है। जांच में ओएमआर शीट में छेड़छाड़, गोपनीय प्रश्नपत्र लीक करने और अभ्यर्थियों को अवैध लाभ पहुंचाने की साजिश का खुलासा हुआ है और मामले में ईडी की जांच अभी भी जारी है।",hi,8/13/26 19:54,8/14/26 11:16,Dehradun,recruitment_jobs|exam_paper_leak|investigation_justice,UKSSSC|uttarakhand|अधीनस्थ सेवा चयन आयोग|उत्तराखंड|यूकेएसएसएससी,trafilatura,412
7e6817468a12ebd24c04993c0eccd5a91d0880f0,https://www.amarujala.com/video/dehradun/video-message-of-patriotism-conveyed-through-tiranga-yatra-at-the-bharat-samman-ceremony-dehradun-2026-08-14,https://amarujala.com/video/dehradun/video-message-of-patriotism-conveyed-through-tiranga-yatra-at-the-bharat-samman-ceremony-dehradun-2026-08-14,amar_ujala_dehradun,Amar Ujala,rss,भारत सम्मान समारोह में तिरंगा यात्रा के साथ देशभक्ति का संदेश,भारत सम्मान समारोह में तिरंगा यात्रा के साथ देशभक्ति का संदेश,"{""_id"":""6a7ec9876c3670d3fe0c7c51"",""slug"":""video-message-of-patriotism-conveyed-through-tiranga-yatra-at-the-bharat-samman-ceremony-dehradun-2026-08-14"",""type"":""video"",""status"":""publish"",""title_hn"":""भारत सम्मान समारोह में तिरंगा यात्रा के साथ देशभक्ति का संदेश"",""category"":{""title"":""City & states"",""title_hn"":""शहर और राज्य"",""slug"":""city-and-states""}}
भारत सम्मान समारोह में तिरंगा यात्रा के साथ देशभक्ति का संदेश
स्वतंत्रता दिवस के उपलक्ष्य में कैंट रोड स्थित राज्य अतिथि गृह में संयुक्त नागरिक संगठन की ओर से भारत सम्मान समारोह एवं तिरंगा यात्रा का आयोजन किया गया। कार्यक्रम में संगठन के सदस्यों ने उत्साहपूर्वक भाग लिया। तिरंगा यात्रा के दौरान देशभक्ति का संदेश दिया गया और स्वतंत्रता दिवस के अवसर पर देश के प्रति सम्मान व्यक्त किया गया।
एड फ्री अनुभव के लिए अमर उजाला प्रीमियम सब्सक्राइब करें
अमर उजाला प्रीमियम वीडियो सिर्फ सब्सक्राइबर्स के लिए उपलब्ध है
प्रीमियम वीडियो
सभी विशेष आलेख
फ्री इ-पेपर
सब्सक्राइब करें
Next Article
Disclaimer
हम डाटा संग्रह टूल्स, जैसे की कुकीज के माध्यम से आपकी जानकारी एकत्र करते हैं ताकि आपको बेहतर और व्यक्तिगत अनुभव प्रदान कर सकें और लक्षित विज्ञापन पेश कर सकें। अगर आप साइन-अप करते हैं, तो हम आपका ईमेल पता, फोन नंबर और अन्य विवरण पूरी तरह सुरक्षित तरीके से स्टोर करते हैं। आप कुकीज नीति पृष्ठ से अपनी कुकीज हटा सकते है और रजिस्टर्ड यूजर अपने प्रोफाइल पेज से अपना व्यक्तिगत डाटा हटा या एक्सपोर्ट कर सकते हैं। हमारी Cookies Policy, Privacy Policy और Terms & Conditions के बारे में पढ़ें और अपनी सहमति देने के लिए Agree पर क्लिक करें।",hi,8/13/26 19:53,8/14/26 10:09,Dehradun,tourism_religion|politics_governance,,trafilatura,219
7ec8410516855bede17f6461580a55d74108842b,https://www.amarujala.com/video/dehradun/video-state-agitators-intensified-their-movement-demanding-appointments-dehradun-news-2026-08-14,https://amarujala.com/video/dehradun/video-state-agitators-intensified-their-movement-demanding-appointments-dehradun-news-2026-08-14,amar_ujala_dehradun,Amar Ujala,rss,नियुक्ति की मांग को राज्य आंदोलनकारियों ने तेज किया आंदोलन,नियुक्ति की मांग को राज्य आंदोलनकारियों ने तेज किया आंदोलन,"{""_id"":""6a7ec828d3fcc4af98080abb"",""slug"":""video-state-agitators-intensified-their-movement-demanding-appointments-dehradun-news-2026-08-14"",""type"":""video"",""status"":""publish"",""title_hn"":""नियुक्ति की मांग को राज्य आंदोलनकारियों ने तेज किया आंदोलन"",""category"":{""title"":""City & states"",""title_hn"":""शहर और राज्य"",""slug"":""city-and-states""}}
नियुक्ति की मांग को राज्य आंदोलनकारियों ने तेज किया आंदोलन
कचहरी स्थित शहीद स्थल पर नियुक्ति की मांग को लेकर पिछले 60 दिनों से धरना दे रहे राज्य आंदोलनकारियों ने शुक्रवार को आंदोलन तेज कर दिया। राज्य आंदोलनकारी मंच के सदस्य टाट के कपड़े पहनकर और हाथ में कटोरा लेकर भीख मांगते नजर आए। आंदोलनकारियों ने सरकार से नियुक्ति की मांग पूरी करने की अपील की। उन्होंने कहा कि मांग पूरी होने तक आंदोलन जारी रहेगा।
एड फ्री अनुभव के लिए अमर उजाला प्रीमियम सब्सक्राइब करें
अमर उजाला प्रीमियम वीडियो सिर्फ सब्सक्राइबर्स के लिए उपलब्ध है
प्रीमियम वीडियो
सभी विशेष आलेख
फ्री इ-पेपर
सब्सक्राइब करें
Next Article
Disclaimer
हम डाटा संग्रह टूल्स, जैसे की कुकीज के माध्यम से आपकी जानकारी एकत्र करते हैं ताकि आपको बेहतर और व्यक्तिगत अनुभव प्रदान कर सकें और लक्षित विज्ञापन पेश कर सकें। अगर आप साइन-अप करते हैं, तो हम आपका ईमेल पता, फोन नंबर और अन्य विवरण पूरी तरह सुरक्षित तरीके से स्टोर करते हैं। आप कुकीज नीति पृष्ठ से अपनी कुकीज हटा सकते है और रजिस्टर्ड यूजर अपने प्रोफाइल पेज से अपना व्यक्तिगत डाटा हटा या एक्सपोर्ट कर सकते हैं। हमारी Cookies Policy, Privacy Policy और Terms & Conditions के बारे में पढ़ें और अपनी सहमति देने के लिए Agree पर क्लिक करें।",hi,8/13/26 19:47,8/14/26 11:13,Dehradun,protest_agitation|politics_governance,,trafilatura,224
caea0d035b9812089f7c8c9d3d28847755358fe0,https://www.amarujala.com/photo-gallery/dehradun/chamoli-tunnel-landslide-half-tunnel-filled-with-water-and-debris-up-to-neck-level-soldiers-rescue-using-drums-2026-08-14,https://amarujala.com/photo-gallery/dehradun/chamoli-tunnel-landslide-half-tunnel-filled-with-water-and-debris-up-to-neck-level-soldiers-rescue-using-drums-2026-08-14,amar_ujala_uttarakhand,Amar Ujala,rss,"Tunnel Landslide: गले तक पानी और मलबे से भर गई आधी टनल; नीले ड्रमों के सहारे जवान रेस्क्यू में जुटे, तस्वीरें",टनल में गले तक पानी और मलबा भर गया है। रात करीब दस बजे एनडीआरएफ की टीमें तीन वाहनों से टनल में घुसी।,"अलकनंदा नदी पर निर्माणाधीन विष्णुगाड-पीपलकोटी जल विद्युत परियोजना की टीआरटी (टेल रेस टनल) में जिस स्थान पर मजदूर काम कर रहे थे, वहां से करीब 150 मीटर दूर हुए भूस्खलन के बाद पानी के साथ पत्थर और मलबा टनल के अंदर घुस गया, जिसकी चपेट में कई मजदूर आ गए।
रहें हर खबर से अपडेट, डाउनलोड करें Android Hindi News App, iOS Hindi News App और Amarujala Hindi News APP अपने मोबाइल पे|
Get all India News in Hindi related to live update of politics, sports, entertainment, technology and education etc. Stay updated with us for all breaking news from India News and more news in Hindi.",hi,8/13/26 19:34,8/14/26 11:13,,infrastructure|environment_disaster,,trafilatura,107
85cd589eb1404f1d1218f7b525b4073633726884,https://www.drishtiias.com/statepcs/14-08-2026/uttarakhand,https://drishtiias.com/statepcs/14-08-2026/uttarakhand,gnews_uttarakhand_en,Drishti IAS,gnews,Daily Uttarakhand Current Affairs for UKPSC Exam (14-08-2026),Daily Uttarakhand Current Affairs for UKPSC Exam (14-08-2026)  Drishti IAS,"Uttarakhand Switch to Hindi

Kanwar Mela 2026 Sets Record with 4.8 Crore Kanwariyas

Why in News?

The Kanwar Mela 2026 concluded in Haridwar, with police claiming that around 4.8 crore Kanwariyas collected Ganga water from Har-ki-Pauri, surpassing the previous record of 4.5 crore in 2025.

Key Points

Record Footfall: Around 4.8 crore Kanwariyas participated in the 2026 Kanwar Yatra in Haridwar.

The 2026 footfall surpassed the 4.5 crore Kanwariyas recorded in 2025.

Traffic Management: Authorities adopted advanced traffic planning to reduce congestion during the pilgrimage.

The newly operational Delhi-Dehradun Expressway helped ease traffic congestion by diverting regular vehicular traffic.

Kanwariya traffic was kept separate from regular vehicular traffic to minimise disruption.

Kanwar Canal Route: Police strictly enforced the Kanwar Canal route to prevent pilgrims from entering residential and commercial areas.

Safety Measures: Nearly 400 people were rescued after being swept away while taking a dip in the Ganga.

Noise Control: Police barred large DJ-equipped Kanwar vehicles from entering the district to control noise pollution and prevent disputes.

Read More: Delhi-Dehradun Expressway

Uttarakhand Switch to Hindi

Uttarakhand to Launch CM Yuva Bhavishya Nirman Yojana-2026

Why in News?

The Uttarakhand Government is set to launch the Chief Minister Yuva Bhavishya Nirman Yojana-2026 to provide free online coaching to eligible youth preparing for various competitive examinations. The initiative aims to improve access to quality preparation resources and enhance employment opportunities for young people in the State.

Key Points:

Free Online Coaching:The scheme will provide free online coaching to eligible candidates preparing for competitive examinations, reducing the financial burden associated with private coaching.

Target Beneficiaries:The initiative is aimed primarily at youth of Uttarakhand preparing for government recruitment and other competitive examinations.

Competitive Examinations:Uttarakhand will soon launch the CM Yuva Bhavishya Nirman Yojana-2026, offering free online coaching for UPSC, PSC, SSC, banking, defence, railways and other competitive and entrance examinations.

Digital Learning:The scheme uses an online learning platform, enabling students to access coaching resources irrespective of their geographical location.

Benefit for Rural Youth:Online coaching can particularly benefit students from remote and hilly areas of Uttarakhand, where access to quality coaching institutions may be limited.

Employment-Oriented Initiative:The scheme seeks to improve the competitiveness of Uttarakhand's youth in recruitment examinations and thereby support employment and career opportunities.

Government's Youth Focus:The initiative reflects the State Government's emphasis on skill development, competitive examination preparation and youth empowerment.

National Current Affairs Switch to Hindi

APEDA Facilitates First Export of Tripura’s Mustard Honey to Dubai

Why in News?

Agricultural and Processed Food Products Export Development Authority (APEDA) facilitated the first-ever international shipment of mustard honey from Tripura, with Dergang Farmer Producer Organisation (FPO) exporting one metric tonne of mustard honey to Dubai.

Key Points

First Export: Tripura’s Dergang FPO exported 1 metric tonne of mustard honey to Dubai, marking the region’s first international shipment of the product.

The export was facilitated by the APEDA.

FPO Role: The initiative highlights the role of Farmer Producer Organisations (FPOs) in aggregating farm produce and connecting small farmers with overseas markets.

Salt Range Foods Pvt. Ltd. supported Dergang FPO in strengthening bee production and developing an export-oriented honey supply chain.

The initiative is expected to encourage quality standards, value addition and organised production in the honey sector.

Government Support: Tripura Agriculture Minister Ratan Lal Nath highlighted the potential of local agricultural products to reach global markets.

The initiative supports the development of apiculture (beekeeping) and organic agriculture in Tripura.

Focus: APEDA works with state governments, FPOs, exporters, processors and other stakeholders to promote agricultural exports from the Northeast through market linkages, capacity building, quality assurance and export facilitation.

Read More: APEDA, Farmer Producer Organisations (FPOs)

National Current Affairs Switch to Hindi

PM Modi Inaugurates AI-Powered ‘Param Pragya’ Facility at IIT Delhi

Why in News?

Prime Minister Narendra Modi inaugurated the AI-powered Param Pragya facility at IIT Delhi and participated in the institute’s 57th Convocation Ceremony. During the event, he also presented medals to graduating students.

Key Points:

Param Pragya Facility: The facility represents an important step towards strengthening high-performance computing (HPC) and artificial intelligence capabilities in India's academic and research ecosystem.

AI & High-Performance Computing: The facility is intended to support advanced research requiring substantial computational capacity, including Artificial Intelligence, Machine Learning, scientific computing and data-intensive research.

IIT Delhi: The initiative strengthens IIT Delhi's role as a hub for advanced technological research, innovation and development of AI-related capabilities.

Human Capital & Technology: The event highlighted the importance of combining India's expanding technology infrastructure with skilled human resources to support innovation and scientific research.

AI Ecosystem: Facilities such as Param Pragya can contribute to India's efforts to build domestic capacity in AI computing, advanced research and emerging technologies, reducing dependence on external computational infrastructure.

Read More: Artificial Intelligence

National Current Affairs Switch to Hindi

World Elephant Day

Why in News?

World Elephant Day is observed annually on 12 August to raise awareness about elephant conservation, protection of elephant habitats and the importance of promoting human-elephant coexistence.

Key Points:

World Elephant Day:World Elephant Day is observed every year on 12 August to draw global attention to the conservation challenges faced by elephants and encourage their protection.

India – A Major Stronghold of Asian Elephants: India hosts nearly 60% of the world’s wild Asian elephant population and has strengthened conservation through Project Elephant, Elephant Reserves and protected corridors.

Number: The Synchronous All India Population Estimation of Elephants (SAIEE) 2021–25 estimates India’s wild elephant population at 22,446.

Project Elephant: India launched Project Elephant in 1992 as a Centrally Sponsored Scheme for the protection and conservation of elephants, their habitats and migration corridors.

Human-Elephant Coexistence: India's conservation approach increasingly focuses on reducing conflict through early-warning systems, community participation, habitat management and protection of traditional elephant movement routes.

Major Threats: Elephants face threats from habitat loss and fragmentation, human-elephant conflict, infrastructure development and illegal killing/poaching.

Asian Elephant: The Asian elephant, scientifically known as Elephas maximus, is classified as Endangered on the IUCN Red List.

Read More: Elephant",en,8/13/26 18:55,8/14/26 11:20,Dehradun|Haridwar|Pauri Garhwal,recruitment_jobs|protest_agitation|migration_demography|tourism_religion,UKPSC|chief minister|uttarakhand|uttarakhand government,newspaper4k,986
605f4962e03210645a9fd87833d43f0d8786afb6,https://hindi.news18.com/news/uttarakhand/chamoli-chamoli-pipalkoti-thdc-tunnel-collapse-live-rescue-operation-workers-trapped-rescued-cm-dhami-directs-sdrf-ndrf-uttarakhand-local18-10746566.html,https://hindi.news18.com/news/uttarakhand/chamoli-chamoli-pipalkoti-thdc-tunnel-collapse-live-rescue-operation-workers-trapped-rescued-cm-dhami-directs-sdrf-ndrf-uttarakhand-local18-10746566.html,news18_hindi_uttarakhand,News18 Hindi,rss,"Chamoli Pipalkoti Tunnel Collapse LIVE: चमोली टनल हादसे पर बड़ा अपडेट, 20 मजदूर रेस्क्यू, मौके पर NDRF-SDRF और सेना","Pipalkoti Tunnel Collapse News: उत्तराखंड के चमोली के पीपलकोटी में निर्माणाधीन टीएचडीसी टनल में अचानक मलबा और पानी घुसने से एक बड़ा हादसा हो गया है. हादसे के वक्त सुरंग के अंदर 28 मजदूर फंस गए. घटना की सूचना मिलते ही जिला प्रशासन, एसडीआरएफ (SDRF) और एनडीआरएफ (NDRF) ने युद्धस्तर पर रेस्क्यू ऑपरेशन शुरू कर दिया है.",,hi,8/13/26 18:34,8/14/26 11:13,Chamoli,infrastructure,उत्तराखंड,,0
848bb3cb16ace602d77c76c0fa1da84c3e4529c7,https://www.bhaskar.com/local/uttarakhand/dehradun/news/ukpsc-exam-objection-process-uttarakhand-recruitment-rules-update-138581374.html,https://bhaskar.com/local/uttarakhand/dehradun/news/ukpsc-exam-objection-process-uttarakhand-recruitment-rules-update-138581374.html,gnews_uksssc,Dainik Bhaskar,gnews,UKPSC का बड़ा फैसला: अब अभ्यर्थी उठा सकेंगे प्रश्नों की संरचना पर सवाल; 4 अगस्त से शुरू होगी आपत्ति प्रक्रि...,UKPSC का बड़ा फैसला: अब अभ्यर्थी उठा सकेंगे प्रश्नों की संरचना पर सवाल; 4 अगस्त से शुरू होगी आपत्ति प्रक्रि...  Dainik Bhaskar,"- Hindi News
- Local
- Uttarakhand
- Dehradun
- UKPSC Exam Objection Process | Uttarakhand Recruitment Rule Change
UKPSC का बड़ा फैसला:अब अभ्यर्थी उठा सकेंगे प्रश्नों की संरचना पर सवाल; 4 अगस्त से शुरू होगी आपत्ति प्रक्रिया, हिंदी विषय से होगी शुरुआत
- कॉपी लिंक
उत्तराखंड लोक सेवा आयोग (UKPSC) ने भर्ती परीक्षाओं में पारदर्शिता बढ़ाने की दिशा में बड़ा कदम उठाया है। आयोग ने वस्तुनिष्ठ परीक्षाओं की उत्तरकुंजी पर आपत्तियों की प्रक्रिया को दो चरणों में लागू करने का फैसला किया है। पहले चरण में अभ्यर्थी प्रश्नों और
यहां पढ़िए ऑर्डर की कॉपी...
4 अगस्त को वेबसाइट पर अपलोड होगा प्रश्नपत्र आयोग 4 अगस्त 2026 को हिंदी विषय की A सीरीज का प्रश्नपत्र अपनी वेबसाइट पर अपलोड करेगा। इसके बाद अभ्यर्थियों को 7 दिनों का समय मिलेगा, जिसमें वे प्रश्नों और विकल्पों की संरचना से संबंधित आपत्तियां ऑनलाइन दर्ज कर सकेंगे।
10 अगस्त तक कर सकेंगे आपत्ति पहले चरण में ऑनलाइन आपत्ति दर्ज कराने की अंतिम तिथि 10 अगस्त 2026, रात 11:59 बजे निर्धारित की गई है। आयोग ने स्पष्ट किया है कि इस चरण में कोई शुल्क नहीं लिया जाएगा। आयोग ने कहा है कि आपत्तियां केवल ऑनलाइन माध्यम से ही स्वीकार की जाएंगी। ईमेल, डाक या किसी अन्य माध्यम से भेजी गई आपत्तियों पर विचार नहीं किया जाएगा। ऑनलाइन आपत्ति दर्ज करने की विस्तृत गाइडलाइन आयोग की वेबसाइट पर उपलब्ध कराई जाएगी।",hi,8/13/26 18:13,8/14/26 11:16,Dehradun,recruitment_jobs|exam_paper_leak,UKPSC|uttarakhand|उत्तराखंड|लोक सेवा आयोग,trafilatura,226
49d38430024d64f815ee4fe1b1c76e8e8755f4de,https://devbhoomimedia.com/major-accident-in-chamoli-over-20-workers-trapped-after-debris-falls-in-drt-tunnel-10-rescued-safely/,https://devbhoomimedia.com/major-accident-in-chamoli-over-20-workers-trapped-after-debris-falls-in-drt-tunnel-10-rescued-safely,devbhoomi_media,Devbhoomi Media,rss,"चमोली में बड़ा हादसा: DRT टनल में मलबा गिरने से 20 से अधिक मजदूर फंसे, 10 सुरक्षित निकाले गए","टनल के अंदर फंसे दर्जनो मजदूर !! चमोली जिले के पीपलकोटी क्षेत्र में टीएचडीसी की सहायक कंपनी एचसीसी द्वारा निर्माणाधीन DRT टनल के अंदर मलबा गिरने से एक बड़ा हादसा हो गया है, जिसमें 20 से अधिक मजदूर सुरंग के भीतर फंस गए। दुर्घटना की सूचना मिलते ही स्थानीय प्रशासन और राज्य आपदा मोचन बल […]","टनल के अंदर फंसे दर्जनो मजदूर !!

चमोली जिले के पीपलकोटी क्षेत्र में टीएचडीसी की सहायक कंपनी एचसीसी द्वारा निर्माणाधीन DRT टनल के अंदर मलबा गिरने से एक बड़ा हादसा हो गया है, जिसमें 20 से अधिक मजदूर सुरंग के भीतर फंस गए।

दुर्घटना की सूचना मिलते ही स्थानीय प्रशासन और राज्य आपदा मोचन बल (SDRF) की टीमें तुरंत मौके पर पहुंची और युद्धस्तर पर रेस्क्यू ऑपरेशन शुरू किया। राहत और बचाव कार्य के दौरान अब तक 10 मजदूरों को सुरंग से सुरक्षित बाहर निकाल लिया गया है, जबकि शेष फंसे हुए मजदूरों को बाहर निकालने का काम तेजी से जारी है।

चमोली के जिला अधिकारी गौरव कुमार ने जानकारी दी है कि सुरक्षित बचाए गए सभी मजदूरों को इलाज और चिकित्सकीय परीक्षण के लिए जिला अस्पताल गोपेश्वर लाया जा रहा है।",hi,8/13/26 17:46,8/14/26 10:09,Chamoli,infrastructure|environment_disaster|health_education,,newspaper4k,132
113b6e5160f6be8b734b307e25041ccd94d6273b,https://devbhoomimedia.com/nakhand-bharat-sankalp-diwas-from-the-anguish-of-partition-to-the-resolve-for-unity/,https://devbhoomimedia.com/nakhand-bharat-sankalp-diwas-from-the-anguish-of-partition-to-the-resolve-for-unity,devbhoomi_media,Devbhoomi Media,rss,अखंड भारत संकल्प दिवस: विभाजन की वेदना से एकता के संकल्प तक,"!!अखंड भारत संकल्प दिवस का ऐतिहासिक और सांस्कृतिक महत्व!! प्रतिवर्ष 14 अगस्त को मनाया जाने वाला अखंड भारत संकल्प दिवस महज एक अखण्ड भारत सपना नहीं, बल्कि जिन आंखों ने भारत को भूमि से अधिक माता के रूप में देखा हो जो श्रद्धा और निष्ठा से स्वयं को इसका पुत्र मानता हो। जो प्रात: उठकर […]","!!अखंड भारत संकल्प दिवस का ऐतिहासिक और सांस्कृतिक महत्व!!
प्रतिवर्ष 14 अगस्त को मनाया जाने वाला अखंड भारत संकल्प दिवस महज एक अखण्ड भारत सपना नहीं, बल्कि जिन आंखों ने भारत को भूमि से अधिक माता के रूप में देखा हो जो श्रद्धा और निष्ठा से स्वयं को इसका पुत्र मानता हो। जो प्रात: उठकर “समुद्रवसने देवी पर्वतस्तन मंडले, विष्णुपत्नि नमस्तुभ्यम् पादस्पर्शं क्षमस्वमे. “कहकर उसकी रज को माथे से लगाता हो, ब्रिटिश शासन के विरुद्ध संघर्ष का मुख्य मंत्र वन्देमातरम् जिनका राष्ट्रघोष और राष्ट्रगान हो, ऐसे असंख्य अंत:करण मातृभूमि के विभाजन की वेदना को कैसे भूल सकते हैं, अखण्ड भारत के संकल्प को कैसे त्याग सकते हैं? किसी राष्ट्र को लक्ष्य के शिखर पर पहुंचने के लिये यथार्थ की कंकरीली-पथरीली, कहीं कांटे तो कहीं दलदल, कहीं गहरी खाई तो कहीं रपटीली चढ़ाई से होकर गुजरना ही पड़ता होगा।
वर्षों की पराधीनता के बाद 15 अगस्त,1947 को हमें आजादी मिली। वर्षों की परतंत्रता की रात समाप्त तो हो गयी, किन्तु स्वातंत्र्य के आनंद के साथ-साथ मातृभूमि के विभाजन का गहरा घाव भी असंख्य भारतवासियों को सहन करना पड़ा। 14अगस्त, 1947 का विभाजन पहला और अन्तिम विभाजन नहीं था। भारत की सीमाओं का संकुचन उसके काफी पहले प्रारंभ हो चुका था। सातवीं से नवीं शताब्दी तक लगभग ढाई सौ साल तक अकेले संघर्ष करके हिन्दू अफगानिस्तान इस्लाम के पेट में समा गया। हिमालय की गोद में बसे नेपाल, भूटान आदि जनपद अपनी भौगोलिक स्थिति के कारण मुस्लिम विजय से बच गये। नेपाल, भूटान ने अपनी सांस्कृतिक अस्मिता की रक्षा के लिये उन्होंने राजनीतिक स्वतंत्रता का मार्ग अपनाया पर अब वह राजनीतिक स्वतंत्रता संस्कृति पर हावी हो गयी गई थी। श्रीलंका पर पहले पुर्तगाल, फिर हॉलैंड और अन्त में अंग्रेजों ने शासन किया और श्रीलंका को भारत से पूरी तरह अलग कर दिया। किन्तु मुख्य प्रश्न भारत के सामने यह था कि जो तेरह सौ वर्ष से भारत की धरती पर जो वैचारिक संघर्ष चल रहा था,उसी की परिणति 1947 में खण्डित जानदेश देश विभाजन के रूप में हुई। पाकिस्तानी टेलीविजन पर किसी ने ठीक ही कहा था कि जिस दिन आठवीं शताब्दी में पहले हिन्दू ने इस्लाम को कबूल किया, उसी दिन भारत विभाजन के बीज पड़ गये थे।
इसे तो स्वीकार करना ही होगा कि भारत का विभाजन हिन्दू-मुस्लिम आधार पर हुआ। पाकिस्तान ने अपने को इस्लामी देश घोषित किया। वहां से सभी हिन्दू-सिखों को बाहर खदेड़ कर अब वहां हिन्दू-सिख जनसंख्या लगभग शून्य हो गई। भारतीय सेनाओं की सहायता से बंगलादेश स्वतंत्र राज्य बना। भारत के प्रति कृतज्ञतावश चार साल तक मुजीबुर्रहमान के जीवन काल में बंगलादेश ने स्वयं को पंथनिरपेक्ष राज्य कहा किन्तु एक दिन मुजीबुर्रहमान का कत्ल करके स्वयं को इस्लामी राज्य घोषित कर दिया। विभाजन के समय वहां रह गये हिन्दुओं की संख्या 34 प्रतिशत से घटकर 10 प्रतिशत से भी कम रह गई है। बंगलादेश भारत के विरुद्ध आतंकवादी गतिविधियों का मुख्य केन्द्र बन गया है। करोड़ों बंगलादेशी घुसपैठिये भारत की सुरक्षा के लिये भारी खतरा बन गये थे।
भारत विभाजन के पश्चात् खंडित भारत की अपनी स्थिति क्या है? ब्रिटिश संसदीय प्रणाली के अन्धानुकरण ने हिन्दू समाज को जाति, क्षेत्र और दल के आधार पर जड़मूल तक विभाजित कर दिया। पूरा समाज भ्रष्टाचार की दलदल में आकंठ फंस गया है. हिन्दू समाज की बात करना साम्प्रदायिकता है और मुस्लिम कट्टरवाद व पृथकतावाद की हिमायत करना सेकुलरिज्म. अनेक छोटे-छोटे राजनीतिक दलों में बिखरा हिन्दू नेतृत्व सत्ता के कुछ टुकड़े पाने के लोभ में मुस्लिम वोटों को रिझाने में लगा है.
देश फिर से एक करने के लिये जिन कारणों से परस्पर मनों में दरार पैदा होती है, उन कारणों को दूर करना आवश्यक है। यह आसान काम नहीं है। धार्मिक, राजनीतिक और अंतरराष्ट्रीय शक्तियां सभी बाधाओं के रूप में खड़ी हैं। लेकिन क्या मुसलमानों और हिन्दुओं में सांस्कृतिक एकता का कोई प्रवाह है? हिन्दुओं और मुसलमानों के पुरखे एक हैं, उनका वंश एक है. ये मुसलमान अरबी, तुर्की या इराकी नहीं हैं. हिन्दू एक जीवन-पद्धति है और इसे पूर्णत: त्यागना हिन्दू से मुसलमान बने आज के मुसलमानों के लिये भी संभव नहीं है.
सैन्य सामर्थ्य भारत के पास है. लेकिन क्या पाकिस्तान को जीतकर अखंड भारत बन सकता है? जब परस्पर लोगों में मनोमिलन होता है,तभी राष्ट्र बनता है। अखंडता का मार्ग सांस्कृतिक है,न की सैन्य कार्रवाई या आक्रमण। देश का नेतृत्व करने वाले नेताओं के मन में इस संदर्भ में सुस्पष्ट धारणा बननी आवश्यक है। भारत की अखंडता का आधार भूगोल से ज्यादा हमारा सांस्कृतिक इतिहासहै। खंडित भारत में एक सशक्त,एक्यबद्ध,तेजोमयी राष्ट्रजीवन खड़ा करके ही अखंड भारत के लक्ष्य की ओर बढ़ना संभव होगा।",hi,8/13/26 17:42,8/14/26 10:09,,migration_demography|politics_governance,,trafilatura,739
91183831391a88f7b3e6ffaf89783fc3c254e7a6,https://devbhoomimedia.com/heavy-rain-alert-all-schools-and-anganwadi-centers-in-dehradun-to-remain-closed-on-august-14/,https://devbhoomimedia.com/heavy-rain-alert-all-schools-and-anganwadi-centers-in-dehradun-to-remain-closed-on-august-14,devbhoomi_media,Devbhoomi Media,rss,भारी बारिश का अलर्ट: देहरादून में 14 अगस्त को सभी स्कूल और आंगनबाड़ी केंद्र बंद,"देहरादून। वर्तमान में जनपद अन्तर्गत हो रही वर्षा एवं निदेशक, भारत मौसम विज्ञान विभाग, देहरादून एवं एन०डी०एम०ए० के सचेत, National Disaster Alert Portal द्वारा 13 अगस्त, 2026 को जारी अद्यतन मौसम फॉरकास्ट / नॉवकास्ट के अनुसार अगले 24 घण्टों में जनपद देहरादून में कहीं-कहीं भारी से बहुत भारी वर्षा/आकाशीय बिजली चमकने/ वर्षा के अति तीव्र […]","देहरादून।

वर्तमान में जनपद अन्तर्गत हो रही वर्षा एवं निदेशक, भारत मौसम विज्ञान विभाग, देहरादून एवं एन०डी०एम०ए० के सचेत, National Disaster Alert Portal द्वारा 13 अगस्त, 2026 को जारी अद्यतन मौसम फॉरकास्ट / नॉवकास्ट के अनुसार अगले 24 घण्टों में जनपद देहरादून में कहीं-कहीं भारी से बहुत भारी वर्षा/आकाशीय बिजली चमकने/ वर्षा के अति तीव्र से अत्यंत तीव्र दौर होने की सम्भावना के दृष्टिगत “ऑरेंज” अलर्ट जारी किया गया है। जिससे किसी भी प्रकार की अप्रिय घटना घटित हो सकती है।

आपदा न्यूनीकरण के दृष्टिगत जनपद के कक्षा 01 से 12 तक संचालित समस्त शैक्षणिक संस्थाओं और आंगनबाड़ी केन्द्रों में 14.08.2026 को एक दिन का अवकाश घोषित किया जाता है।

अतः जनपद के समस्त शासकीय/गैर शासकीय एवं निजी स्कूलों के साथ सभी आंगनबाडी केन्द्र 14.08.2026 को बन्द रहेंगे। मुख्य शिक्षा अधिकारी देहरादून एवं जिला कार्यकम अधिकारी देहरादून को निर्देशित किया जाता है कि उपरोक्त समस्त शैक्षणिक संस्थाओं एवं आंगनबाड़ी केन्द्रों में उक्त आदेश का अनुपालन कराना सुनिश्चित करायेंगे।",hi,8/13/26 17:36,8/14/26 10:09,Dehradun,infrastructure|environment_disaster|health_education,,newspaper4k,158
1fe3c3d9bbf9aa28ba2fc72decfd6914aaab0984,https://hindi.news18.com/news/uttarakhand/chamoli-vishnugad-pipalkoti-hydro-electric-project-chamoli-uttarakhand-thdc-tunnel-benefits-alaknanda-river-power-generation-local18-10746923.html,https://hindi.news18.com/news/uttarakhand/chamoli-vishnugad-pipalkoti-hydro-electric-project-chamoli-uttarakhand-thdc-tunnel-benefits-alaknanda-river-power-generation-local18-10746923.html,news18_hindi_uttarakhand,News18 Hindi,rss,"चमोली की जिस टनल में हुआ हादसा, आखिर किस हाइड्रो-इलेक्ट्रिक प्रोजेक्ट का हिस्सा, इसके 5 बड़े फायदे","Vishnugad Pipalkoti Hydro Electric Project: उत्तराखंड के चमोली में जिस टनल में दर्दनाक हादसा हुआ है, वह असल में 444 मेगावाट की महात्वाकांक्षी 'विष्णुगाड-पीपलकोटी जलविद्युत परियोजना' का एक महत्वपूर्ण हिस्सा है. अलकनंदा नदी पर बन रही यह 'रन-ऑफ-द-रिवर' परियोजना ऋषिकेश से लगभग 225 किमी दूर NH-58 पर स्थित है. इस प्रोजेक्ट के तहत 65 मीटर ऊंचा डैम, 13.4 किमी लंबी हेड रेस टनल (HRT) और 3.04 किमी लंबी टेल रेस टनल (TRT) का निर्माण किया जा रहा है. इसके पूरी तरह चालू होने पर सालाना 1657.09 मिलियन यूनिट (MU) बिजली पैदा होगी.",,hi,8/13/26 17:32,8/14/26 11:13,Dehradun|Chamoli,infrastructure,उत्तराखंड,,0
bd6991ee737be71cbb8d349b6466ff301eb4b144,https://www.aajtak.in/amp/india/uttarakhand/story/uttarakhand-heavy-rain-alert-august-14-to-17-ntc-aktw-rptc-2621546-2026-08-13,https://aajtak.in/amp/india/uttarakhand/story/uttarakhand-heavy-rain-alert-august-14-to-17-ntc-aktw-rptc-2621546-2026-08-13,gnews_uttarakhand_hi,AajTak,gnews,"उत्तराखंड के तीन जिलों में ऑरेंज अलर्ट, अगले चार दिन होगी झमाझम बारिश","उत्तराखंड के तीन जिलों में ऑरेंज अलर्ट, अगले चार दिन होगी झमाझम बारिश  AajTak","उत्तराखंड में मौसम एक बार फिर बदलने वाला है. मौसम विभाग ने राज्य में अगले कुछ दिनों तक भारी बारिश का दौर शुरू होने की वार्निंग दी है. 14 से 17 अगस्त तक पूरे प्रदेश में बारिश होने की संभावना है. इसे देखते हुए प्रशासन ने भी लोगों से सावधानी बरतने की अपील की है.

मौसम विभाग के मुताबिक, 14 से 17 अगस्त के बीच उत्तराखंड के कई इलाकों में हल्की से मध्यम बारिश हो सकती है. वहीं, कुछ जिलों में भारी से बहुत भारी बारिश होने की आशंका है.

Advertisement

तीन जिलों के लिए ऑरेंज अलर्ट जारी

मौसम विभाग के निदेशक डॉ. सी.एस. तोमर ने जानकारी दी है कि तीन जिलों- देहरादून, बागेश्वर और नैनीताल में भारी बारिश का खतरा ज्यादा है. इन जिलों के लिए मौसम विभाग ने ऑरेंज अलर्ट जारी किया है. यहां लोगों को विशेष सतर्कता बरतने की सलाह दी गई है. इसके अलावा प्रदेश के बाकी जिलों में भी हल्की बारिश का येलो अलर्ट जारी किया गया है.

यह भी पढ़ें: यूपी में बारिश, दिल्ली में बादल, उत्तराखंड-हिमाचल में आसमानी आफत... वेदर पर पढ़ें ताजा अपडेट

नैनीताल और पिथौरागढ़ में स्कूलों की छुट्टी

भारी बारिश के इस खतरे को देखते हुए जिला प्रशासन पूरी तरह सतर्क हो गया है. बच्चों की सुरक्षा को ध्यान में रखते हुए कई जिलों में स्कूलों की छुट्टी का ऐलान कर दिया गया है.

Advertisement

नैनीताल में भारी बारिश के ऑरेंज अलर्ट को देखते हुए जिला प्रशासन ने 14 अगस्त को सभी सरकारी और प्राइवेट स्कूलों में छुट्टी घोषित कर दी है. वहीं पिथौरागढ़ जिले में मौसम विभाग के भारी बारिश के अलर्ट के बाद पिथौरागढ़ के जिलाधिकारी ने भी 14 अगस्त को जिले के सभी आंगनबाड़ी केंद्रों और कक्षा 1 से लेकर 12वीं तक के सभी स्कूलों और शिक्षण संस्थानों में छुट्टी घोषित कर दिया है.

लगातार हो रही और होने वाली बारिश को देखते हुए सरकार और जिला प्रशासन ने सभी संबंधित विभागों को अलर्ट रहने के निर्देश दिए हैं.

यह भी पढ़ें: उत्तराखंड: लगातार बारिश से बागेश्वर में बढ़ा खतरा, 15 सड़कें बंद, महिला का मकान भरभराकर गिरा

प्रशासन ने खास तौर पर पहाड़ी और संवेदनशील इलाकों पर नजर बनाए रखने को कहा है. लैंडस्लाइड की आशंका वाले क्षेत्रों और नदी-नालों के आसपास रहने वाले लोगों को सतर्क रहने की सलाह दी गई है.

प्रशासन ने आम जनता से अपील की है कि खराब मौसम के दौरान वे बेवजह घर से बाहर न निकलें और यात्रा करने से बचें. नदी-नालों के पास जाने से पूरी तरह बचें. किसी भी आपात स्थिति या आपदा की आशंका होने पर स्थानीय प्रशासन और मौसम विभाग द्वारा समय-समय पर जारी किए जाने वाले दिशा-निर्देशों का सख्ती से पालन करें.

---- समाप्त ----",hi,8/13/26 17:22,8/14/26 10:14,Dehradun|Nainital|Pithoragarh|Bageshwar,environment_disaster,उत्तराखंड,newspaper4k,441
a4e1c0e1ea1fbf313fd6ba10a4d5e559dd878bd5,https://timesofindia.indiatimes.com/city/dehradun/ukhand-hc-halts-fresh-recruitment-of-resource-persons-in-chakrata/amp_articleshow/133219525.cms,https://timesofindia.indiatimes.com/city/dehradun/ukhand-hc-halts-fresh-recruitment-of-resource-persons-in-chakrata/amp_articleshow/133219525.cms,gnews_dehradun_en,The Times of India,gnews,U’khand HC halts fresh recruitment of resource persons in Chakrata,U’khand HC halts fresh recruitment of resource persons in Chakrata  The Times of India,"| Sonali Mishra | TNN | Aug 13, 2026, 22:29 IST

Nainital: Uttarakhand high court (HC) has restrained authorities from proceeding with fresh recruitment for the post of internal project resource person (Badlaav Sakhi) in Chakrata block of Dehradun district after two candidates challenged the withholding of an earlier selection process in which they had secured the top two positions.

Tired of too many ads?go ad free now

A single-judge bench of Justice Pankaj Purohit passed the order Wednesday while hearing two connected writ petitions — Ranjita Chauhan vs chief development officer and others, and Nirmala vs chief development officer and others.

The dispute stems from a recruitment process initiated by the district mission manager of the Deendayal Antyodaya Yojana-National Rural Livelihoods Mission (DAY-NRLM), Dehradun. An advertisement issued on June 5 invited applications for internal project resource person posts in Chakrata, Kalsi and Raipur blocks.

Nirmala and Ranjita applied for the posts in Chakrata and secured the first and second positions, respectively, on the merit list after a written examination. They alleged that the recruitment process for Chakrata was withheld before engagement letters could be issued.

The petitioners alleged that the process was stopped following the intervention of a local MLA and a fresh advertisement for the same posts was issued on Aug 4 and published in a newspaper the following day.

Their counsel argued that a completed selection process could not be set aside at the instance of an MLA, particularly after the petitioners had secured the top two positions on the merit list. The counsel said recruitment for Kalsi and Raipur had been completed, while the earlier process for Chakrata had not been formally cancelled.

Tired of too many ads?go ad free now

Taking note of the submissions, the court issued notices to the project director of the district rural development agency/district project management unit (DAY-NRLM); district mission manager, district mission management unit (DAY-NRLM), rural development department; and block mission manager, Chakrata. It directed the respondents to file counter-affidavits within four weeks.

The court restrained the respondents from proceeding with recruitment under the Aug 4 advertisement and directed that necessary steps be taken within three days. It posted the matter for further hearing on Oct 5.

The order, however, is an interim direction and does not determine the petitioners’ claim to appointment or conclusively decide the legality of the earlier selection process.

About the Author

Sonali Mishra

Covering stories in and around Nainital. Liking for wildlife and ... Read More

Covering stories in and around Nainital. Liking for wildlife and court stories.Read Less",en,8/13/26 16:59,8/14/26 11:21,Dehradun|Nainital,recruitment_jobs|investigation_justice,uttarakhand,newspaper4k,425
f7c164696e6b162e2fd1720dee713e0072f46ea9,https://www.jagran.com/uttarakhand/dehradun-city-uttarakhand-9-roads-widened-235-km-297-cr-approved-40339723.html,https://jagran.com/uttarakhand/dehradun-city-uttarakhand-9-roads-widened-235-km-297-cr-approved-40339723.html,gnews_dhami_govt,jagran.com,gnews,"उत्तराखंड में 235 KM लंबी 9 सड़कों का होगा कायाकल्प, सीएम धामी ने PM मोदी का जताया आभार","उत्तराखंड में 235 KM लंबी 9 सड़कों का होगा कायाकल्प, सीएम धामी ने PM मोदी का जताया आभार  jagran.com","उत्तराखंड में 235 KM लंबी 9 सड़कों का होगा कायाकल्प, सीएम धामी ने PM मोदी का जताया आभार
केंद्र सरकार ने उत्तराखंड में 235.42 किलोमीटर लंबी नौ सड़कों के चौड़ीकरण और सुदृढ़ीकरण को मंजूरी दी है, जिस पर 297.37 करोड़ रुपये खर्च होंगे। ...और पढ़ें
HighLights
- केंद्र ने उत्तराखंड में नौ सड़कों के चौड़ीकरण को मंजूरी दी।
- 235.42 किमी लंबी सड़कों पर 297.37 करोड़ रुपये खर्च होंगे।
- सड़कें पर्यटन, व्यापार और स्थानीय अर्थव्यवस्था को गति देंगी।
राज्य ब्यूरो, देहरादून। उत्तराखंड में सड़क कनेक्टिविटी को मजबूत करने के लिए केंद्र सरकार ने प्रदेश की नौ सड़कों के चौड़ीकरण और सुदृढ़ीकरण को मंजूरी दी है। केंद्रीय सड़क एवं अवसंरचना निधि के तहत स्वीकृत कार्यों की कुल लंबाई 235.42 किलोमीटर है, जिन पर 297.37 करोड़ रुपये खर्च किए जाएंगे।
केंद्रीय सड़क परिवहन एवं राजमार्ग मंत्री नितिन गडकरी ने इंटरनेट मीडिया पर इसकी जानकारी साझा करते हुए कहा कि इन परियोजनाओं से प्रदेश में सड़क नेटवर्क को मजबूती मिलेगी और आवागमन अधिक सुगम होगा। पर्वतीय क्षेत्रों में सड़क संपर्क बेहतर होने से स्थानीय लोगों के साथ ही पर्यटकों को भी राहत मिलेगी।
सीएम धामी ने पीएम मोदी का जताया आभार
मुख्यमंत्री पुष्कर सिंह धामी ने केंद्र सरकार के इस निर्णय के लिए प्रधानमंत्री नरेन्द्र मोदी और केंद्रीय मंत्री नितिन गडकरी का आभार जताया। उन्होंने कहा कि प्रधानमंत्री के नेतृत्व और केंद्र सरकार के सहयोग से उत्तराखंड लगातार कनेक्टिविटी के क्षेत्र में नए कीर्तिमान स्थापित कर रहा है।
मुख्यमंत्री के अनुसार, सड़क परियोजनाओं के पूरा होने से पर्वतीय क्षेत्रों में आवागमन आसान होगा और पर्यटन, व्यापार तथा स्थानीय अर्थव्यवस्था को नई गति मिलेगी। राज्य सरकार का कहना है कि बेहतर सड़क संपर्क से दूरस्थ क्षेत्रों को मुख्य मार्गों और बाजारों से जोड़ने में भी मदद मिलेगी।",hi,8/13/26 16:30,8/14/26 11:17,Dehradun,infrastructure|tourism_religion|politics_governance,उत्तराखंड|धामी|पुष्कर सिंह धामी|मुख्यमंत्री|राज्य सरकार,trafilatura,284
dbd047ccd8271a6f41ae5e46844c8ad9c0a1e2d3,https://www.etvbharat.com/amp/hi/state/orders-for-school-holidays-due-to-rain-alert-issued-by-meteorological-department-uts26081307553,https://etvbharat.com/amp/hi/state/orders-for-school-holidays-due-to-rain-alert-issued-by-meteorological-department-uts26081307553,gnews_uttarakhand_hi,ETV Bharat,gnews,"उत्तराखंड में चार जिलों में भारी का अलर्ट, दो जनपदों में स्कूलों की छुट्टी","उत्तराखंड में चार जिलों में भारी का अलर्ट, दो जनपदों में स्कूलों की छुट्टी  ETV Bharat","देहरादून:उत्तराखंड में आसमानी आफत लगातार सितम ढा रही है. पर्वतीय इलाकों में लगातार बारिश से लैंडस्लाइड, मलबा और बोल्डर गिरने की घटनाएं रिकॉर्ड की जा रही हैं. दूसरी तरफ मौसम विभाग लगातार बारिश को लेकर अलर्ट भी जा रही कर रहा है. वहीं, मौसम विभाग ने बारिश को लेकर कई जिलों में ऑरेंज और येलो अलर्ट जारी किया है.
देहरादून मौसम विज्ञान केंद्र के मुताबिक, देहरादून, पिथौरागढ़, बागेश्वर एवं नैनीताल जिलों में कहीं कहीं भारी से बहुत भारी बारिश होने की संभावना है. देहरादून, पिथौरागढ़, बागेश्वर एवं नैनीताल जिलों में कहीं -कहीं गर्जन के साथ आकाशीय बिजली चमकने और बारिश के अति तीव्र से अत्यंत तीव्र दौर होने की संभावना है. इन जिलों के लिए ऑरेंज अलर्ट जारी किया गया है.
इसके अलावा हरिद्वार, टिहरी, पौड़ी, चमोली, रुद्रप्रयाग, चंपावत और उधम सिंह नगर में कहीं-कहीं भारी बारिश की संभावना है. साथ ही इन जिलों में कहीं कहीं गर्जन के साथ आकाशीय बिजली चमकने और बारिश के तीव्र से अती तीव्र दौर की संभावना है. इन राज्यों में येलो अलर्ट जारी किया गया है.
मौसम विभाग, देहरादून द्वारा जारी भारी वर्षा की संभावना के दृष्टिगत कल शुक्रवार 14 अगस्त को जनपद पिथौरागढ़ में कक्षा 1 से 12 तक के समस्त स्कूलों के साथ- साथ सभी आंगनबाड़ी केंद्रों में एक दिन का अवकाश घोषित किया गया है। pic.twitter.com/8Fgbg2kOoL
— Uttarakhand DIPR (@DIPR_UK) August 13, 2026
इन जिलों में स्कूलों में रहेगी छुट्टी:वहीं, मौसम विभाग की चेतावनी और लगातार हो रही बारिश को देखते हुए छात्र-छात्राओं की सुरक्षा के दृष्टिगत नैनीताल, पिथौरागढ़ और देहरादून के सभी शासकीय, अशासकीय एवं निजी विद्यालयों में कक्षा 1 से 12 वीं कक्षा तक और सभी आंगनबाड़ी केंद्रों में 14 अगस्त को एक दिन का अवकाश घोषित किया है.
ये भी पढ़ें:उत्तराखंड में इन जिलों में बारिश को लेकर अलर्ट जारी, रखें अपना ध्यान",hi,8/13/26 16:08,8/14/26 11:15,Dehradun|Haridwar|Nainital|Pauri Garhwal|Tehri Garhwal|Chamoli|Rudraprayag|Pithoragarh|Bageshwar|Champawat,environment_disaster,uttarakhand|उत्तराखंड,trafilatura,296
23944a49f2d000074231961b22952038a05d927f,https://www.facebook.com/BBCnewsHindi/videos/%E0%A4%89%E0%A4%A4%E0%A5%8D%E0%A4%A4%E0%A4%B0%E0%A4%BE%E0%A4%96%E0%A4%82%E0%A4%A1-%E0%A4%95%E0%A5%87-%E0%A4%9A%E0%A4%AE%E0%A5%8B%E0%A4%B2%E0%A5%80-%E0%A4%AE%E0%A5%87%E0%A4%82-%E0%A4%A8%E0%A4%BF%E0%A4%B0%E0%A5%8D%E0%A4%AE%E0%A4%BE%E0%A4%A3%E0%A4%BE%E0%A4%A7%E0%A5%80%E0%A4%A8-%E0%A4%9F%E0%A4%A8%E0%A4%B2-%E0%A4%AE%E0%A5%87%E0%A4%82-%E0%A4%AA%E0%A4%BE%E0%A4%A8%E0%A5%80-%E0%A4%94%E0%A4%B0-%E0%A4%AE%E0%A4%B2%E0%A4%AC%E0%A4%BE-%E0%A4%AD%E0%A4%B0%E0%A4%BE-%E0%A4%B0%E0%A5%87%E0%A4%B8%E0%A5%8D%E0%A4%95%E0%A5%8D%E0%A4%AF%E0%A5%82-%E0%A4%91%E0%A4%AA%E0%A4%B0%E0%A5%87%E0%A4%B6%E0%A4%A8-%E0%A4%9C%E0%A4%BE%E0%A4%B0%E0%A5%80/1586522412987625/,https://facebook.com/BBCnewsHindi/videos/%E0%A4%89%E0%A4%A4%E0%A5%8D%E0%A4%A4%E0%A4%B0%E0%A4%BE%E0%A4%96%E0%A4%82%E0%A4%A1-%E0%A4%95%E0%A5%87-%E0%A4%9A%E0%A4%AE%E0%A5%8B%E0%A4%B2%E0%A5%80-%E0%A4%AE%E0%A5%87%E0%A4%82-%E0%A4%A8%E0%A4%BF%E0%A4%B0%E0%A5%8D%E0%A4%AE%E0%A4%BE%E0%A4%A3%E0%A4%BE%E0%A4%A7%E0%A5%80%E0%A4%A8-%E0%A4%9F%E0%A4%A8%E0%A4%B2-%E0%A4%AE%E0%A5%87%E0%A4%82-%E0%A4%AA%E0%A4%BE%E0%A4%A8%E0%A5%80-%E0%A4%94%E0%A4%B0-%E0%A4%AE%E0%A4%B2%E0%A4%AC%E0%A4%BE-%E0%A4%AD%E0%A4%B0%E0%A4%BE-%E0%A4%B0%E0%A5%87%E0%A4%B8%E0%A5%8D%E0%A4%95%E0%A5%8D%E0%A4%AF%E0%A5%82-%E0%A4%91%E0%A4%AA%E0%A4%B0%E0%A5%87%E0%A4%B6%E0%A4%A8-%E0%A4%9C%E0%A4%BE%E0%A4%B0%E0%A5%80/1586522412987625,gnews_uttarakhand_hi,facebook.com,gnews,"उत्तराखंड के चमोली में निर्माणाधीन टनल में पानी और मलबा भरा, रेस्क्यू ऑपरेशन जारी, ज़िलाधिकारी ने क्या बताया? वीडियो: आसिफ़ अली, बीबीसी हिन्दी के लिए","उत्तराखंड के चमोली में निर्माणाधीन टनल में पानी और मलबा भरा, रेस्क्यू ऑपरेशन जारी, ज़िलाधिकारी ने क्या बताया? वीडियो: आसिफ़ अली, बीबीसी हिन्दी के लिए  facebook.com",,hi,8/13/26 15:55,8/14/26 11:14,Chamoli,infrastructure,उत्तराखंड,,0
cbfbe9a8a360b68b84b416cf75ad01b41b8cf380,https://hindi.news18.com/news/uttarakhand/dehradun-delhi-traffic-police-integrates-anpr-cameras-on-delhi-dehradun-expressway-with-echallan-system-issuing-over-1000-speeding-fine-notices-local18-10746872.html,https://hindi.news18.com/news/uttarakhand/dehradun-delhi-traffic-police-integrates-anpr-cameras-on-delhi-dehradun-expressway-with-echallan-system-issuing-over-1000-speeding-fine-notices-local18-10746872.html,news18_hindi_uttarakhand,News18 Hindi,rss,"दिल्ली-देहरादून एक्सप्रेस-वे पर लगे हाईटेक कैमरे, एक गलती और कट जाएगा आपका चालान, 1000 लोगों को लगा चूना","Delhi Dehradun Expressway: दिल्ली ट्रैफिक पुलिस ने दिल्ली-देहरादून एक्सप्रेसवे पर हाई-स्पीड और ओवर-स्पीडिंग वाहनों पर नकेल कसने के लिए एक बड़ा कदम उठाया है. पुलिस ने नेशनल हाईवे अथॉरिटी ऑफ इंडिया (एनएचएआई) के एएनपीआर (एनपीआर) कैमरों को सीधे अपने ई-चालान सिस्टम से लिंक कर दिया है. इसके जरिए तेज रफ्तार से गाड़ी चलाने वालों का ऑटोमैटिक ई-चालान कट रहा है. अब तक 1,000 से अधिक ओवर-स्पीडिंग चालान और नोटिस जारी किए जा चुके हैं.",,hi,8/13/26 15:55,8/14/26 11:13,Dehradun,infrastructure,,,0
d668468f57942f43eac7c1d7ab509295888cf0f2,https://hillmail.in/trivendra-rawat-met-amit-shah-discussed-disaster-affected-areas-of-uttarakhand-and-relief-rehabilitation-works/,https://hillmail.in/trivendra-rawat-met-amit-shah-discussed-disaster-affected-areas-of-uttarakhand-and-relief-rehabilitation-works,hill_mail,Hill Mail,rss,"अमित शाह से मिले त्रिवेंद्र रावत, उत्तराखंड के आपदा प्रभावित क्षेत्रों और राहत-पुनर्वास कार्यों पर हुई चर्चा","हरिद्वार सांसद एवं उत्तराखंड के पूर्व मुख्यमंत्री त्रिवेंद्र सिंह रावत ने गुरुवार को नई दिल्ली में केंद्रीय गृह एवं सहकारिता मंत्री अमित शाह से मुलाकात की। इस दौरान दोनों नेताओं के बीच उत्तराखंड में आपदा प्रभावित क्षेत्रों से जुड़े कई महत्वपूर्ण विषयों पर विस्तार से चर्चा हुई। बैठक में विशेष रूप से जोशीमठ आपदा, तमक नाले पर वैली ब्रिज के निर्माण, राहत एवं पुनर्वास कार्यों तथा प्रभावित क्षेत्रों में दीर्घकालिक समाधान को लेकर विचार-विमर्श किया गया।","हरिद्वार सांसद एवं उत्तराखंड के पूर्व मुख्यमंत्री त्रिवेंद्र सिंह रावत ने गुरुवार को नई दिल्ली में केंद्रीय गृह एवं सहकारिता मंत्री अमित शाह से मुलाकात की। इस दौरान दोनों नेताओं के बीच उत्तराखंड में आपदा प्रभावित क्षेत्रों से जुड़े कई महत्वपूर्ण विषयों पर विस्तार से चर्चा हुई। बैठक में विशेष रूप से जोशीमठ आपदा, तमक नाले पर वैली ब्रिज के निर्माण, राहत एवं पुनर्वास कार्यों तथा प्रभावित क्षेत्रों में दीर्घकालिक समाधान को लेकर विचार-विमर्श किया गया।
मुलाकात के दौरान त्रिवेंद्र सिंह रावत ने उत्तराखंड की भौगोलिक परिस्थितियों और आपदाओं की संवेदनशीलता को देखते हुए प्रभावित क्षेत्रों में राहत कार्यों को तेजी से आगे बढ़ाने की आवश्यकता पर जोर दिया। उन्होंने कहा कि आपदा के बाद प्रभावित परिवारों को तत्काल राहत उपलब्ध कराने के साथ-साथ उनके सुरक्षित पुनर्वास और भविष्य में ऐसी परिस्थितियों से निपटने के लिए स्थायी व्यवस्थाएं विकसित करना भी जरूरी है।
जोशीमठ आपदा को लेकर भी बैठक में महत्वपूर्ण चर्चा हुई। क्षेत्र में आपदा के प्रभाव, प्रभावित लोगों की समस्याओं और पुनर्वास से जुड़े विषयों पर केंद्रीय स्तर पर आवश्यक सहयोग को लेकर त्रिवेंद्र रावत ने गृह मंत्री के समक्ष मुद्दे रखे। उन्होंने आपदा प्रभावित क्षेत्रों में बुनियादी सुविधाओं को बहाल करने तथा स्थानीय लोगों की सुरक्षा और आजीविका से जुड़े विषयों को प्राथमिकता देने की बात कही।
तमक नाले पर वैली ब्रिज के निर्माण का मुद्दा भी बैठक में प्रमुखता से उठा। आपदा और सड़क संपर्क प्रभावित होने की स्थिति में वैकल्पिक आवाजाही की व्यवस्था को महत्वपूर्ण बताते हुए इस दिशा में त्वरित कार्रवाई की आवश्यकता पर चर्चा हुई। पहाड़ी क्षेत्रों में सड़क और पुल जैसी आधारभूत संरचनाओं का महत्व देखते हुए प्रभावित क्षेत्रों में संपर्क व्यवस्था मजबूत करने पर जोर दिया गया।
त्रिवेंद्र सिंह रावत ने कहा कि उत्तराखंड की विषम भौगोलिक परिस्थितियों के कारण राज्य को समय-समय पर प्राकृतिक आपदाओं का सामना करना पड़ता है। ऐसे में राहत और बचाव के साथ-साथ आपदा प्रभावित क्षेत्रों के लिए दीर्घकालिक एवं स्थायी समाधान तैयार करना आवश्यक है। उन्होंने केंद्र सरकार से राज्य को आवश्यक सहयोग और संसाधन उपलब्ध कराने की दिशा में निरंतर समर्थन की अपेक्षा जताई।
उन्होंने कहा कि प्रधानमंत्री नरेंद्र मोदी के नेतृत्व में केंद्र सरकार आपदा की हर चुनौती के समय उत्तराखंड के साथ मजबूती से खड़ी रही है। केंद्र के सहयोग से राज्य में राहत, पुनर्वास और आधारभूत सुविधाओं से जुड़े कई कार्यों को गति मिली है। उन्होंने उम्मीद जताई कि भविष्य में भी केंद्र और राज्य के समन्वय से आपदा प्रभावित क्षेत्रों की समस्याओं का प्रभावी समाधान किया जाएगा।
मुलाकात के दौरान गढ़वाल सांसद अनिल बलूनी और नैनीताल सांसद अजय भट्ट भी उपस्थित रहे। तीनों सांसदों की मौजूदगी में उत्तराखंड से जुड़े विभिन्न आपदा प्रभावित क्षेत्रों और वहां चल रहे राहत एवं पुनर्वास कार्यों के संबंध में केंद्रीय गृह मंत्री के साथ चर्चा हुई। बैठक को राज्य के आपदा प्रभावित क्षेत्रों के लिए राहत, पुनर्वास और स्थायी समाधान की दिशा में महत्वपूर्ण माना जा रहा है।",hi,8/13/26 15:25,8/14/26 10:09,Haridwar|Nainital|Chamoli,infrastructure|environment_disaster|politics_governance,उत्तराखंड|गढ़वाल|मुख्यमंत्री,trafilatura,474
86d852149348f18574315a3eda90911a107fa657,https://www.etvbharat.com/amp/hi/state/population-enumeration-process-in-snow-bound-areas-of-uttarakhand-under-census-will-begin-on-august-17-uts26081306454,https://etvbharat.com/amp/hi/state/population-enumeration-process-in-snow-bound-areas-of-uttarakhand-under-census-will-begin-on-august-17-uts26081306454,gnews_uttarakhand_hi,ETV Bharat,gnews,"उत्तराखंड में जनगणना: आबादी की गणना के साथ इन अहम कामों को भी करेंगे प्रगणक, बनाए जाएंगे एन्यूमरेशन ब्लॉक","उत्तराखंड में जनगणना: आबादी की गणना के साथ इन अहम कामों को भी करेंगे प्रगणक, बनाए जाएंगे एन्यूमरेशन ब्लॉक  ETV Bharat","देहरादून:उत्तराखंड के स्नो बाउंड क्षेत्रों में जनगणना के दूसरे चरण के तहत 17 अगस्त से आबादी की गणना की प्रक्रिया शुरू होने जा रही है. जिसके शुरुआती 15 दिन जनता को खुद से खुद की गणना करने यानी स्वगणना करने का विकल्प दिया जाएगा. इसके बाद 1 सितंबर से एन्यूमरेटर घर-घर जाकर आबादी की गणना करेंगे.

हालांकि, जनगणना के पहले चरण के तहत मकान सूचीकरण एवं मकान की गणना के दौरान की गई प्रक्रियाओं से अलग प्रक्रिया, आबादी की गणना के दौरान अपनायी जाएगी. जिसके तहत एक बार फिर से नजरी नक्शा तैयार किया जाएगा और उस आधार पर लोगों की गणना की जाएगी. आखिर क्या कुछ रहने वाली है प्रक्रिया, किस तरह से आबादी की होगी गणना? पढ़िए खास रिपोर्ट.

देशभर के ज्यादातर राज्यों में जनगणना के पहले चरण के तहत मकान सूचीकरण एवं मकानों के गणना का काम पूरा हो चुका है. इसी कड़ी में उत्तराखंड में जनगणना के पहले चरण के तहत मकान सूचीकरण एवं मकानों के गणना का काम 24 मई 2026 को पूरा हो चुका है.

वहीं, अब दूसरे चरण के तहत उत्तराखंड के साथ ही अन्य राज्यों के स्नो बाउंड क्षेत्रों में आबादी की गणना 1 सितंबर से 30 सितंबर के बीच होगी. खास बात ये है कि जनगणना शुरू होने के 15 दिन पहले यानी 17 अगस्त से 31 अगस्त तक स्वगणना की प्रक्रिया भी चलेगी. जिस दौरान स्नो बाउंड क्षेत्र में रह रहे लोग खुद से ही स्वगणना कर सकेंगे.

उत्तराखंड के स्नो बाउंड क्षेत्र:दरअसल, देशभर के स्नो बाउंड क्षेत्रों (हिम आच्छादित क्षेत्रों) में जनसंख्या की गणना का कार्य 1 सितंबर से 30 सितंबर 2026 के बीच होगी. इसी क्रम में उत्तराखंड के चार जिलों में 131 गांवऔर 3 नगर पंचायतें (केदारनाथ, बदरीनाथ और गंगोत्री) ऐसी हैं, जिनको स्नो बाउंड की श्रेणी में रखा गया है. जहां पर इसी दौरान आबादी की गणना की जाएगी. इस संबंध में भारत सरकार ने नोटिफिकेशन भी जारी कर दी है.

उत्तराखंड में मौजूद स्नो बाउंड क्षेत्रों के आंकड़ों पर गौर करें तो, उत्तरकाशी जिले में 69 गांव और एक नगर पंचायत गंगोत्री है. इसी तरह चमोली जिले में 23 गांव और एक नगर पंचायत बदरीनाथ, रुद्रप्रयाग जिले मेंचार गांवऔर एक नगर पंचायत केदारनाथ है. इसके अलावा पिथौरागढ़ जिले में 35 गांव ऐसे हैं, जो स्नो बाउंड क्षेत्र हैं. इन सभी स्नो बाउंड क्षेत्रों में अनुमानित जनसंख्या करीब 52 हजार है.

वहीं, जनगणना कार्य निदेशालय की निदेशक इवा आशीष श्रीवास्तव ने कहा कि जनगणना के पहले चरण के दौरान जब मकान सूचीकरण एवं मकानों की गणना का कार्य हुआ था, उस दौरान हाउस लिस्टिंग ब्लॉक्स यानी मकान सूचीकरण ब्लॉक्स बनाए गए थे. जिसमें से हर एक ब्लॉक में मकानों की संख्या 200 और आबादी की संख्या 800 से ज्यादा नहीं थी.

इसके साथ ही हर एक ब्लॉक को एक प्रगणक को दिया गया था. ऐसे में जब प्रगणको ने मकान सूचीकरण एवं मकानों के गणना का कार्य किया था, वो जनगणना के एप्लीकेशन पर किया था, लेकिन उसकी पूरा डेटा सीएमएमएस (Census Management & Monitoring System) पोर्टल पर भी दिखाई देता है.

ऐसे में इस पोर्टल से दो तरह के रिपोर्ट जेनरेट होते हैं. जिसमें जनगणना के दौरान बनाए गए ब्लॉक की स्थिति और ब्लॉक में कितने परिवार पाए गए, उनको क्या हाउस नंबर एलॉट किए गए एवं उसके मुखिया का नाम भी दिखता है. ऐसे में जब आबादी की गणना के दौरान प्रगणकों को एप्लीकेशन उपलब्ध कराया जाएगा, वो जैसे ही लॉगिन कर उनको एलॉट एन्यूमरेशन ब्लॉक (Enumeration Block) का चयन करेंगे.

उस दौरान उस क्षेत्र का पूरा डिजिटल नक्शा उसके सामने आ जाएगा. साथ ही मकान सूचीकरण के समय बनी पूरी सूची भी उसको प्राप्त हो जाएगी. हालांकि, आबादी की गणना के दौरान संबंधित चार्ज अधिकारी की ओर से इन सभी प्रगणकों को सूची एवं नजरी नक्शे की हार्डकॉपी भी उपलब्ध कराई जाएगी.

ऐसे में प्रगणक को नजरी नक्शा मिलने के बाद उन्हें जो ब्लॉक एलॉट किया गया है. उस ब्लॉक का फिर से नजरी नक्शा तैयार करेंगे और उसको अपडेट करेंगे. क्योंकि, इसकी संभावना बनी रहती है कि मकान सूचीकरण के दौरान वहां पहले कोई मकान ना हो और अब वहां पर कोई मकान बन गया हो, या फिर पहले कोई बसावट रही हो और अब बसावट है गई हो.

लिहाजा, इन तमाम तथ्यों को देखते हुए नजरी नक्शा को दोबारा से अपडेट करने की जरूरत होती है, ऐसे में वर्तमान स्थिति के अनुसार नजरिया नक्शा बनाकर प्रगणक अपडेट करेंगे. इसके साथ ही उनके ब्लॉक में रह रहे परिवारों की सूची को भी उन्हें अपडेट करना होगा. क्योंकि, इसकी संभावना है कि जो परिवार पहले वहां रह रहा हो, वो कहीं और चला गया हो या फिर किसी जगह पर नया परिवार रहने आ गया हो.

कुल मिलाकर, आबादी की गणना के साथ ही मकान सूचीकरण एवं मकानों की गणना के दौरान बनाए गए नजरी नक्शा और मकान सूचीकरण सूची को अपडेट करना होगा. साथ ही बताया कि जनगणना के पहले चरण के दौरान करीब 29,000 ब्लॉक बनाए गए थे. जिसके लिए करीब 20,000 प्रगणक तैनात किए गए थे.

आबादी की गणना के दौरान ब्लॉक्स और प्रगणकों की संख्या बढ़ाने की संभावना:ऐसे में आबादी की गणना के दौरान करीब 10 फीसदी ब्लॉक्स और प्रगणकों की संख्या बढ़ाने की संभावना है. क्योंकि, मकान सूचीकरण के दौरान एक अनुमानित पापुलेशन पर काम किया जाता है, लेकिन मकान सूचीकरण होने के बाद अब आबादी का अनुमान लग गया है. ऐसे में ब्लॉक्स के साथ ही प्रगणको की संख्या भी बढ़ेगी.

आबादी की गिनती ऑफिशियल जनगणना मोबाइल एप्लीकेशन का इस्तेमाल करके डिजिटल तरीके से की जाएगी. प्रगणक और सुपरवाइजर घर-घर जाकर घर के लोगों से जुड़ी जानकारी को एकत्र करेंगे. हालांकि, ये जनगणना जातिगत जनगणना आधारित हो रही है. ऐसे में आबादी की गणना के दौरान उनसे धर्म और जाति संबंधित जानकारियां भी पूछी जाएगी.

स्वगणना का भी रखा गया विकल्प:उत्तराखंड के स्नो बाउंड क्षेत्रों में 1 सितंबर से शुरू होने जा रही आबादी के गणना के कार्य से पहले 17 अगस्त से 31 अगस्त तक के लिए स्वगणना का विकल्प भी रखा गया है. ऐसे में 17 अगस्त से 31 अगस्त के बीच उत्तराखंड राज्य के अधिसूचित स्नो बाउंड क्षेत्र में रहने वाली जनता, खुद से ही स्वगणना कर पाएगी. हालांकि, स्वगणना के दौरान भी जनता को मुख्य रूप से 40 सवालों के जवाब देने होंगे.

ये भी पढ़ें-

उत्तराखंड के स्नो बाउंड क्षेत्रों में कैसे होगी सैनिकों की गणना? जानिए किन सवालों के देने होंगे जवाब?

उत्तराखंड के स्नो बाउंड क्षेत्रों में 1 सितंबर से शुरू होगी जनगणना, अधिसूचना हुई जारी

उत्तराखंड में जनगणना का पहला चरण संपन्न, सितंबर महीने में स्नो बाउंड क्षेत्रों में होगी व्यक्तिगत गणना

उत्तराखंड में जनगणना का पहला फेज पूरा, 28.6 लाख परिवारों की गणना, जनसंंख्या करीब 1.27 करोड़",hi,8/13/26 15:16,8/14/26 11:14,Dehradun|Chamoli|Rudraprayag|Uttarkashi|Pithoragarh,,उत्तराखंड,newspaper4k,1089
ce368e75de442f9b2a02e5901f1b2c3298cdc028,https://www.facebook.com/DNHindi/videos/%E0%A4%89%E0%A4%A4%E0%A5%8D%E0%A4%A4%E0%A4%B0%E0%A4%BE%E0%A4%96%E0%A4%82%E0%A4%A1-%E0%A4%B8%E0%A5%87-%E0%A4%8F%E0%A4%95-%E0%A4%AC%E0%A4%A1%E0%A4%BC%E0%A5%80-%E0%A4%96%E0%A4%AC%E0%A4%B0-%E0%A4%B8%E0%A4%BE%E0%A4%AE%E0%A4%A8%E0%A5%87-%E0%A4%86-%E0%A4%B0%E0%A4%B9%E0%A5%80-%E0%A4%B9%E0%A5%88-%E0%A4%9A%E0%A4%AE%E0%A5%8B%E0%A4%B2%E0%A5%80-%E0%A4%9C%E0%A4%A8%E0%A4%AA%E0%A4%A6-%E0%A4%95%E0%A5%87-%E0%A4%AA%E0%A5%80%E0%A4%AA%E0%A4%B2%E0%A4%95%E0%A5%8B%E0%A4%9F%E0%A5%80-%E0%A4%AE%E0%A5%87%E0%A4%82-%E0%A4%9F%E0%A5%80%E0%A4%8F%E0%A4%9A%E0%A4%A1%E0%A5%80%E0%A4%B8%E0%A5%80-%E0%A4%9F%E0%A4%A8%E0%A4%B2-/2242490699904336/,https://facebook.com/DNHindi/videos/%E0%A4%89%E0%A4%A4%E0%A5%8D%E0%A4%A4%E0%A4%B0%E0%A4%BE%E0%A4%96%E0%A4%82%E0%A4%A1-%E0%A4%B8%E0%A5%87-%E0%A4%8F%E0%A4%95-%E0%A4%AC%E0%A4%A1%E0%A4%BC%E0%A5%80-%E0%A4%96%E0%A4%AC%E0%A4%B0-%E0%A4%B8%E0%A4%BE%E0%A4%AE%E0%A4%A8%E0%A5%87-%E0%A4%86-%E0%A4%B0%E0%A4%B9%E0%A5%80-%E0%A4%B9%E0%A5%88-%E0%A4%9A%E0%A4%AE%E0%A5%8B%E0%A4%B2%E0%A5%80-%E0%A4%9C%E0%A4%A8%E0%A4%AA%E0%A4%A6-%E0%A4%95%E0%A5%87-%E0%A4%AA%E0%A5%80%E0%A4%AA%E0%A4%B2%E0%A4%95%E0%A5%8B%E0%A4%9F%E0%A5%80-%E0%A4%AE%E0%A5%87%E0%A4%82-%E0%A4%9F%E0%A5%80%E0%A4%8F%E0%A4%9A%E0%A4%A1%E0%A5%80%E0%A4%B8%E0%A5%80-%E0%A4%9F%E0%A4%A8%E0%A4%B2-/2242490699904336,gnews_uttarakhand_hi,facebook.com,gnews,उत्तराखंड से एक बड़ी खबर सामने आ रही है। चमोली जनपद के पीपलकोटी में टीएचडीसी टनल धंसने के कारण कई मजदूर फंस गये हैं। राहत और बचाव कार्य जारी है #Uttarakhand #workers #collapse #THDCtunnel #Pipalkoti #Cha,उत्तराखंड से एक बड़ी खबर सामने आ रही है। चमोली जनपद के पीपलकोटी में टीएचडीसी टनल धंसने के कारण कई मजदूर फंस गये हैं। राहत और बचाव कार्य जारी है #Uttarakhand #workers #collapse #THDCtunnel #Pipalkoti #Cha  facebook.com,,hi,8/13/26 14:51,8/14/26 10:14,Chamoli,infrastructure,uttarakhand|उत्तराखंड,,0
b8db5b6fbc4dca42913a8776de87d093acfd77b2,https://www.facebook.com/BBCnewsHindi/videos/%E0%A4%89%E0%A4%A4%E0%A5%8D%E0%A4%A4%E0%A4%B0%E0%A4%BE%E0%A4%96%E0%A4%82%E0%A4%A1-%E0%A4%95%E0%A5%87-%E0%A4%AE%E0%A5%81%E0%A4%96%E0%A5%8D%E0%A4%AF%E0%A4%AE%E0%A4%82%E0%A4%A4%E0%A5%8D%E0%A4%B0%E0%A5%80-%E0%A4%AA%E0%A5%81%E0%A4%B7%E0%A5%8D%E0%A4%95%E0%A4%B0-%E0%A4%B8%E0%A4%BF%E0%A4%82%E0%A4%B9-%E0%A4%A7%E0%A4%BE%E0%A4%AE%E0%A5%80-%E0%A4%95%E0%A5%87-%E0%A4%AE%E0%A5%81%E0%A4%A4%E0%A4%BE%E0%A4%AC%E0%A4%BF%E0%A4%95-%E0%A4%87%E0%A4%B8-%E0%A4%B8%E0%A4%BE%E0%A4%B2-%E0%A4%95%E0%A4%BE%E0%A4%82%E0%A4%B5%E0%A4%A1%E0%A4%BC-%E0%A4%AF%E0%A4%BE%E0%A4%A4%E0%A5%8D%E0%A4%B0%E0%A4%BE-%E0%A4%95%E0%A5%87-%E0%A4%A6%E0%A5%8C%E0%A4%B0/1030464373190964/,https://facebook.com/BBCnewsHindi/videos/%E0%A4%89%E0%A4%A4%E0%A5%8D%E0%A4%A4%E0%A4%B0%E0%A4%BE%E0%A4%96%E0%A4%82%E0%A4%A1-%E0%A4%95%E0%A5%87-%E0%A4%AE%E0%A5%81%E0%A4%96%E0%A5%8D%E0%A4%AF%E0%A4%AE%E0%A4%82%E0%A4%A4%E0%A5%8D%E0%A4%B0%E0%A5%80-%E0%A4%AA%E0%A5%81%E0%A4%B7%E0%A5%8D%E0%A4%95%E0%A4%B0-%E0%A4%B8%E0%A4%BF%E0%A4%82%E0%A4%B9-%E0%A4%A7%E0%A4%BE%E0%A4%AE%E0%A5%80-%E0%A4%95%E0%A5%87-%E0%A4%AE%E0%A5%81%E0%A4%A4%E0%A4%BE%E0%A4%AC%E0%A4%BF%E0%A4%95-%E0%A4%87%E0%A4%B8-%E0%A4%B8%E0%A4%BE%E0%A4%B2-%E0%A4%95%E0%A4%BE%E0%A4%82%E0%A4%B5%E0%A4%A1%E0%A4%BC-%E0%A4%AF%E0%A4%BE%E0%A4%A4%E0%A5%8D%E0%A4%B0%E0%A4%BE-%E0%A4%95%E0%A5%87-%E0%A4%A6%E0%A5%8C%E0%A4%B0/1030464373190964,gnews_uttarakhand_hi,facebook.com,gnews,BBC News हिन्दी. . उत्तराखंड के मुख्यमंत्री पुष्कर सिंह धामी के मुताबिक इस साल कांवड़ यात्रा के दौरान करीब 5 करोड़ लोग हरिद्वार पहुंचे थे. ये आंकड़ा बीते सालों से ज़्यादा है. लेकिन कांवड़ य,BBC News हिन्दी. . उत्तराखंड के मुख्यमंत्री पुष्कर सिंह धामी के मुताबिक इस साल कांवड़ यात्रा के दौरान करीब 5 करोड़ लोग हरिद्वार पहुंचे थे. ये आंकड़ा बीते सालों से ज़्यादा है. लेकिन कांवड़ य  facebook.com,,hi,8/13/26 14:33,8/14/26 11:14,Haridwar,tourism_religion,उत्तराखंड|धामी|पुष्कर सिंह धामी|मुख्यमंत्री,,0
2b56cb7760014275c530769af1f88ece0efa4ce6,https://www.bhaskar.com/local/uttarakhand/dehradun/news/uttarakhand-government-jobs-recruitment-ukpsc-uksssc-calendar-list-138609869.html,https://bhaskar.com/local/uttarakhand/dehradun/news/uttarakhand-government-jobs-recruitment-ukpsc-uksssc-calendar-list-138609869.html,gnews_uksssc,Dainik Bhaskar,gnews,उत्तराखंड सरकारी नौकरी- 2 हफ्ते में आएगा भर्ती कैलेंडर: पुलिस-फॉरेस्ट गार्ड समेत हजारों पदों पर भर्ती; ऊर्ज...,उत्तराखंड सरकारी नौकरी- 2 हफ्ते में आएगा भर्ती कैलेंडर: पुलिस-फॉरेस्ट गार्ड समेत हजारों पदों पर भर्ती; ऊर्ज...  Dainik Bhaskar,"- Hindi News
- Local
- Uttarakhand
- Dehradun
- Uttarakhand Job Recruitment Update | UKPSC UKSSSC Exam Calendar List
उत्तराखंड सरकारी नौकरी- 2 हफ्ते में आएगा भर्ती कैलेंडर:पुलिस-फॉरेस्ट गार्ड समेत हजारों पदों पर भर्ती; ऊर्जा विभाग से खाली पदों का ब्योरा
- कॉपी लिंक
उत्तराखंड में सरकारी नौकरी का इंतजार कर रहे युवाओं के लिए राहत की खबर है। राज्य सरकार अगले दो सप्ताह के भीतर लोक सेवा आयोग (UKPSC) और अधीनस्थ सेवा चयन आयोग (UKSSSC) का भर्ती एवं परीक्षा कैलेंडर जारी करेगी। इसमें दिसंबर 2026 तक होने वाली विभिन्न भर्ति
पुलिस विभाग में बड़े स्तर पर भर्ती सरकार ने पुलिस विभाग में भी जल्द भर्ती प्रक्रिया शुरू करने की बात कही है। इसमें शामिल हैं, 1500 पुलिस कांस्टेबल, 350 महिला कांस्टेबल, पुलिस उपनिरीक्षक (दरोगा), आबकारी विभाग के पद, बंदी रक्षक, अन्य वर्दीधारी पद शामिल हैं। ऊर्जा विभाग के तीनों निगमों में भी बड़े पैमाने पर भर्ती की तैयारी है। इनमें मुख्य रूप से तकनीशियन ग्रेड, ड्राफ्ट्समैन, अन्य तकनीकी एवं गैर-तकनीकी रिक्त पद शामिल है। ऊर्जा विभाग को एक सप्ताह के भीतर सभी खाली पदों का विवरण भेजने के निर्देश दिए गए हैं।
शिक्षा विभाग में भी आएंगे प्रस्ताव सरकार ने बताया कि विभिन्न विभागों के साथ-साथ शिक्षा विभाग में भी रिक्त पदों का प्रस्ताव जल्द भेजा जाएगा। इसमें प्रमुख रूप से, लाइब्रेरियन, एलटी शिक्षक के पद शामिल हैं। लंबे समय से लंबित आईटीआई अनुदेशक भर्ती को भी जल्द पूरा करने का आश्वासन दिया गया है। कार्मिक विभाग का कहना है कि सभी विभागों से रिक्त पदों का विवरण समयबद्ध तरीके से मंगाकर आयोगों को भेजा जाएगा। इसके बाद भर्ती कैलेंडर जारी कर परीक्षाओं की तिथियां घोषित की जाएंगी, ताकि युवाओं को भर्ती प्रक्रिया का स्पष्ट रोडमैप मिल सके।",hi,8/13/26 14:19,8/14/26 11:15,Dehradun,recruitment_jobs|exam_paper_leak,UKPSC|UKSSSC|uttarakhand|अधीनस्थ सेवा चयन आयोग|उत्तराखंड|उत्तराखंड सरकार|राज्य सरकार|लोक सेवा आयोग,trafilatura,280
8ee8c42f817b883e4deacf5ff4fc685fadacd82c,https://www.pioneeredge.in/gairsain-supporters-shave-heads-announce-march/,https://pioneeredge.in/gairsain-supporters-shave-heads-announce-march,gnews_dehradun_en,Pioneer Edge,gnews,"Gairsain supporters shave heads, announce March","Gairsain supporters shave heads, announce March  Pioneer Edge","PIONEER EDGE NEWS SERVICE/Dehradun

Members of the Sthayi Rajdhani Gairsain Samiti staged a protest outside the Assembly in Dehradun on Thursday, demanding that Gairsain be declared the permanent capital of Uttarakhand. As part of the protest, several members, including former IAS officer and committee chief convenor Vinod Prasad Raturi, shaved their heads to vent their anger against the State government.

The committee also announced a Maha-Padyatra from Dehradun to Gairsain, which will begin on August 15 from outside the Assembly premises.

The protesters said that the government had ignored public sentiment and failed to address the concerns of people in the hill areas. A member of the committee Parth Raturi said that the organisation had earlier held protests in Delhi, Dehradun, Karnaprayag, Chaukhutia and Rudraprayag. He also claimed that members had observed a relay hunger strike at the Dehradun protest site for more than 100 days on the same issue.

Raturi said that political leaders and officials had remained insensitive to the problems faced by people in the hills. He warned of intensification of the movement if their demand for Gairsain as the permanent capital was not accepted.",en,8/13/26 14:15,8/14/26 11:21,Dehradun|Rudraprayag,investigation_justice|protest_agitation,uttarakhand,newspaper4k,188
54204e11c3425f31655e0df69f660a32df9f3fac,https://www.newindianexpress.com/amp/story/india/2026/Aug/13/cm-dhami-urges-uttarakhand-students-to-build-skills-for-technology-driven-jobs,https://newindianexpress.com/amp/story/india/2026/Aug/13/cm-dhami-urges-uttarakhand-students-to-build-skills-for-technology-driven-jobs,gnews_uttarakhand_en,newindianexpress.com,gnews,CM Dhami urges Uttarakhand students to build skills for technology-driven jobs,CM Dhami urges Uttarakhand students to build skills for technology-driven jobs  newindianexpress.com,"DEHRADUN: Chief Minister Pushkar Singh Dhami on Thursday urged students at Doon University to prepare for a technology-driven job market and outlined his government’s plans to promote reverse migration, create jobs, strengthen higher education and address Dehradun’s traffic problems.

During an interaction with students, Dhami responded to questions on migration, employment, higher education, artificial intelligence and traffic congestion.

On jobs and reverse migration, Dhami said the trend was gaining pace. “The government is creating new avenues for employment and self-employment through the Mukhyamantri Udyamshala Yojana, Mukhyamantri Swarozgar Yojana, Solar Self-Employment Scheme, and policies supporting tourism, industry and films,” he said.

He said the government is also strengthening self-help groups and expanding livelihood opportunities to help young people and families earn within Uttarakhand.

On higher education, Dhami said the government was working to modernise institutions and improve infrastructure. He said Dehradun was also developing the country’s fifth Science City, which would create opportunities in science and research.

Addressing concerns over artificial intelligence and automation, Dhami said technological changes were transforming the nature of work while creating new opportunities. “Young people must develop skills in step with changing technology and become future-ready,” he said. “The government is making sustained efforts to connect them with modern skills and emerging technologies.”

On Dehradun’s traffic congestion, Dhami said the government was working on long-term solutions, including proposed elevated roads over the Bindal and Rispana rivers. “Once completed, these projects will improve traffic movement across the city and help address recurring congestion,” Dhami said.

The interaction covered issues ranging from employment and local livelihoods to higher education, technology and urban infrastructure. Dhami said the state’s youth would play a key role in Uttarakhand’s development and urged them to focus on innovation, skills and entrepreneurship.",en,8/13/26 14:03,8/14/26 11:20,Dehradun,protest_agitation|infrastructure|migration_demography|health_education|tourism_religion,chief minister|dhami|uttarakhand,newspaper4k,288
43a304f054e2baeb6dfb55113a0f0f87305e3854,https://hindi.news18.com/news/lifestyle/recipe-man-who-worked-abroad-come-india-now-make-unique-mandua-momos-chowmein-pizza-local18-10746502.html,https://hindi.news18.com/news/lifestyle/recipe-man-who-worked-abroad-come-india-now-make-unique-mandua-momos-chowmein-pizza-local18-10746502.html,news18_hindi_uttarakhand,News18 Hindi,rss,"क्या आपने कभी खाया है 'मंहुआ मोमोज'? विदेश से आया ये कारीगर उत्तराखंड में कर रहा तैयार, स्वाद का बज रहा डंका","Dehradun News: पहाड़ के पारंपरिक जायके को आधुनिक अंदाज में पेश करने का सपना लेकर सुभाष ने ‘मंडुवा किंग’ की शुरुआत की. साल 2017 में बेहद छोटे स्तर पर मंडुवा बेस्ड फास्ट फूड बनाना शुरू किया था. शुरुआती दौर में उन्हें कई तरह की दिक्कतों और चुनौतियों का सामना करना पड़ा, लेकिन उन्होंने कभी हार नहीं मानी. आइए उनकी कहानी जानते हैं.",,hi,8/13/26 12:59,8/14/26 11:13,Dehradun,,उत्तराखंड,,0
2c289a2fb4ce658a332bd2e6393e5835cafeb016,https://devbhoomimedia.com/tragic-accident-in-dehradun-out-of-control-truck-overturns-on-a-laborer-dies-on-the-spot/,https://devbhoomimedia.com/tragic-accident-in-dehradun-out-of-control-truck-overturns-on-a-laborer-dies-on-the-spot,devbhoomi_media,Devbhoomi Media,rss,"देहरादून में दर्दनाक हादसा: बेकाबू ट्रक मजदूर पर पलटा, मौके पर मौत","देहरादून में आज दर्दनाक हादसा हो गया। एक बेकाबू ट्रक ने मजदूर को कुचल दिया। हादसा इतना भयानक था कि ट्रक के मजदूर पर पलटते ही उसकी मौत हो गई। बताया जा रहा है कि अचानक ब्रेक फेल होने के कारण हादसा हुआ है। जानकारी के अनुसार, ट्रक देहरादून की तरफ आ रहा था। इस […]","देहरादून में आज दर्दनाक हादसा हो गया। एक बेकाबू ट्रक ने मजदूर को कुचल दिया। हादसा इतना भयानक था कि ट्रक के मजदूर पर पलटते ही उसकी मौत हो गई। बताया जा रहा है कि अचानक ब्रेक फेल होने के कारण हादसा हुआ है।

जानकारी के अनुसार, ट्रक देहरादून की तरफ आ रहा था। इस दौरान ट्रक बेकाबू होकर एक्सप्रवे के पराफिट से टकराकर सड़क पर काम कर रहे मजदूर पर पलट गया। इस दौरान मजदूर की मौके पर ही मौत हो गई।",hi,8/13/26 12:37,8/14/26 10:09,Dehradun,infrastructure,,newspaper4k,83
b7da7edfa47085c0eb27538d31f5c17f832e987b,https://devbhoomimedia.com/cm-dhami-inaugurates-the-induction-session-at-doon-university/,https://devbhoomimedia.com/cm-dhami-inaugurates-the-induction-session-at-doon-university,devbhoomi_media,Devbhoomi Media,rss,सीएम धामी ने दून विश्वविद्यालय के दीक्षारम्भ सत्र का किया शुभारंभ,"मुख्यमंत्री ने दून विश्वविद्यालय के दीक्षारम्भ सत्र का किया शुभारंभ, युवाओं से बड़े सपने देखने और उन्हें साकार करने का किया आह्वान मुख्यमंत्री ने 11 करोड़ 20 लाख की लागत से बने बॉयोलॉजिकल साइंस प्रयोगशाला भवन और 17 करोड़ 39 लाख की लागत से बने केंद्रीय पुस्तकालय भवन का किया लोकार्पण दून यूनिवर्सिटी कम्युनिटी रेडियो […]","मुख्यमंत्री ने दून विश्वविद्यालय के दीक्षारम्भ सत्र का किया शुभारंभ, युवाओं से बड़े सपने देखने और उन्हें साकार करने का किया आह्वान

मुख्यमंत्री ने 11 करोड़ 20 लाख की लागत से बने बॉयोलॉजिकल साइंस प्रयोगशाला भवन और 17 करोड़ 39 लाख की लागत से बने केंद्रीय पुस्तकालय भवन का किया लोकार्पण

दून यूनिवर्सिटी कम्युनिटी रेडियो स्टेशन 88.4 एफएम का भी किया शुभारंभ

मुख्यमंत्री पुष्कर सिंह धामी ने गुरुवार को दून विश्वविद्यालय में दीक्षारम्भ सत्र 2026-27 एवं युवा संवाद कार्यक्रम का शुभारंभ किया। इस अवसर पर उन्होंने विश्वविद्यालय में प्रवेश लेने वाले नए विद्यार्थियों का स्वागत करते हुए उनके उज्ज्वल भविष्य की कामना की। मुख्यमंत्री ने कहा कि विश्वविद्यालय जीवन केवल कक्षा और परीक्षा तक सीमित नहीं होता, बल्कि यह व्यक्तित्व निर्माण, नई सोच विकसित करने और जीवन की दिशा निर्धारित करने का महत्वपूर्ण अवसर होता है।

मुख्यमंत्री ने इस अवसर पर दून विश्वविद्यालय में 11 करोड़ 20 लाख रुपये की लागत से निर्मित बॉयोलॉजिकल साइंस प्रयोगशाला भवन तथा 17 करोड़ 39 लाख रुपये की लागत से निर्मित केंद्रीय पुस्तकालय भवन का लोकार्पण किया। साथ ही, दून यूनिवर्सिटी कम्युनिटी रेडियो स्टेशन 88.4 एफएम का शुभारंभ किया। उन्होंने कहा कि ये संस्थागत सुविधाएं विश्वविद्यालय की शैक्षणिक एवं शोध गतिविधियों को नई गति देने के साथ ही विद्यार्थियों के व्यक्तित्व विकास में भी महत्वपूर्ण भूमिका निभाएंगी।

मुख्यमंत्री ने इस अवसर पर घोषणा की कि दून विश्वविद्यालय का केंद्रीय पुस्तकालय बाबा साहेब डॉ. भीमराव अंबेडकर के नाम से जाना जायेगा। दून यूनिवर्सिटी कम्युनिटी रेडियो स्टेशन 88.4 एफएम के सफल संचालन के लिये कार्यक्रम समन्वयक एवं तकनीकी सहायक के 02 पद सृजित किये जायेंगे।

दून विश्वविद्यालय के विद्यार्थियों के लिए 02 इलेक्ट्रिक बसों की व्यवस्था की जायेगी। दून विश्वविद्यालय में विदेशी भाषा विभागों को सुदृढ़ किया जायेगा। ताकि वे राज्य के अन्य शिक्षण संस्थानों में अध्ययनरत विद्यार्थियों को कौशल आधारित शिक्षा प्रदान करने और राज्य के युवाओं को रोजगार के अवसर उपलब्ध कराने में सहायक सिद्ध हो सके। विदेशी भाषाओं स्पेनिश, जर्मन, फ्रेंच, चाईनीज एवं जापानी भाषा विभागों के लिये यथोचित पदों का सृजन किया जायेगा।

मुख्यमंत्री ने कहा कि किसी भी राष्ट्र की सबसे बड़ी ताकत उसकी युवा शक्ति होती है। जिस देश का युवा सपने देखने का साहस, उन्हें पूरा करने का संकल्प और कठिन परिश्रम करने की क्षमता रखता है, उस देश को आगे बढ़ने से कोई नहीं रोक सकता। भारत की विशाल युवा आबादी विकसित भारत की सबसे मजबूत नींव है।

प्रधानमंत्री नरेंद्र मोदी के नेतृत्व में युवाओं को नए अवसर उपलब्ध कराने के लिए मेक इन इंडिया, डिजिटल इंडिया, स्टार्टअप इंडिया, स्किल इंडिया जैसी महत्वपूर्ण पहलें संचालित की जा रही हैं। आज युवा नौकरी तलाशने के साथ-साथ उद्यमिता और रोजगार सृजन की दिशा में भी आगे बढ़ रहा है।

मुख्यमंत्री ने कहा कि आज का युग नवाचार का है। राज्य सरकार प्रदेश की शिक्षा व्यवस्था को आधुनिक, गुणवत्तापूर्ण और भविष्य की आवश्यकताओं के अनुरूप बनाने के लिए निरंतर कार्य कर रही है। राष्ट्रीय शिक्षा नीति के अनुरूप विश्वविद्यालयों और शोध संस्थानों में एआई, मशीन लर्निंग और बिग डेटा जैसे आधुनिक विषयों को बढ़ावा दिया जा रहा है। वैज्ञानिक अनुसंधान को प्रोत्साहित करने के लिए प्रदेश में साइंस सिटी और एस्ट्रो पार्क जैसी परियोजनाओं पर भी कार्य किया जा रहा है।

मुख्यमंत्री ने कहा कि राज्य सरकार उच्च शिक्षा के बुनियादी ढांचे को मजबूत करने के साथ ही शिक्षा और शोध की गुणवत्ता पर विशेष ध्यान दे रही है। प्रदेश में नए महाविद्यालयों और मॉडल कॉलेजों की स्थापना, महिला छात्रावास, आईटी लैब एवं परीक्षा भवन जैसी सुविधाओं का विस्तार किया जा रहा है। शिक्षकों की कमी दूर करने के लिए नई भर्तियों के माध्यम से भी प्रयास किए जा रहे हैं । मुख्यमंत्री शोध प्रोत्साहन योजना के माध्यम से प्राध्यापकों को 18 लाख रुपये तक का शोध अनुदान उपलब्ध कराया जा रहा है तथा उत्कृष्ट शोध कार्यों को प्रोत्साहित किया जा रहा है।

मुख्यमंत्री ने कहा कि युवाओं को प्रतियोगी परीक्षाओं की तैयारी के लिए भी सरकार द्वारा आवश्यक सहयोग दिया जा रहा है। UPSC, NDA और CDS जैसी परीक्षाओं की लिखित परीक्षा उत्तीर्ण करने वाले युवाओं को साक्षात्कार की तैयारी के लिए 50 हजार रुपये तक की सहायता प्रदान की जा रही है। उन्होंने कहा कि सरकार की प्राथमिकता ऐसी पारदर्शी व्यवस्था स्थापित करना है, जिसमें युवाओं की मेहनत के साथ किसी भी प्रकार का खिलवाड़ न हो।

राज्य में देश के सबसे सख्त नकल विरोधी कानूनों में से एक लागू कर भर्ती परीक्षाओं में पारदर्शिता सुनिश्चित की गई है। उन्होंने कहा कि इसी पारदर्शी व्यवस्था के परिणामस्वरूप पिछले पांच वर्षों में 34 हजार से अधिक युवाओं को सरकारी सेवाओं में नियुक्ति मिली है।

मुख्यमंत्री ने कहा कि सरकार का युवा विकास संबंधी विजन केवल सरकारी नौकरियों तक सीमित नहीं है। मुख्यमंत्री स्वरोजगार योजना सहित विभिन्न योजनाओं के माध्यम से युवाओं को आत्मनिर्भर बनाने के प्रयास किए जा रहे हैं। होम-स्टे, ऑर्गेनिक फार्मिंग, पर्यटन और स्थानीय उद्यमों को बढ़ावा देकर युवाओं के लिए स्थानीय स्तर पर रोजगार और स्वरोजगार के अवसर सृजित किए जा रहे हैं, ताकि रोजगार की तलाश में युवाओं को अपनी मिट्टी और घर-परिवार से दूर न जाना पड़े। उन्होंने कहा कि सरकार का संकल्प है कि उत्तराखंड की जवानी और पानी दोनों उत्तराखंड के काम आएं।

मुख्यमंत्री ने युवाओं से आह्वान किया कि वे विश्वविद्यालय में उपलब्ध अवसरों का अधिकतम लाभ उठाएं, अपनी क्षमताओं को पहचानें, नई सोच के साथ आगे बढ़ें और राष्ट्र निर्माण में अपनी भूमिका निभाएं। उन्होंने स्वामी विवेकानंद के संदेश का उल्लेख करते हुए युवाओं से लक्ष्य प्राप्ति तक निरंतर प्रयास करते रहने का आह्वान किया। उन्होंने कहा कि उत्तराखंड को देश का सर्वश्रेष्ठ राज्य बनाने के संकल्प में युवाओं की भूमिका अत्यंत महत्वपूर्ण है।

इस अवसर पर विधायक विनोद चमोली, कुलपति दून विश्वविद्यालय प्रो. सुरेखा डंगवाल, मीडिया सलाहकार समिति के अध्यक्ष प्रो. गोविंद सिंह, अपर सचिव मनमोहन मैनाली एवं दून विश्वविद्यालय के प्राध्यापक मौजूद थे।",hi,8/13/26 12:31,8/14/26 11:13,Chamoli,recruitment_jobs|exam_paper_leak|protest_agitation|infrastructure|health_education|tourism_religion|politics_governance,उत्तराखंड|धामी|पुष्कर सिंह धामी|मुख्यमंत्री|राज्य सरकार,newspaper4k,944
d6451c193d343ee80a8e784e9db834d2cae0933f,https://devbhoomimedia.com/big-news-cm-dhami-gives-a-mantra-to-the-youth-learn-new-technologies-and-prepare-yourselves-for-the-changing-times/,https://devbhoomimedia.com/big-news-cm-dhami-gives-a-mantra-to-the-youth-learn-new-technologies-and-prepare-yourselves-for-the-changing-times,devbhoomi_media,Devbhoomi Media,rss,"सीएम धामी ने युवाओं को दिया मंत्र- नई तकनीक सीखें, बदलते दौर के लिए खुद को तैयार करें","दून विश्वविद्यालय में मुख्यमंत्री ने युवाओं से किया संवाद, कहा-बदलती तकनीक के अनुरूप ‘फ्यूचर रेडी’ बनें युवा मुख्यमंत्री पुष्कर सिंह धामी ने दून विश्वविद्यालय में छात्र-छात्राओं से संवाद किया। संवाद के दौरान विद्यार्थियों ने पलायन रोकने, युवाओं को रोजगार से जोड़ने, उत्तराखंड को उच्च शिक्षा का हब बनाने, विज्ञान, तकनीक एवं आर्टिफिशियल इंटेलिजेंस (एआई) के […]","दून विश्वविद्यालय में मुख्यमंत्री ने युवाओं से किया संवाद, कहा-बदलती तकनीक के अनुरूप ‘फ्यूचर रेडी’ बनें युवा
मुख्यमंत्री पुष्कर सिंह धामी ने दून विश्वविद्यालय में छात्र-छात्राओं से संवाद किया। संवाद के दौरान विद्यार्थियों ने पलायन रोकने, युवाओं को रोजगार से जोड़ने, उत्तराखंड को उच्च शिक्षा का हब बनाने, विज्ञान, तकनीक एवं आर्टिफिशियल इंटेलिजेंस (एआई) के दौर में रोजगार की नई संभावनाओं तथा देहरादून में यातायात जाम की समस्या के समाधान को लेकर मुख्यमंत्री से सवाल पूछे।
पलायन रोकने और युवाओं को रोजगार से जोड़ने से संबंधित सवाल पर मुख्यमंत्री ने कहा कि राज्य में अब रिवर्स माइग्रेशन की प्रक्रिया तेजी से आगे बढ़ रही है। मुख्यमंत्री उद्यमशाला योजना, मुख्यमंत्री स्वरोजगार योजना एवं सौर स्वरोजगार योजना सहित पर्यटन, उद्योग और फिल्म नीति के माध्यम से युवाओं को रोजगार एवं स्वरोजगार के नए अवसर उपलब्ध कराए जा रहे हैं। उन्होंने कहा कि स्वयं सहायता समूहों को सशक्त बनाने और उनके माध्यम से स्थानीय स्तर पर आजीविका के अवसर बढ़ाने के लिए भी राज्य सरकार द्वारा निरंतर कार्य किया जा रहा है।
उच्च शिक्षा को मजबूत करने के संबंध में मुख्यमंत्री ने कहा कि राज्य सरकार उच्च शिक्षण संस्थानों के आधुनिकीकरण और आधारभूत सुविधाओं के विस्तार पर विशेष ध्यान दे रही है। देहरादून में देश की पांचवीं साइंस सिटी का निर्माण किया जा रहा है, जिससे प्रदेश में विज्ञान एवं अनुसंधान के क्षेत्र में नए अवसर उपलब्ध होंगे तथा युवाओं को आधुनिक वैज्ञानिक संसाधनों से जुड़ने का अवसर मिलेगा।
विज्ञान, तकनीक एवं एआई के दौर में रोजगार की संभावनाओं से जुड़े सवाल पर मुख्यमंत्री ने कहा कि तकनीकी बदलावों के साथ रोजगार के स्वरूप में परिवर्तन हो रहा है और नई संभावनाएं भी तेजी से सामने आ रही हैं। उन्होंने युवाओं से कहा कि उन्हें बदलती तकनीक के अनुरूप अपने कौशल को विकसित करते हुए ‘फ्यूचर रेडी’ बनना होगा। सरकार भी युवाओं को आधुनिक कौशल एवं नई तकनीकों से जोड़ने के लिए निरंतर प्रयास कर रही है।
देहरादून में यातायात जाम की समस्या के संबंध में मुख्यमंत्री ने कहा कि राज्य सरकार इसके स्थायी समाधान की दिशा में गंभीरता से कार्य कर रही है। बिंदाल और रिस्पना नदी के ऊपर एलिवेटेड रोड के निर्माण की दिशा में कार्य किए जा रहे हैं। इन परियोजनाओं के पूरा होने से देहरादून शहर में यातायात व्यवस्था को बेहतर बनाने और जाम की समस्या के समाधान में मदद मिलेगी।",hi,8/13/26 12:02,8/14/26 11:13,Dehradun,protest_agitation|infrastructure|migration_demography|health_education|tourism_religion|politics_governance,उत्तराखंड|धामी|पुष्कर सिंह धामी|मुख्यमंत्री|राज्य सरकार,trafilatura,382
ddf9a881264c5deebe470ad7078ed8cbc9fa61b9,https://hindi.news18.com/photogallery/uttarakhand/rishikesh-ganga-water-level-rise-heavy-rain-alert-news-local18-10746303.html,https://hindi.news18.com/photogallery/uttarakhand/rishikesh-ganga-water-level-rise-heavy-rain-alert-news-local18-10746303.html,news18_hindi_uttarakhand,News18 Hindi,rss,"उफनती लहरें और तेज बहाव... ऋषिकेश में दिखा गंगा का रौद्र रूप, डरा देंगी तस्वीरें","Rishikesh news: उत्तराखंड के पहाड़ों पर लगातार हो रही बारिश ने ऋषिकेश में गंगा का रूप पूरी तरह बदल दिया है. आम दिनों में शांत बहने वाली गंगा अब अपने रौद्र रूप में है. उफनती लहरें और तेज बहाव जहां एक ओर प्रकृति की ताकत का अहसास करा रहे हैं, वहीं दूसरी ओर प्रशासन ने घाटों पर सतर्कता बढ़ा दी है. तस्वीरों में साफ देखा जा सकता है कि कैसे नदी का जलस्तर खतरे का संकेत दे रहा है.",,hi,8/13/26 11:38,8/14/26 11:13,Dehradun,environment_disaster,उत्तराखंड,,0
bf20bdb2f9c78f039274cf2b5934c46b5ea3d281,https://www.jagran.com/uttarakhand/dehradun-city-uttarakhand-women-to-get-free-bus-travel-dhami-govt-plan-40339501.html,https://jagran.com/uttarakhand/dehradun-city-uttarakhand-women-to-get-free-bus-travel-dhami-govt-plan-40339501.html,gnews_dhami_govt,jagran.com,gnews,"उत्तराखंड में भाजपा सरकार का चुनावी दांव, रोजवेज बसों में महिलाओं को फ्री सवारी की तैयारी","उत्तराखंड में भाजपा सरकार का चुनावी दांव, रोजवेज बसों में महिलाओं को फ्री सवारी की तैयारी  jagran.com","उत्तराखंड में भाजपा सरकार का चुनावी दांव, रोजवेज बसों में महिलाओं को फ्री सवारी की तैयारी
उत्तराखंड में अगले साल होने वाले विधानसभा चुनावों से पहले भाजपा सरकार महिलाओं को रोडवेज बसों में मुफ्त यात्रा की सुविधा देने की तैयारी में है। रोडवेज ...और पढ़ें
समय कम है?
जानिए मुख्य बातें और खबर का सार एक नजर में
ऑनलाइन डेस्क, उत्तराखंड। अगले साल उत्तराखंड में विधानसभा चुनाव है। जिसके लिए भाजपा ने अभी से बिसाद बिछानी शुरू कर दी है।
उत्तराखंड की भाजपा सरकार राज्य की महिलाओं को रोजवेज बसों में मुफ्त सफर करवाने की तैयारी कर रही है। उत्तराखंड रोडवेज प्रबंधन ने शासन को इसका प्रस्ताव भेजा है।
जल्दी ही धामी सरकार इसकी घोषणा कर सकती है। माना जा रहा है कि मुख्यमंत्री पुष्कर सिंह धामी स्वतंत्रता दिवस के अवसर पर मातृशक्ति को यह सौगात दे सकते हैं।
बता दें कि रोडवेज कर्मचारी संयुक्त परिषद ने सभी आयु वर्ग की महिलाओं के लिए मुफ्त यात्रा की मांग को लेकर सीएम धामी से भी मुलाकात की थी।
नोट- इस खबर को लगातार अपडेट किया जा रहा है। हम अपने सभी पाठकों को पल-पल की खबरों से अपडेट करते हैं। हम लेटेस्ट और ब्रेकिंग न्यूज को तुरंत ही आप तक पहुंचाने के लिए प्रतिबद्ध हैं। प्रारंभिक रूप से प्राप्त जानकारी के माध्यम से हम इस समाचार को निरंतर अपडेट कर रहे हैं। ताजा ब्रेकिंग न्यूज़ और अपडेट्स के लिए जुड़े रहिए जागरण के साथ।",hi,8/13/26 11:07,8/14/26 11:17,,politics_governance,उत्तराखंड|धामी|पुष्कर सिंह धामी|मुख्यमंत्री|विधानसभा,trafilatura,233
794e91d9f5d301ad3d2cae0a25e13af1c5e8e859,https://www.jagran.com/uttarakhand/dehradun-city-uttarakhand-heavy-rainfall-alert-in-uttarakhand-from-august-14-to-17-alert-issued-across-all-districts-following-imd-warning-40339475.html,https://jagran.com/uttarakhand/dehradun-city-uttarakhand-heavy-rainfall-alert-in-uttarakhand-from-august-14-to-17-alert-issued-across-all-districts-following-imd-warning-40339475.html,gnews_uttarakhand_hi,Jagran,gnews,"15 अगस्त पर उत्तराखंड में कैसा रहेगा मौसम? 14 से 17 तक भारी बारिश की चेतावनी, सभी जिलों में अलर्ट - uttarakhand heavy rainfall alert in uttarakhand from august 14 to 17 alert issued across all districts following imd warning","15 अगस्त पर उत्तराखंड में कैसा रहेगा मौसम? 14 से 17 तक भारी बारिश की चेतावनी, सभी जिलों में अलर्ट - uttarakhand heavy rainfall alert in uttarakhand from august 14 to 17 alert issued across all districts following imd warning  Jagran","15 अगस्त पर उत्तराखंड में कैसा रहेगा मौसम? 14 से 17 तक भारी बारिश की चेतावनी, सभी जिलों में अलर्ट
मौसम विभाग ने उत्तराखंड में 14 से 17 अगस्त तक भारी से बहुत भारी बारिश की चेतावनी जारी की है, जिसके मद्देनजर सभी जिलों को अलर्ट पर रखा गया है। ...और पढ़ें
समय कम है?
जानिए मुख्य बातें और खबर का सार एक नजर में
जागरण संवाददाता, देहरादून। उत्तराखंड में आने वाले दिनों में तेज बारिश का दौर जारी रहने वाला है। मौसम विभाग ने 14 से 17 अगस्त तक भारी से बहुत भारी बारिश होने की चेतावनी जारी की है।
वहीं इसी चेतावनी के मद्देनजर राज्य आपातकालीन परिचालन केंद्र द्वारा सभी जिलों को आवश्यक सावधानियां एवं तैयारियां सुनिश्चित करने के निर्देश दिए गए हैं। संबंधित अधिकारियों को सतर्क रहने तथा किसी भी आपात स्थिति में त्वरित कार्रवाई करने के निर्देश दिए गए हैं।
संबंधित विभागों को अलर्ट मोड में रहने के निर्देश
सचिव आपदा प्रबंधन एवं पुनर्वास विनोद कुमार सुमन ने सभी जिलाधिकारियों एवं संबंधित विभागों को अलर्ट मोड में रहने के निर्देश दिए हैं।
- मौसम विभाग के के अनुसार 14 अगस्त को देहरादून, पिथौरागढ़, बागेश्वर एवं नैनीताल जनपदों में ऑरेंज अलर्ट रहेगा। चम्पावत, टिहरी, पौड़ी, चमोली, रुद्रप्रयाग, हरिद्वार एवं ऊधमसिंह नगर में कहीं-कहीं भारी वर्षा की संभावना है।
- 15 अगस्त को देहरादून, टिहरी, पौड़ी, उत्तरकाशी, नैनीताल, चम्पावत एवं बागेश्वर में कहीं-कहीं भारी वर्षा होने की संभावना है।
- 16 अगस्त को चम्पावत, बागेश्वर एवं नैनीताल जनपदों में ऑरेंज अलर्ट रहेगा। इन जनपदों में कहीं-कहीं भारी से बहुत भारी बारिश की संभावना है। देहरादून, टिहरी, हरिद्वार, चमोली, ऊधमसिंह नगर, अल्मोड़ा एवं पिथौरागढ़ में कहीं-कहीं भारी बारिश तथा देहरादून, टिहरी, पौड़ी, हरिद्वार, उत्तरकाशी, रुद्रप्रयाग, चमोली, ऊधमसिंह नगर, अल्मोड़ा एवं पिथौरागढ़ में गरज-चमक के साथ तेज बारिश का येलो अलर्ट रहेगा।
- 17 अगस्त को देहरादून व टिहरी जिले में ऑरेंज अलर्ट रहेगा। अन्य जिलों मे येलो अलर्ट रहेगा।
मौसम की जानकारी लेकर ही करें यात्रा
सचिव विनोद कुमार सुमन ने आमजन से अपील करते हुए कहा कि मौसम विभाग की चेतावनी को गंभीरता से लेते हुए अनावश्यक यात्रा से बचें और मौसम की जानकारी ले अपनी यात्रा लान करें।",hi,8/13/26 10:54,8/14/26 10:14,Dehradun|Haridwar|Nainital|Pauri Garhwal|Tehri Garhwal|Chamoli|Rudraprayag|Uttarkashi|Almora|Pithoragarh|Bageshwar,environment_disaster,uttarakhand|उत्तराखंड,trafilatura,351
05fd1ca58d95bb7d54c0d2f1a1d7f1dd3237b1e8,https://hindi.news18.com/news/uttarakhand/bageshwar-importance-and-conservation-of-natural-water-streams-in-mountains-local18-10746056.html,https://hindi.news18.com/news/uttarakhand/bageshwar-importance-and-conservation-of-natural-water-streams-in-mountains-local18-10746056.html,news18_hindi_uttarakhand,News18 Hindi,rss,पहाड़ों की ढलान से सड़क किनारे कैसे निकलता है शुद्ध पानी? प्राकृतिक जलस्रोत बनने की पूरी कहानी,Bageshwar News: पहाड़ों में बारिश और बर्फबारी का पानी जमीन के भीतर अलग-अलग परतों में पहुंचकर संरक्षित होता है. चट्टानों और मिट्टी की परतों के बीच जमा यह पानी धीरे-धीरे प्राकृतिक रास्तों से नीचे की ओर बहता है.,,hi,8/13/26 10:32,8/14/26 11:13,Bageshwar,,,,0
e749c473691be5004ac3956e4a785709459898cc,https://hindi.news18.com/news/uttarakhand/bageshwar-narayan-dutt-creates-hemp-fiber-shoes-promotes-self-employment-in-bageshwar-local18-10746034.html,https://hindi.news18.com/news/uttarakhand/bageshwar-narayan-dutt-creates-hemp-fiber-shoes-promotes-self-employment-in-bageshwar-local18-10746034.html,news18_hindi_uttarakhand,News18 Hindi,rss,"हैंप के रेशे से इस रिटायर्ड सैनिक ने बनाए अनोखे जूते, पैरों में जैसे मखमल का एहसास, ऐसे किया तैयार","Bageshwar News: बागेश्वर के नारायण दत्त हैंप के रेशे से जूते बनाकर स्वरोजगार की मिसाल पेश कर रहे हैं. उन्होंने बच्चों के लिए आकर्षक और आरामदायक फुटवियर तैयार किए हैं, जो स्थानीय संसाधनों के उपयोग को बढ़ावा देते हैं.",,hi,8/13/26 10:13,8/14/26 11:13,Bageshwar,,,,0
5d2b0ec51ff2c4e25d5fd56874b83635463d5f72,https://hindi.news18.com/news/uttarakhand/bageshwar-saryu-river-monsoon-water-level-alert-safety-precautions-local18-10745974.html,https://hindi.news18.com/news/uttarakhand/bageshwar-saryu-river-monsoon-water-level-alert-safety-precautions-local18-10745974.html,news18_hindi_uttarakhand,News18 Hindi,rss,"बागेश्वर में मानसून का कहर: सरयू नदी के बढ़ते जलस्तर को लेकर प्रशासन की चेतावनी, भूलकर भी न करें ये गलतियां","Bageshwar News: मानसून के दौरान उत्तराखंड के बागेश्वर में सरयू नदी का जलस्तर बढ़ने लगा है. प्रशासन ने नदी किनारे जाने, स्नान करने और सेल्फी लेने वालों के लिए कड़ी चेतावनी जारी की है. पहाड़ी इलाकों में लगातार बारिश के चलते नदी का बहाव कभी भी तेज हो सकता है. बच्चों की सुरक्षा और प्रशासनिक गाइडलाइन का पालन करने की अपील की गई है ताकि किसी भी बड़े हादसे से बचा जा सके. जानिए क्या हैं जरूरी सावधानियां.",,hi,8/13/26 10:08,8/14/26 11:13,Bageshwar,environment_disaster,उत्तराखंड,,0
3cbca32dbe07e437795e23b6ea939c349822736b,https://www.livemint.com/focus/uttarakhands-lakhpati-didi-count-crosses-3-lakh-government-sets-1-12-lakh-target-for-202627-11786614076907.html,https://livemint.com/focus/uttarakhands-lakhpati-didi-count-crosses-3-lakh-government-sets-1-12-lakh-target-for-202627-11786614076907.html,gnews_uttarakhand_en,livemint.com,gnews,"Uttarakhand’s Lakhpati Didi count crosses 3 lakh, government sets 1.12 lakh target for 2026-27","Uttarakhand’s Lakhpati Didi count crosses 3 lakh, government sets 1.12 lakh target for 2026-27  livemint.com","Uttarakhand’s Lakhpati Didi count crosses 3 lakh, government sets 1.12 lakh target for 2026-27
Uttarakhand celebrates the milestone of over 3 lakh women becoming Lakhpati Didis, earning above ₹1 lakh annually. With ambitious targets set for 2026-27, this initiative boosts women's economic independence and strengthens rural livelihoods through self-help groups and government support.
Focus
Updated13 Aug 2026, 03:13 PM IST
Uttarakhand has crossed the three lakh mark in the number of women who have become Lakhpati Didis, with 3,03,696 women reporting annual incomes above ₹1 lakh by the end of financial year 2025-26, according to the state government.
The government has set a target of making 1.12 lakh more women Lakhpati Didis during 2026-27 and said departments are working to achieve the target ahead of schedule.
The Lakhpati Didi initiative was launched in November 2022 under the Uttarakhand State Rural Livelihood Mission to strengthen women’s economic independence and the rural economy. Women associated with self-help groups are using government grants and credit schemes to build livelihoods through organic farming, food processing, spice production, handicrafts, dairy and livestock, beekeeping, mushroom cultivation and homestays.
Women are also producing bakery products made from millets as demand for such products increases.
Rural businesses and wider market access
The government has established infrastructure to support processing, sales and market access for self-help group products. It said 24 growth centres, 33 nano packaging units and 17 Saras centres are currently operating. Saras fairs are being organised at district, state and national levels to connect products with larger markets.
The House of Himalayas brand has also helped give products made by women’s self-help groups and rural producers recognition. According to the government, improvements in branding, packaging and quality have increased demand for local products in metropolitan areas and other cities.
The government said the Lakhpati Didi programme has exceeded annual targets in successive years before their deadlines. It is now seeking to expand the number of women earning more than ₹1 lakh annually through livelihood activities, enterprise support and better market access.
More than 5.19 lakh women organised
The Uttarakhand State Rural Livelihood Mission has organised 5,19,943 women across all 13 districts and 95 blocks. They are part of 70,767 self-help groups, 8,179 village organisations and 615 cluster-level federations.
The state government has also highlighted measures aimed at expanding women’s economic participation. These include 30% horizontal reservation for women in government services and 33% reservation in cooperative societies.
Other schemes cited by the government include the Mukhyamantri Ekal Mahila Swarojgar Yojana, Mukhyamantri Sashakt Bahna Yojana, Drone Didi Yojana, Solar Sakhi Yojana, Mukhyamantri Sustainable Livelihood Mission, Mukhyamantri Nari Sashaktikaran Yojana and Mukhyamantri Udyamshala Yojana.
Chief Minister Pushkar Singh Dhami said women associated with self-help groups were becoming economically independent while contributing to Uttarakhand’s development. He said the government remained committed to their dignity, safety and economic empowerment.
Dhami said women were among the main drivers of the state’s economic and social transformation. The government said livelihood opportunities were being expanded so that women could develop new income sources while participating more actively in economic activity.",en,8/13/26 9:43,8/14/26 11:20,,,chief minister|dhami|uttarakhand,trafilatura,507
e7e1b76016f0ff2d67ec2f08b820a252e1e627c4,https://www.livemint.com/focus/uttarakhand-government-says-taekwondo-player-s-case-was-misrepresented-11786612990769.html,https://livemint.com/focus/uttarakhand-government-says-taekwondo-player-s-case-was-misrepresented-11786612990769.html,gnews_uttarakhand_en,livemint.com,gnews,Uttarakhand government says taekwondo player’s case was misrepresented,Uttarakhand government says taekwondo player’s case was misrepresented  livemint.com,"The Uttarakhand government has clarified the facts surrounding a student of CNI Girls School who raised the issue of financial assistance for participating in an international taekwondo competition during a Yuva Samvad programme with Chief Minister Pushkar Singh Dhami. The clarification came after the matter was allegedly presented by some people as a case in which a government official had demanded a bribe from the student.

According to the government, the student was receiving training through the Taekwondo Council of India, a private organisation, and had been selected through the organisation to participate in an international competition. The total expenditure for participation, including travel, was estimated at around ₹3.70 lakh.

The government said the private organisation had assured the student of financial assistance of around ₹1.70 lakh. The remaining ₹1.50 lakh to ₹1.60 lakh was to be arranged by the participant. It said the student had raised the requirement for this amount before the chief minister.

The government stressed that the matter was neither related to a government official seeking money nor to any government selection process. It concerned expenses for participation in a privately organised competition through a private organisation.

Student could not explain entire matter during brief interaction

The government said the student could not explain her entire situation in detail during the interaction with the chief minister because of the limited time available. This, it said, resulted in confusion about the nature of her request.

It alleged that some political figures subsequently used the incomplete information to portray the matter as a demand for a bribe. The government said this interpretation did not correspond with the facts outlined in its clarification.

According to the statement, the financial requirement mentioned by the student was linked to the cost of participating in the international competition. The private organisation supporting her had agreed to bear a portion of the expenditure, while the remaining amount had to be arranged by the participant.

The government also emphasised that the student's selection for the competition had taken place through the Taekwondo Council of India. It said this was not a government recruitment or selection exercise and did not involve a government officer deciding whether the student could participate.

The clarification comes amid the government's effort to distinguish the student's request for financial support from the allegation of a bribe demand. It said the student's concern and sporting talent deserved to be respected, but the issue should not be presented with what it described as incorrect facts.

Government says sporting talent should not be used for political gains

The government said the student had raised a genuine concern about arranging the money required for her participation in the competition. It said the fact that she needed around ₹1.5 lakh did not mean that the amount had been demanded from her by a government official.

The statement reiterated that the estimated total cost was around ₹3.70 lakh, of which approximately ₹1.70 lakh was to be borne by the private organisation. The balance amount was the responsibility of the participant.

The government said the student's inability to explain the complete circumstances during the short interaction may have contributed to the subsequent misunderstanding. It maintained that the issue should be considered in its entirety rather than on the basis of an incomplete account.

It also said the student's sporting achievements and concerns should be treated with due respect. At the same time, it objected to what it described as an attempt to use the matter for political benefit by presenting it as a corruption or bribery case.

The government maintained that, based on the facts stated in its clarification, the matter was about meeting expenses related to an international taekwondo competition and not about any demand for money by a government official.",en,8/13/26 9:24,8/14/26 11:19,,investigation_justice|protest_agitation,chief minister|dhami|uttarakhand|uttarakhand government,newspaper4k,625
d9da502a9d9b9ec6ad175c2a93b20b476b55e9f4,https://hindi.news18.com/news/uttarakhand/nainital-ippb-dbt-mapping-in-post-office-government-subsidy-pension-payment-problem-solution-local18-10745669.html,https://hindi.news18.com/news/uttarakhand/nainital-ippb-dbt-mapping-in-post-office-government-subsidy-pension-payment-problem-solution-local18-10745669.html,news18_hindi_uttarakhand,News18 Hindi,rss,"किसान निधि, गैस सब्सिडी या पेंशन रुक गई है? घबराएं नहीं, पोस्ट ऑफिस की इस सुविधा से पाएं अपनी अटकी रकम","Post Office Service: अगर आपकी भी किसान सम्मान निधि, एलपीजी सब्सिडी, वृद्धावस्था पेंशन या किसी दूसरी सरकारी योजना की रकम खाते में नहीं पहुंच रही है, तो इसकी वजह डीबीटी मैपिंग की समस्या हो सकती है. आधार और बैंक खाते की सही मैपिंग नहीं होने पर सरकारी पैसा अटक सकता है. ऐसे लाभार्थी नजदीकी पोस्ट ऑफिस में जाकर इंडिया पोस्ट पेमेंट्स बैंक के जरिए डीबीटी से जुड़ी प्रक्रिया पूरी करा सकते हैं. खास बात यह है कि दूसरे बैंक में खाता होने पर भी इस सुविधा का लाभ लिया जा सकता है.",,hi,8/13/26 8:43,8/14/26 11:13,,,,,0
3c4049c6365af5981320912e66a15b933569923d,https://hindi.news18.com/news/uttarakhand/bageshwar-fulwari-phulchaura-khaidhar-thalidhar-road-demand-villagers-protest-local18-10745301.html,https://hindi.news18.com/news/uttarakhand/bageshwar-fulwari-phulchaura-khaidhar-thalidhar-road-demand-villagers-protest-local18-10745301.html,news18_hindi_uttarakhand,News18 Hindi,rss,Bageshwar News: मरीजों को डोली में ढोने को मजबूर... बागेश्वर में 5 किमी सड़क के लिए 20 सालों से जंग लड़ रहे ग्रामीण,"Bageshwar News: बागेश्वर में सड़क का इंतजार कर रहे ग्रामीणों की परेशानी लगातार बढ़ती जा रही है. करीब 20 साल से सड़क निर्माण की मांग उठाने के बावजूद अब तक काम शुरू नहीं हो सका है. सड़क नहीं होने से बुजुर्गों, महिलाओं, बच्चों और बीमार लोगों को कई किलोमीटर पैदल चलकर मुख्य सड़क तक पहुंचना पड़ता है. बरसात के दिनों में रास्ते खराब होने से दिक्कत और बढ़ जाती है. कई बार शासन-प्रशासन और जनप्रतिनिधियों को ज्ञापन देने और सड़क निर्माण के आश्वासन मिलने के बाद भी काम शुरू नहीं होने पर ग्रामीणों ने अब आंदोलन का रास्ता अपनाया है.",,hi,8/13/26 8:28,8/14/26 11:13,Bageshwar,protest_agitation|infrastructure,,,0
5d4a92c8540c9c744e287a14fb9bee62b0371875,https://www.facebook.com/IndiacomHindi/photos/%E0%A4%89%E0%A4%A4%E0%A5%8D%E0%A4%A4%E0%A4%B0%E0%A4%BE%E0%A4%96%E0%A4%82%E0%A4%A1-%E0%A4%95%E0%A5%87-%E0%A4%B9%E0%A4%B2%E0%A5%8D%E0%A4%A6%E0%A5%8D%E0%A4%B5%E0%A4%BE%E0%A4%A8%E0%A5%80-%E0%A4%AE%E0%A5%87%E0%A4%82-%E0%A4%95%E0%A4%BE%E0%A4%82%E0%A4%97%E0%A5%8D%E0%A4%B0%E0%A5%87%E0%A4%B8-%E0%A4%85%E0%A4%A7%E0%A5%8D%E0%A4%AF%E0%A4%95%E0%A5%8D%E0%A4%B7-%E0%A4%AE%E0%A4%B2%E0%A5%8D%E0%A4%B2%E0%A4%BF%E0%A4%95%E0%A4%BE%E0%A4%B0%E0%A5%8D%E0%A4%9C%E0%A5%81%E0%A4%A8-%E0%A4%96%E0%A4%B0%E0%A4%97%E0%A5%87-%E0%A4%95%E0%A5%80-%E0%A4%B0%E0%A5%88%E0%A4%B2%E0%A5%80-%E0%A4%95%E0%A5%87-%E0%A4%AC%E0%A4%BE%E0%A4%A6-%E0%A4%AE%E0%A4%82%E0%A4%9A/1509663991198327/,https://facebook.com/IndiacomHindi/photos/%E0%A4%89%E0%A4%A4%E0%A5%8D%E0%A4%A4%E0%A4%B0%E0%A4%BE%E0%A4%96%E0%A4%82%E0%A4%A1-%E0%A4%95%E0%A5%87-%E0%A4%B9%E0%A4%B2%E0%A5%8D%E0%A4%A6%E0%A5%8D%E0%A4%B5%E0%A4%BE%E0%A4%A8%E0%A5%80-%E0%A4%AE%E0%A5%87%E0%A4%82-%E0%A4%95%E0%A4%BE%E0%A4%82%E0%A4%97%E0%A5%8D%E0%A4%B0%E0%A5%87%E0%A4%B8-%E0%A4%85%E0%A4%A7%E0%A5%8D%E0%A4%AF%E0%A4%95%E0%A5%8D%E0%A4%B7-%E0%A4%AE%E0%A4%B2%E0%A5%8D%E0%A4%B2%E0%A4%BF%E0%A4%95%E0%A4%BE%E0%A4%B0%E0%A5%8D%E0%A4%9C%E0%A5%81%E0%A4%A8-%E0%A4%96%E0%A4%B0%E0%A4%97%E0%A5%87-%E0%A4%95%E0%A5%80-%E0%A4%B0%E0%A5%88%E0%A4%B2%E0%A5%80-%E0%A4%95%E0%A5%87-%E0%A4%AC%E0%A4%BE%E0%A4%A6-%E0%A4%AE%E0%A4%82%E0%A4%9A/1509663991198327,gnews_uttarakhand_hi,facebook.com,gnews,उत्तराखंड के हल्द्वानी में कांग्रेस अध्यक्ष मल्लिकार्जुन खरगे की रैली के बाद मंच का 'शुद्धिकरण' किए जाने के मामले पर कांग्रेस की वरिष्ठ नेता और उत्तराखंड प्रभारी कुमारी सैलजा ने बीजेपी,उत्तराखंड के हल्द्वानी में कांग्रेस अध्यक्ष मल्लिकार्जुन खरगे की रैली के बाद मंच का 'शुद्धिकरण' किए जाने के मामले पर कांग्रेस की वरिष्ठ नेता और उत्तराखंड प्रभारी कुमारी सैलजा ने बीजेपी  facebook.com,,hi,8/13/26 8:26,8/14/26 11:14,Nainital,politics_governance,उत्तराखंड,,0
8ad078d84461364f17a9430d7f92997be122da4a,https://www.hindustantimes.com/genesis/uttarakhand-government-says-taekwondo-player-case-was-not-about-bribe-demand-101786609477189.html,https://hindustantimes.com/genesis/uttarakhand-government-says-taekwondo-player-case-was-not-about-bribe-demand-101786609477189.html,gnews_uttarakhand_en,Hindustan Times,gnews,Uttarakhand government says taekwondo player case was not about bribe demand | Hindustan Times,Uttarakhand government says taekwondo player case was not about bribe demand | Hindustan Times  Hindustan Times,"Uttarakhand government says taekwondo player case was not about bribe demand
In a recent youth dialogue, a taekwondo player's funding challenge sparked controversy. The Uttarakhand government clarified that no bribe was demanded.
The Uttarakhand government has issued a clarification over a controversy involving a taekwondo player, saying the matter has been misrepresented as a case of a government official demanding money from the student.
According to the government, a student studying at CNI Girls School had raised the issue of requiring around ₹1.5 lakh to participate in an international taekwondo competition before Chief Minister Pushkar Singh Dhami during a youth dialogue programme.
The government said the student was receiving training through the Taekwondo Council of India, a private organisation, and had been selected for an international competition through the organisation.
The total cost of participating in the competition, including travel, was estimated at around ₹3.70 lakh, according to the clarification. The private organisation had assured the student that it would bear around ₹1.70 lakh, while she was required to arrange the remaining ₹1.50-1.60 lakh.
Government says private competition, not official selection process
The government said the matter therefore did not involve a government official demanding money from the student and was not connected with any government selection process. It concerned expenses related to participating in a competition organised at the private level through a private organisation.
The government said the student could not explain the entire matter in detail during the limited time available for the interaction, which led to confusion about the issue.
It alleged that some political individuals were using the incomplete information to portray the matter as a case of a bribe being sought.
The government said the student's concerns and talent deserved full respect, but maintained that presenting her case with incorrect facts for political gain was inappropriate.
According to the clarification, the student's request related to arranging the remaining amount required to participate in the international competition after the private organisation agreed to bear a portion of the expenses.
The government reiterated that the issue was related to a private organisation and the expenses associated with participation in an international competition. It said there was no government official demanding money and no government selection process involved in the matter.",en,8/13/26 8:25,8/14/26 11:19,,protest_agitation,chief minister|dhami|uttarakhand|uttarakhand government,trafilatura,374
ec583c459a5a1039eee676e5f2c593f2455ed039,https://hindi.news18.com/news/uttarakhand/dehradun-visually-impaired-students-seeking-facilities-from-government-with-hopes-for-bright-future-local18-10745306.html,https://hindi.news18.com/news/uttarakhand/dehradun-visually-impaired-students-seeking-facilities-from-government-with-hopes-for-bright-future-local18-10745306.html,news18_hindi_uttarakhand,News18 Hindi,rss,"'हमारी भी सुनो सरकार'... आखिर दृष्टिबाधित बच्चों को मिली सुनहरे भविष्य की आस, 10 दिन का आंदोलन खत्म",Dehradun News: स्कॉलरशिप लैपटॉप और ब्रेल टीचर को लेकर एजुकेशन हब देहरादून के बच्चे आंदोलन कर रहे थे. लेकिन प्रशासन की स्वीकृति के बाद आंदोलन रोक दिया गया है. सामान्य छात्रों से अलग दृष्टिबाधित छात्र-छात्राओं के लिए कई तरह की सुविधाओं की जरूरत होती है.,,hi,8/13/26 8:02,8/14/26 11:13,Dehradun,protest_agitation,,,0
fda397a8c9bb71b8009d99268900bef03a34d66b,https://hindi.news18.com/news/uttarakhand/almora-bengal-tiger-sighting-at-8000-ft-binsar-wildlife-sanctuary-in-almoda-increased-surveillance-10745308.html,https://hindi.news18.com/news/uttarakhand/almora-bengal-tiger-sighting-at-8000-ft-binsar-wildlife-sanctuary-in-almoda-increased-surveillance-10745308.html,news18_hindi_uttarakhand,News18 Hindi,rss,"बंगाल टाइगर 8000 फीट पर ऊंचाई पर कैसे पहुंचा? बिनसर में अलर्ट हो गया वन विभाग, पल-पल हो रही निगरानी",Uttarakhand News : उत्तराखंड के बिनसर वाइल्डलाइफ सेंचुरी में करीब 8 हजार फीट की ऊंचाई पर बंगाल टाइगर देखे जाने से वन विभाग सतर्क हो गया है. सोशल मीडिया पर वायरल वीडियो में बाघ को जंगल में घूमते हुए देखा गया. इसके बाद विभाग ने भी बाघ की मौजूदगी की पुष्टि की है.,,hi,8/13/26 8:00,8/14/26 11:13,,,uttarakhand|उत्तराखंड,,0
4c0dbee46f025e8e4d9276d3cab981aaa1657f48,https://www.ndtv.com/education/uttarakhand-launches-free-online-coaching-scheme-for-competitive-exams-11903933,https://ndtv.com/education/uttarakhand-launches-free-online-coaching-scheme-for-competitive-exams-11903933,gnews_uttarakhand_en,NDTV,gnews,Uttarakhand Launches Free Online Coaching Scheme For Competitive Exams,Uttarakhand Launches Free Online Coaching Scheme For Competitive Exams  NDTV,,en,8/13/26 7:40,8/14/26 11:19,,,uttarakhand,,0
30929e8d444cf54fa3d898f50430c6d5a8747e1e,https://www.jagran.com/uttarakhand/nainital-mallikarjun-kharge-haldwani-purification-case-what-happened-during-the-rally-in-haldwani-uttarakhand-40339206.html,https://jagran.com/uttarakhand/nainital-mallikarjun-kharge-haldwani-purification-case-what-happened-during-the-rally-in-haldwani-uttarakhand-40339206.html,gnews_uttarakhand_hi,jagran.com,gnews,"Mallikarjun Shuddhikaran Controversy: उत्तराखंड के हल्द्वानी में हुआ था 'शुद्धिकरण', छिड़का था गंगाजल","Mallikarjun Shuddhikaran Controversy: उत्तराखंड के हल्द्वानी में हुआ था 'शुद्धिकरण', छिड़का था गंगाजल  jagran.com","Mallikarjun Shuddhikaran Controversy: उत्तराखंड के हल्द्वानी में हुआ था 'शुद्धिकरण', छिड़का था गंगाजल
Mallikarjun Haldwani Rally Shuddhikaran: मल्लिकार्जुन खरगे ने राज्यसभा में उत्तराखंड के हल्द्वानी रैली के बाद हुए 'शुद्धिकरण' हवन पर दुख व्यक्त किया, ...और पढ़ें
HighLights
- हल्द्वानी में कांग्रेस की विजय शंखनाद रैली का आयोजन
- रैली के बाद रामलीला मैदान का 'शुद्धिकरण' हवन
- खरगे ने राज्यसभा में दलित पहचान से जोड़ा यह मुद्दा
ऑनलाइन डेस्क, उत्तराखंड। Haldwani Ramlila Ground purification news: मल्लिकार्जुन खरगे ने गुरुवार को राज्यसभा में हल्द्वानी रैली के बाद हुए 'शुद्धिकरण' हवन पर दुख व्यक्त किया, इस वाकये को उन्होंने अपनी दलित पहचान से जोड़ा।
दरअसल पिछले शनिवार आठ अगस्त को उत्तराखंड के हल्द्वानी में कांग्रेस की विजय शंखनाद रैली का आयोजन किया गया था।रामलीला मैदान में आयोजित उक्त रैली में कांग्रेस के राष्ट्रीय अध्यक्ष मल्लिकार्जुन खरगे समेत प्रदेश प्रभारी कुमारी सैलजा और नेता प्रतिपक्ष यशपाल आर्य सहित कई नेता शामिल थे। रैली के दिन भी हल्द्वानी में काफी विवाद की स्थिति रही।
एसएसपी ऑफिस में हुआ था हंगामा
रैली में आ रहे कार्यकर्ताओं के वाहनों को जगह-जगह चेकिंग के नाम पर पुलिस की ओर से रोकने पर प्रदेश अध्यक्ष गणेश गोदियाल और नेता प्रतिपक्ष यशपाल आर्य के नेतृत्व में बड़ी संख्या में कार्यकर्ता एसएसपी दफ्तर पहुंचकर धरने पर बैठ गए थे। इस दौरान कांग्रेस नेताओं द्वारा एसएसपी के लिए अपशब्द कहे जाने का वीडियो भी खूब वायरल हो गया।
वहीं भाजपा ने भी आरोप लगाया कि खरगे की रैली के दौरान मुस्लिम धर्म के समर्थन में नारे लगाए थे।
हवन करने के साथ छिड़का गंगाजल
रैली के दो दिन बाद 10 अगस्त को श्री राम सेना धर्मार्थ सेवा न्यास नाम के संगठन ने रामलीला मैदान पहुंच हवन करने के साथ गंगाजल भी छिड़क डाला। संगठन का कहना था कि रामलीला मैदान सनातन से जुड़े कार्यक्रमों का स्थल है। इसकी पवित्रता को खंडित किया गया है।
जिसके बाद कांग्रेस ने आरोप लगाया कि रैली में कांग्रेस के राष्ट्रीय अध्यक्ष मल्लिकार्जुन खरगे समेत प्रदेश प्रभारी कुमारी सैलजा और नेता प्रतिपक्ष यशपाल आर्य शामिल थे जो दलित वर्ग से आते हैं। इसलिए रामलीला मैदान में शुद्धिकरण हवन कार्यक्रम आयोजित किया गया।
खबरें और भी
मल्लिकार्जुन खरगे ने राज्यसभा में उठाई बात
अब यही बात गुरुवार को मल्लिकार्जुन खरगे ने राज्यसभा में उठाई। मल्लिकार्जुन खरगे ने कहा, ""...मैं हल्द्वानी में था, जहां मैंने रामलीला मैदान में एक जनसभा को संबोधित किया। वहां लाखों लोग मौजूद थे। उस समय, मैंने किसी समुदाय या धर्म का नाम नहीं लिया, मैंने केवल सरकार से जुड़े मुद्दों को दोहराया।
लेकिन मेरे भाषण के बाद, बीजेपी के लोगों ने उस मंच को 'शुद्ध' करने के लिए वहां हवन किया... क्या लोकतंत्र में ऐसा होता है? आप संविधान की रक्षा कैसे कर रहे हैं? मैं विपक्ष का नेता हूं।"" ""मैं इसे राजनीतिक मुद्दा नहीं बनाना चाहता। मैं बरसों से इस सदन का सदस्य रहा हूं। मैं अनुसूचित जाति से आता हूं और दलित हूं, मैंने कभी किसी से यह गुहार नहीं लगाई कि 'मेरी मदद करो' या 'मेरी रक्षा करो'।
जिस पर केंद्रीय मंत्री जेपी नड्डा ने घटना को दुखद कहा और जांच का आश्वासन दिया।
यशपाल आर्य ने भी उठाए सवाल
वहीं उत्तराखंड के नेता प्रतिपक्ष यशपाल आर्य ने भी रामलीला मैदान हल्द्वानी में मल्लिकार्जुन खरगे की जनसभा के बाद कथित रूप से शुद्धिकरण हवन कराए जाने की घटना ने लोकतांत्रिक मूल्यों, सामाजिक समरसता और संवैधानिक मर्यादाओं को लेकर गंभीर सवाल खड़े किए हैं।
उन्होंने कहा है कि 'उत्तराखंड की धरती सामाजिक समरसता, भाईचारे और लोकतांत्रिक चेतना की भूमि रही है। हल्द्वानी जैसे शहर में इस प्रकार की घटना का सामने आना प्रदेश की सामाजिक एकता के लिए भी दुर्भाग्यपूर्ण है। भाजपा नेताओं को यह समझना चाहिए कि समाज को जोड़ने का समय है, जाति और ऊंच-नीच की दीवारें खड़ी करने का नहीं।
मल्लिकार्जुन खड़गे केवल कांग्रेस के राष्ट्रीय अध्यक्ष ही नहीं, बल्कि देश के वरिष्ठतम जननेताओं में से एक हैं। उनका सार्वजनिक जीवन संविधान, लोकतंत्र, सामाजिक न्याय और वंचित वर्गों के अधिकारों के लिए संघर्ष को समर्पित रहा है। ऐसे नेता की जनसभा के बाद मैदान का शुद्धिकरण करना सामाजिक बराबरी की उस भावना का अपमान है, जिसकी स्थापना के लिए डॉ. भीमराव आंबेडकर सहित अनेक महापुरुषों ने जीवनभर संघर्ष किया।
किसी भी सार्वजनिक स्थान की पवित्रता किसी व्यक्ति की जाति, वर्ग या राजनीतिक विचारधारा से निर्धारित नहीं होती। लोकतंत्र में सार्वजनिक मैदान जनता के होते हैं और वहां अलग-अलग राजनीतिक दलों की सभाएं होना लोकतांत्रिक व्यवस्था का सामान्य हिस्सा है। किसी राजनीतिक कार्यक्रम के बाद उस स्थान को ‘शुद्ध’ करने की कोशिश समाज में छुआछूत और ऊंच-नीच जैसी पुरानी कुरीतियों को बढ़ावा देने वाली मानसिकता को प्रदर्शित करती है।
भारतीय संविधान ने प्रत्येक नागरिक को समानता, सम्मान और गरिमा के साथ जीवन जीने का अधिकार दिया है। संविधान की मूल भावना सामाजिक भेदभाव को समाप्त कर सभी नागरिकों को बराबरी का अधिकार देने की है। ऐसे में सार्वजनिक रूप से किए गए इस प्रकार के प्रतीकात्मक कृत्य समाज में गलत संदेश देते हैं और सामाजिक सद्भाव को कमजोर करते हैं।
मेरा भाजपा से सवाल है यदि किसी सार्वजनिक मैदान में किसी दलित नेता की सभा होने के बाद उसे शुद्ध करने की आवश्यकता महसूस की जाती है, तो क्या भाजपा नेतृत्व इस मानसिकता का समर्थन करता है? यदि नहीं, तो भाजपा को इस घटना पर अपना स्पष्ट पक्ष जनता के सामने रखना चाहिए।
विचारधारा का मुकाबला विचारधारा से होना चाहिए, न कि किसी व्यक्ति की सामाजिक पृष्ठभूमि के आधार पर उसके प्रति अपमानजनक व्यवहार करके। लोकतंत्र में किसी व्यक्ति की जाति नहीं, बल्कि उसके विचार, कर्म और संवैधानिक अधिकार महत्वपूर्ण हैं।'
राम के नाम पर खड़े हो गए टटपूजिए दुकानदार: हरीश रावत
पूर्व सीएम हरीश रावत ने कहा कि 'कितनी घटिया मानसिकता है। 21वीं सदी में जब इंसान अंतरिक्ष में दूसरी दुनिया बसाने की कल्पना कर रहा है। कुछ लोग आज भी जातिवादी और तथाकथित ""घृणित संकीर्ण मनोवृत्ति"" से उबर नहीं पा रहे हैं। दुःख की बात यह है कि ऐसी मनोवृत्ति करने वाले लोगों का संबंध जब किसी राजनीतिक दल, वह भी सत्तारूढ़ राजनीतिक दल से दिखाई देता है, तो अत्यधिक दुःख होता है।
रामलीला मैदान में रामलीला के मंच से यदि किसी दलित का संबोधन हो, तो क्या वहां शुद्धि हवन किया जाना चाहिए? और यदि किया है तो ऐसे लोगों के ऊपर भारतीय दंड संहिता की कठोरतम धारा के अंदर मुकदमा चलना चाहिए? सत्तारूढ़ दल को उनके साथ अपने संबंधों पर सफाई देनी चाहिए?
भगवान राम, जिन्होंने केवट को सखा और शबरी को मां कहा और उसके जूठे बेर खाए, इसीलिए राम राजा रामचंद्र के रूप में युग बदल गए, मगर राम पूजे जाते हैं। मगर राम के नाम पर ये जो टटपूजिए दुकानदार खड़े हो गए हैं, इनसे देश और समाज को छुटकारा मिलना चाहिए।'",hi,8/13/26 7:31,8/14/26 11:14,Nainital,protest_agitation|politics_governance,उत्तराखंड,trafilatura,1091
aebbcce42dbb8945edf3e0ef50a07dc21bf40359,https://hindi.news18.com/photogallery/lifestyle/travel-chaffi-best-tourist-place-near-by-nainital-local18-10744764.html,https://hindi.news18.com/photogallery/lifestyle/travel-chaffi-best-tourist-place-near-by-nainital-local18-10744764.html,news18_hindi_uttarakhand,News18 Hindi,rss,"Chaffi village : ना भीड़, ना शोर... बस पहाड़, खेत और नदी, नैनीताल छोड़िए चाफी जाइए, दिखेगा जन्नत सा नजारा","Chaffi Village in Uttarakhand : अगर आप नैनीताल की भीड़भाड़ से दूर प्रकृति के बीच कुछ सुकून भरे पल बिताना चाहते हैं, तो चाफी गांव आपके लिए शानदार जगह हो सकती है. हो सकता है आपने इसका नाम भी नहीं सुना हो पर यह जगह वाकई बहुत सुंदर है. नैनीताल से करीब 21 किलोमीटर और भीमताल से लगभग 6 किलोमीटर दूर स्थित यह गांव अपनी प्राकृतिक खूबसूरती के लिए जाना जाता है.",,hi,8/13/26 7:11,8/14/26 11:13,Nainital,,uttarakhand,,0
b416ee50cb47861e1fb13224a105a1e8404bcc1c,https://hindi.news18.com/news/uttarakhand/haldwani-mallikarjun-kharge-rally-ramleela-maidan-shree-ram-sena-dharmarth-seva-nyas-gangajal-10744992.html,https://hindi.news18.com/news/uttarakhand/haldwani-mallikarjun-kharge-rally-ramleela-maidan-shree-ram-sena-dharmarth-seva-nyas-gangajal-10744992.html,news18_hindi_uttarakhand,News18 Hindi,rss,"क्या है श्री राम सेना धर्मार्थ सेवा न्यास, जिसकी करतूत पर राज्यसभा में मचा हंगामा, सभी बोले- कार्रवाई हो",Haldwani Ramleela Maidan News: हल्द्वानी के रामलीला मैदान में हुए शुद्धीकरण हवन को लेकर अब सियासत शुरू हो गई है. कांग्रेस पार्टी के राष्ट्रीय अध्यक्ष मल्लिकार्जुन खड़गे ने राज्यसभा में इस मुद्दे को उठाया और बीजेपी पर आरोप लगाया. हालांकि बीजेपी की तरफ से जेपी नड्डा ने इस घटना की निंदा करते हुए कहा कि बीजेपी कभी भी इस तरह के कृत्य का समर्थन नहीं करती है.,,hi,8/13/26 7:10,8/14/26 11:13,Nainital,politics_governance,,,0
de1c0d50ddd82a401fec046ea020afe361e4487e,https://www.amarujala.com/dehradun/uttarakhand-non-government-colleges-teacher-recruitment-ban-higher-education-director-issues-order-2026-08-13,https://amarujala.com/dehradun/uttarakhand-non-government-colleges-teacher-recruitment-ban-higher-education-director-issues-order-2026-08-13,amar_ujala_uttarakhand,Amar Ujala,rss,"Uttarakhand: अशासकीय महाविद्यालयों में शिक्षकों की भर्ती पर रोक, पारदर्शिता के लिए बन रही नई नियमावली",प्रदेश के अशासकीय महाविद्यालयों में शिक्षकों की भर्ती पर रोक लगा दी गई है। उच्च शिक्षा निदेशक प्रो. वीएन खाली ने इस संबंध में आदेश जारी किया है।,"Uttarakhand: अशासकीय महाविद्यालयों में शिक्षकों की भर्ती पर रोक, पारदर्शिता के लिए बन रही नई नियमावली
उत्तराखंड के अशासकीय महाविद्यालयों में शिक्षकों की भर्ती को लेकर अब विभाग ने सख्त रुख अपनाया है। भर्ती प्रक्रिया में पारदर्शिता पर लगातार उठते सवालों और नियुक्तियों को लेकर मिल रही शिकायतों के बीच फिलहाल शिक्षक भर्ती पर रोक लगा दी गई है। उच्च शिक्षा निदेशक ने इस संबंध में आदेश जारी कर सभी संबंधित पक्षों को स्पष्ट संदेश दिया है।
खबरें लगातार पढ़ने के लिए अमर उजाला एप डाउनलोड करें
या 
 वेबसाइट पर पढ़ना जारी रखने के लिए वीडियो विज्ञापन देखें
अगर आपके पास प्रीमियम मेंबरशिप है तो
विस्तार
प्रदेश के अशासकीय महाविद्यालयों में शिक्षकों की भर्ती पर रोक लगा दी गई है। उच्च शिक्षा निदेशक प्रो. वीएन खाली ने इस संबंध में आदेश जारी किया है। प्रदेश के अशासकीय महाविद्यालयों में शिक्षकों एवं कर्मचारियों की भर्ती में पारदर्शीता को लेकर सवाल खड़े होते रहे हैं।
कई बार शिकायतें मिलती रही हैं कि चहेतों को नियुक्ति दे दी गई है। उच्च शिक्षा निदेशक ने कहा, भर्ती में पारदर्शीता के लिए नई नियमावली बन रही है। इस नियमावली के बनने तक भर्ती को स्थगित किया गया है। नियमित भर्ती प्रक्रिया के स्थगन की अवधि में संबंधित महाविद्यालयों के प्राचार्य और प्रबंध समिति खुद के खर्चे पर अस्थायी व्यवस्था के माध्यम से पठन-पाठन की कार्रवाई सुनिश्चित करेगी।
अशासकीय महाविद्यालयों में शिक्षकों की कमी
प्रदेश के अशासकीय महाविद्यालयों में शिक्षकों की कमी बनी हैं। कुछ महाविद्यालयों में शिक्षक 40 फीसदी से भी कम रह गए हैं। जिससे इन महाविद्यालयों में पठन-पाठन पर इसका असर पड़ रहा है।
ये भी पढ़ें...Uttarakhand: बेटियों का पहला सैनिक स्कूल खोलने में सिस्टम का अड़ंगा, शिक्षा निदेशक नेसभी सीईओ को दिए निर्देश
आयोग के माध्यम से भर्ती का मामला लटका
अशासकीय विद्यालयों और महाविद्यालयों में शिक्षकों की भर्ती में कई तरह की शिकायतें मिलती रही हैं। यही वजह है कि सरकार ने भर्ती में पारदर्शीता के लिए शासन स्तर पर समिति का गठन किया हुआ है। समिति को भर्ती के पारदर्शी माध्यम की तलाश करनी थी। बताया गया था कि आयोग के माध्यम से भी इनमें भर्ती की जा सकती है, लेकिन प्रकरण पिछले काफी समय से लटका है।",hi,8/13/26 6:26,8/14/26 11:13,,recruitment_jobs|health_education,uttarakhand|उत्तराखंड,trafilatura,358
88e71794df4e04694a50883f5b6965cc56058c96,https://www.amarujala.com/dehradun/badrinath-offering-theft-case-mother-of-accused-pramod-nautiyal-seeks-information-from-bktc-on-11-points-2026-08-13,https://amarujala.com/dehradun/badrinath-offering-theft-case-mother-of-accused-pramod-nautiyal-seeks-information-from-bktc-on-11-points-2026-08-13,amar_ujala_uttarakhand,Amar Ujala,rss,"बदरीनाथ चढ़ावा चोरी प्रकरण: आरोपी नौटियाल की मां ने आरटीआई दाखिल कर मांगी 11 बिंदुओं पर सूचना, BKTC में हलचल",बदरीनाथ मंदिर में चढ़ावा चोरी मामले के आरोपी प्रमोद नौटियाल की मां हेमलता नौटियाल ने बदरीनाथ-केदारनाथ मंदिर समिति (बीकेटीसी) से 11 बिंदुओं पर सूचना मांगी है।,"बदरीनाथ चढ़ावा चोरी प्रकरण: आरोपी नौटियाल की मां ने आरटीआई दाखिल कर मांगी 11 बिंदुओं पर सूचना, BKTC में हलचल
बदरीनाथ मंदिर में चढ़ावा चोरी मामले में एक नए मोड से हलचल मच गई है। मामले में आरोपी प्रमोद नौटियाल की मां ने कई सवाल उठाए हैं।
खबरें लगातार पढ़ने के लिए अमर उजाला एप डाउनलोड करें
या 
 वेबसाइट पर पढ़ना जारी रखने के लिए वीडियो विज्ञापन देखें
अगर आपके पास प्रीमियम मेंबरशिप है तो
विस्तार
बदरीनाथ मंदिर में चढ़ावा चोरी मामले के आरोपी प्रमोद नौटियाल की मां हेमलता नौटियाल ने बदरीनाथ-केदारनाथ मंदिर समिति (बीकेटीसी) से 11 बिंदुओं पर सूचना मांगी है। उन्होंने सूचना का अधिकार अधिनियम के तहत यह आरटीआई दाखिल की है। इससे बीकेटीसी में हलचल बढ़ गई है।
आरटीआई में वैयक्तिक सहायक (पीए) की गणना और प्रोटोकॉल ड्यूटी पर सवाल उठाए गए हैं। पूछा गया है कि पीए की ड्यूटी किस अधिकारी के आदेश पर लगाई गई। यह कार्य उसके निर्धारित पदीय दायित्वों में शामिल नहीं है। संबंधित आदेश और ड्यूटी से जुड़े अभिलेखों की जानकारी भी मांगी गई है।
बीकेटीसी में संविदा पर कार्यरत विधि अधिकारी की नियुक्ति पर भी सवाल किए गए हैं। पूछा गया है कि उनकी नियुक्ति किस नियम के तहत हुई और शासन से अनुमति ली गई या नहीं। विधि अधिकारी की भूमिका से संबंधित दस्तावेज भी मांगे गए हैं।
ये भी पढे़ं...Uttarakhand: बेटियों का पहला सैनिक स्कूल खोलने में सिस्टम का अड़ंगा, शिक्षा निदेशक ने सभी सीईओ को दिए निर्देश
अधिकारियों की भूमिका पर सवाल
आरटीआई में गणना, प्रोटोकॉल और अन्य जिम्मेदारियों को लेकर अधिकारियों की भूमिका स्पष्ट करने वाले अभिलेख उपलब्ध कराने की मांग की गई है। सूत्रों के अनुसार, लेखा और प्रोटोकॉल कार्य वैयक्तिक सहायक के निर्धारित दायित्व में वैधानिक रूप से शामिल नहीं हैं। बीकेटीसी के सूचना अधिकारी राजन नैथानी ने आरटीआई मिलने की पुष्टि की है। उन्होंने कहा कि मांगी गई सूचनाएं नियमानुसार उपलब्ध कराई जाएंगी।",hi,8/13/26 6:16,8/14/26 11:13,Rudraprayag,protest_agitation|health_education,uttarakhand,trafilatura,309
662aacccc29feb3eaae9b6fef628959dbfc790e4,https://www.amarujala.com/dehradun/cyber-fraud-woman-swindled-out-of-5-01-lakh-in-scam-involving-a-foreign-parcel-here-is-how-the-fraudsters-e-2026-08-13,https://amarujala.com/dehradun/cyber-fraud-woman-swindled-out-of-5-01-lakh-in-scam-involving-a-foreign-parcel-here-is-how-the-fraudsters-e-2026-08-13,amar_ujala_uttarakhand,Amar Ujala,rss,Cyber Fraud: विदेशी पार्सल के नाम पर महिला से 5.01 लाख की साइबर ठगी; जालसाजों ने ऐसे बनाया शिकार,विदेशी कूरियर/पार्सल के नाम पर रानीपोखरी निवासी शीला से 5.01 लाख रुपये की साइबर ठगी का मामला सामने आया है।,"{""_id"":""6a7e08bc46326caad505a8bb"",""slug"":""cyber-fraud-woman-swindled-out-of-5-01-lakh-in-scam-involving-a-foreign-parcel-here-is-how-the-fraudsters-e-2026-08-13"",""type"":""story"",""status"":""publish"",""title_hn"":""Cyber Fraud: विदेशी पार्सल के नाम पर महिला से 5.01 लाख की साइबर ठगी; जालसाजों ने ऐसे बनाया शिकार"",""category"":{""title"":""City & states"",""title_hn"":""शहर और राज्य"",""slug"":""city-and-states""}}

Cyber Fraud: विदेशी पार्सल के नाम पर महिला से 5.01 लाख की साइबर ठगी; जालसाजों ने ऐसे बनाया शिकार

संवाद न्यूज एजेंसी, जौलीग्रांट(देहरादून) Published by: Alka Tyagi Updated Thu, 13 Aug 2026 11:43 PM IST

सार

कूरियर छुड़ाने, कस्टम क्लियरेंस और प्रमाणपत्र के नाम पर अलग-अलग बैंक खातों में 4.81 लाख और 20 हजार रुपये, यानी कुल 5.01 लाख रुपये जमा कराए गए।

विज्ञापन

खबरें लगातार पढ़ने के लिए अमर उजाला एप डाउनलोड करें

या

वेबसाइट पर पढ़ना जारी रखने के लिए वीडियो विज्ञापन देखें

अगर आपके पास प्रीमियम मेंबरशिप है तो

विस्तार

विदेशी कूरियर/पार्सल के नाम पर रानीपोखरी निवासी शीला से 5.01 लाख रुपये की साइबर ठगी का मामला सामने आया है। पीड़िता की तहरीर पर पुलिस ने प्राथमिकी दर्ज कर जांच शुरू कर दी है। शीला के अनुसार, अज्ञात व्यक्ति ने फोन और व्हाट्सऐप पर संपर्क कर उनके नाम विदेश से विदेशी मुद्रा वाला पार्सल आने की बात कही।

विज्ञापन

Mussoorie: सड़क किनारे खड़े वाहन के अंदर मिला 21 साल के युवक का शव, रास्ते से गुजरने के दौरान भाई ने देखा

विज्ञापन

कूरियर छुड़ाने, कस्टम क्लियरेंस और प्रमाणपत्र के नाम पर अलग-अलग बैंक खातों में 4.81 लाख और 20 हजार रुपये, यानी कुल 5.01 लाख रुपये जमा कराए गए। बाद में उन्हें ठगी का पता चला। थानाध्यक्ष राजेंद्र सिंह खोलिया ने बताया कि आरोपियों और बैंक खातों की जानकारी जुटाकर जांच की जा रही है।

विज्ञापन

विज्ञापन

विज्ञापन

विज्ञापन",hi,8/13/26 6:13,8/14/26 11:13,Dehradun,infrastructure,,newspaper4k,255
2050526ea944359a7c4592aa3c6e485962dde949,https://www.amarujala.com/dehradun/uttarakhand-news-297-crore-approved-for-roads-work-on-new-proposals-begins-2026-08-13,https://amarujala.com/dehradun/uttarakhand-news-297-crore-approved-for-roads-work-on-new-proposals-begins-2026-08-13,amar_ujala_uttarakhand,Amar Ujala,rss,"Uttarakhand: सड़कों के लिए 297 करोड़ मंजूर, नए प्रस्तावों पर काम शुरू; सीएम ने कहा- मजबूत होगी रोड कनेक्टिविटी",उत्तराखंड में 235 किलोमीटर लंबी नौ सड़कों के चौड़ीकरण के लिए केंद्र सरकार ने 297.37 करोड़ रुपये स्वीकृत कर दिए हैं।,"{""_id"":""6a7e03f03706b7227308364b"",""slug"":""uttarakhand-news-297-crore-approved-for-roads-work-on-new-proposals-begins-2026-08-13"",""type"":""story"",""status"":""publish"",""title_hn"":""Uttarakhand: सड़कों के लिए 297 करोड़ मंजूर, नए प्रस्तावों पर काम शुरू; सीएम ने कहा- मजबूत होगी रोड कनेक्टिविटी"",""category"":{""title"":""City & states"",""title_hn"":""शहर और राज्य"",""slug"":""city-and-states""}}

Uttarakhand: सड़कों के लिए 297 करोड़ मंजूर, नए प्रस्तावों पर काम शुरू; सीएम ने कहा- मजबूत होगी रोड कनेक्टिविटी

अमर उजाला ब्यूरो, देहरादून Published by: Alka Tyagi Updated Thu, 13 Aug 2026 11:24 PM IST

सार

मुख्यमंत्री धामी ने 24 जुलाई, 2026 को केंद्रीय मंत्री गडकरी से इन परियोजनाओं के अनुमोदन का अनुरोध किया था। इनमें सिकुड़ा बैंड से एनटीडी (अल्मोड़ा) तक सुरंग सहित लगभग एक किलोमीटर मोटर मार्ग शामिल है।

विज्ञापन

खबरें लगातार पढ़ने के लिए अमर उजाला एप डाउनलोड करें

या

वेबसाइट पर पढ़ना जारी रखने के लिए वीडियो विज्ञापन देखें

अगर आपके पास प्रीमियम मेंबरशिप है तो

विस्तार

उत्तराखंड में 235 किलोमीटर लंबी नौ सड़कों के चौड़ीकरण के लिए केंद्र सरकार ने 297.37 करोड़ रुपये स्वीकृत कर दिए हैं। मुख्यमंत्री पुष्कर सिंह धामी ने कहा, इससे प्रदेश में सड़क संपर्क और अधिक सुदृढ़ होगा।

विज्ञापन

मुख्यमंत्री पुष्कर सिंह धामी के मुताबिक उनके अनुरोध पर केंद्र सरकार उत्तराखंड की कुछ अन्य महत्वपूर्ण सड़क परियोजनाओं पर विचार कर रही है। इन परियोजनाओं को राष्ट्रीय राजमार्गों के स्पर (सहायक शाखा मार्ग) के रूप में अनुमोदित किया जाएगा। केंद्रीय सड़क परिवहन एवं राजमार्ग मंत्री नितिन गडकरी ने उन्हें बताया कि राज्य सरकार के प्रस्तावों को परीक्षण के लिए अधिकारियों के पास भेज दिया गया है।

विज्ञापन

मुख्यमंत्री धामी ने 24 जुलाई, 2026 को केंद्रीय मंत्री गडकरी से इन परियोजनाओं के अनुमोदन का अनुरोध किया था। इनमें सिकुड़ा बैंड से एनटीडी (अल्मोड़ा) तक सुरंग सहित लगभग एक किलोमीटर मोटर मार्ग शामिल है। इसे राष्ट्रीय राजमार्ग-309बी के स्पर के रूप में अनुमोदित करने का आग्रह किया गया है। सेराघाट–बाड़ेछीना मोटर मार्ग (45 किलोमीटर) को भी राष्ट्रीय राजमार्ग नेटवर्क से जोड़ने का प्रस्ताव है। इसी तरह, मरचूला–भिकियासैंण मोटर मार्ग (72 किलोमीटर) को भी नेटवर्क से जोड़ने का अनुरोध किया गया। कालसी–चकराता मोटर मार्ग (44 किलोमीटर) को राष्ट्रीय राजमार्ग-707ए एवं 507 के स्पर के रूप में विकसित करने की मांग की गई थी।

विज्ञापन

विज्ञापन

Uttarakhand: अगले चार दिन दून समेत कई जिलों में बहुत भारी बारिश का अलर्ट; देहरादून में कल स्कूल रहेंगे बंद

गडकरी ने अपने पत्र में स्पष्ट किया कि सभी प्रस्तावों को विचार और परीक्षण के लिए अधिकारियों को भेजा गया है। मुख्यमंत्री ने कहा, इन परियोजनाओं से क्षेत्रीय विकास, पर्यटन, व्यापार और स्थानीय अर्थव्यवस्था को गति मिलेगी। उन्होंने केंद्र सरकार के सकारात्मक सहयोग से शीघ्र निर्णय होने की उम्मीद जताई। मुख्यमंत्री ने कहा, राज्य सरकार का मुख्य उद्देश्य पर्वतीय और सीमांत क्षेत्रों को बेहतर सड़क संपर्क प्रदान करना है। इन परियोजनाओं से राष्ट्रीय राजमार्ग नेटवर्क का विस्तार होगा। इससे क्षेत्रीय विकास को बढ़ावा मिलेगा और पर्यटन एवं व्यापार में वृद्धि होगी।

विज्ञापन

विज्ञापन",hi,8/13/26 5:54,8/14/26 11:13,Dehradun|Almora,protest_agitation|infrastructure|tourism_religion|politics_governance,uttarakhand|उत्तराखंड|धामी|पुष्कर सिंह धामी|मुख्यमंत्री|राज्य सरकार,newspaper4k,446
de5b8e83a30231adb82e66c3af22ba4fc9eaa080,https://hindi.news18.com/photogallery/lifestyle/tips-and-tricks-uttarakhand-munsyari-rajma-8-ways-to-identify-real-and-fake-munsyari-rajma-ki-pehchan-karne-ke-tips-local18-10744613.html,https://hindi.news18.com/photogallery/lifestyle/tips-and-tricks-uttarakhand-munsyari-rajma-8-ways-to-identify-real-and-fake-munsyari-rajma-ki-pehchan-karne-ke-tips-local18-10744613.html,news18_hindi_uttarakhand,News18 Hindi,rss,मुनस्यारी के नाम पर कहीं नकली राजमा तो नहीं खरीद रहे? इस ट्रिक से पहचानें,"Munsyari Rajma Real or Fake Tips : उत्तराखंड के मुनस्यारी की राजमा को अपने स्वाद, खुशबू और पकने की खासियत के लिए काफी पसंद किया जाता है. बाजार में कई तरह के राजमा उपलब्ध होने के कारण ग्राहक के लिए असली मुनस्यारी राजमा पहचानना आसान नहीं होता है. आज हम आपको बताने वाले हैं कि आखिर असली या नकली राजमा का कैसे पता लगा सकते हैं. इसके लिए बस ये ट्रिक अपना लें.",,hi,8/13/26 5:44,8/14/26 11:13,Pithoragarh,,उत्तराखंड,,0
0f8ffe3c40f168e78b5b01e9175e1de4acef19c4,https://hindi.news18.com/news/uttarakhand/haldwani-shameful-act-by-hindu-right-organizations-purification-yajna-performed-at-venue-after-mallikarjun-kharge-vijay-shankhnad-rally-10744777.html,https://hindi.news18.com/news/uttarakhand/haldwani-shameful-act-by-hindu-right-organizations-purification-yajna-performed-at-venue-after-mallikarjun-kharge-vijay-shankhnad-rally-10744777.html,news18_hindi_uttarakhand,News18 Hindi,rss,"हल्द्वानी में हिंदूवादी संगठनों की शर्मनाक हरकत, मल्लिकार्जुन खरगे ने रैली की तो मैदान में किया शुद्धिकरण यज्ञ","Haldwani News : कांग्रेस अध्यक्ष मल्लिकार्जुन खड़गे की रैली शंखनाद रैली के बाद हल्द्वानी के रामलीला मैदान में हिंदूवादी संगठनों ने शुद्धि हवन करवाया. हिंदूवादी संगठन ने मल्लिकार्जुन खरे  को हिन्दू विरोधी बताते हुए शुद्धिकरण यज्ञ किया था. आइये जानते हैं, इस बारे में डिटेल में...",,hi,8/13/26 5:43,8/14/26 11:13,Nainital,politics_governance,,,0
1c64b4be16ae58dfcfe2b297e83e0edff838f79b,https://www.bhaskar.com/local/uttarakhand/dehradun/news/uttarakhand-free-bus-travel-women-students-cm-dhami-proposal-138713673.html,https://bhaskar.com/local/uttarakhand/dehradun/news/uttarakhand-free-bus-travel-women-students-cm-dhami-proposal-138713673.html,gnews_dhami_govt,Dainik Bhaskar,gnews,CM धामी महिलाओं को गिफ्ट की तैयारी: फ्री बस सफर पर CMO ने शुरू किया मंथन; 50 हजार महिलाओं-छात्राओं को फायदा...,CM धामी महिलाओं को गिफ्ट की तैयारी: फ्री बस सफर पर CMO ने शुरू किया मंथन; 50 हजार महिलाओं-छात्राओं को फायदा...  Dainik Bhaskar,"CM धामी महिलाओं को गिफ्ट की तैयारी:फ्री बस सफर पर CMO ने शुरू किया मंथन; 50 हजार महिलाओं-छात्राओं को फायदा, रोडवेज को कमाई की उम्मीद
- कॉपी लिंक
स्वतंत्रता दिवस पर उत्तराखंड की महिलाओं को धामी सरकार बड़ा तोहफा दे सकती है। उत्तराखंड रोडवेज की साधारण बसों में सभी आयु वर्ग की महिलाओं को मुफ्त यात्रा की सुविधा देने की तैयारी चल रही है। रोडवेज प्रबंधन ने इस संबंध में शासन को प्रस्ताव भेज दिया है।
उत्तराखंड रोडवेज की करीब 900 बसें रोजाना प्रदेश और दूसरे राज्यों के रूटों पर संचालित होती हैं। इनमें प्रतिदिन औसतन 1.25 लाख यात्री सफर करते हैं। रोडवेज के आंकड़ों के मुताबिक इनमें करीब 50 हजार यात्री महिलाएं और छात्राएं हैं। यदि सरकार प्रस्ताव को मंजूरी देती है तो इन यात्रियों को साधारण बसों में टिकट नहीं लेना पड़ेगा। हालांकि, अंतिम निर्णय सरकार को करना है। प्रस्ताव में मुफ्त यात्रा की शर्तें, पात्रता और इसे लागू करने की प्रक्रिया को लेकर शासन स्तर पर निर्णय होना बाकी है।
कर्मचारी परिषद ने CM के सामने उठाया था मुद्दा महिलाओं को मुफ्त यात्रा सुविधा देने की मांग रोडवेज कर्मचारी संयुक्त परिषद लंबे समय से कर रही है। परिषद का कहना है कि सभी आयु वर्ग की महिलाओं को यह सुविधा मिलनी चाहिए। परिषद के प्रतिनिधियों ने हाल में मुख्यमंत्री पुष्कर सिंह धामी से मुलाकात कर यह मांग रखी थी। इसके बाद स्वतंत्रता दिवस पर संभावित घोषणाओं के लिए शासन की ओर से सुझाव मांगे गए। इसी क्रम में रोडवेज प्रबंधन ने बुधवार को सरकार को औपचारिक प्रस्ताव भेज दिया। रोडवेज का तर्क-फ्री यात्रा से भी बढ़ सकती है आय सामान्य तौर पर किसी यात्री वर्ग को मुफ्त यात्रा देने से रोडवेज की टिकट आय कम होने की आशंका रहती है। लेकिन इस प्रस्ताव के पीछे रोडवेज का तर्क अलग है। रोडवेज प्रबंधन के मुताबिक ज्यादातर महिलाएं अकेले सफर नहीं करतीं। उनके साथ परिवार के दूसरे सदस्य भी यात्रा करते हैं। यदि महिलाओं को मुफ्त यात्रा मिलती है तो परिवार के अन्य सदस्य भी रोडवेज बसों का इस्तेमाल कर सकते हैं। इससे बसों में यात्रियों की संख्या बढ़ने और अप्रत्यक्ष रूप से रोडवेज की आय में सुधार की उम्मीद है।
रोडवेज पहले से आर्थिक संकट में महिलाओं को मुफ्त यात्रा का प्रस्ताव ऐसे वक्त आया है, जब उत्तराखंड रोडवेज की वित्तीय स्थिति चुनौतीपूर्ण बनी हुई है। रोडवेज पर 100 करोड़ रुपए से अधिक की देनदारियां हैं। रोजाना की औसत आय करीब 1.50 करोड़ रुपए है। रोजाना का खर्च 2.20 करोड़ रुपए से अधिक है। खर्च और आय के बीच रोजाना करीब 70 लाख रुपए या उससे ज्यादा का अंतर बन रहा है।कर्मचारियों को भी कई बार समय पर वेतन नहीं मिल पा रहा है। ऐसे में सरकार के सामने मुफ्त यात्रा योजना लागू करने के साथ रोडवेज के वित्तीय मॉडल को संतुलित रखने की चुनौती भी होगी।
UP में भी महिलाओं को फ्री बस यात्रा की तैयारी उत्तराखंड के प्रस्ताव के पीछे उत्तर प्रदेश में होने वाला बदलाव भी एक बड़ा कारण माना जा रहा है। यूपी सरकार स्वतंत्रता दिवस से 60 वर्ष से अधिक उम्र की महिलाओं को रोडवेज बसों में मुफ्त यात्रा की सुविधा देने की तैयारी कर रही है। ऐसे में उत्तराखंड रोडवेज के सामने आय और यात्रियों को आकर्षित करने के मामले में यूपी रोडवेज से प्रतिस्पर्धा की चुनौती बढ़ सकती है। उत्तराखंड सरकार यदि सभी उम्र की महिलाओं को मुफ्त यात्रा की सुविधा देती है तो यह यूपी की प्रस्तावित व्यवस्था से कहीं व्यापक योजना होगी।
देश के इन राज्यों में पहले से मुफ्त यात्रा
महिलाओं के लिए मुफ्त सार्वजनिक परिवहन की व्यवस्था देश के कई राज्यों में लागू है। कर्नाटक, शक्ति योजना के तहत महिलाओं को मुफ्त बस यात्रा की सुविधा। तेलंगाना, स्त्री शक्ति योजना के तहत महिलाओं के लिए मुफ्त यात्रा। केरल, प्रियदर्शिनी योजना के जरिए महिला यात्रियों को सुविधा। आंध्र प्रदेश, स्त्री शक्ति योजना के तहत मुफ्त बस सफर। इसके अलावा पंजाब, पश्चिम बंगाल, जम्मू-कश्मीर और दिल्ली में भी महिलाओं के लिए मुफ्त यात्रा की अलग-अलग व्यवस्थाएं लागू हैं।
फैसला हुआ तो सबसे बड़ा असर साधारण बसों पर प्रस्ताव में उत्तराखंड रोडवेज की साधारण बसों में मुफ्त यात्रा की बात है। यानी योजना लागू होने पर महिलाओं को किन बसों में और किन परिस्थितियों में यह सुविधा मिलेगी, यह सरकार की मंजूरी और अंतिम दिशा-निर्देशों से स्पष्ट होगा। सरकार के सामने मुख्य तौर पर दो पहलू होंगे पहला, एक तरफ महिला यात्रियों को राहत और महिला सशक्तीकरण, दूसरी तरफ पहले से घाटे में चल रहे रोडवेज की वित्तीय स्थिति।",hi,8/13/26 5:28,8/14/26 11:17,,protest_agitation|politics_governance,उत्तराखंड|उत्तराखंड सरकार|धामी|पुष्कर सिंह धामी|मुख्यमंत्री,trafilatura,729
30133846bc04e60caa06a36083ed5d8797a5123f,https://hindi.news18.com/astro/daily-horoscope-aaj-ka-kark-rashifal-13-august-2026-cancer-today-love-career-business-local18-10743572.html,https://hindi.news18.com/astro/daily-horoscope-aaj-ka-kark-rashifal-13-august-2026-cancer-today-love-career-business-local18-10743572.html,news18_hindi_uttarakhand,News18 Hindi,rss,"Aaj Ka Kark Rashifal : कर्क राशि वालों आज रहना सावधान, दोस्तों से बिगड़ सकते हैं रिश्तें, न करें ये काम",Aaj Ka Kark Rashifal 13 August 2026 : कर्क राशि के जातकों को आज किसी पुराने ग्राहक से तगड़ा लाभ मिल सकता है. चंद्रदेव आज सिंह राशि में विराजमान रहेंगे. जल्दबाजी में बड़ा निवेश करने से बचें. अश्लेषा नक्षत्र और वलियान योग का प्रभाव पूरे दिन रहेगा. अटके हुए काम आगे बढ़ सकते हैं. जल्दबाजी में बड़ा निवेश करने से बचें. आज पार्टनर के साथ किसी छोटी बात को लेकर गलतफहमी पैदा हो सकती है.,,hi,8/13/26 5:17,8/14/26 11:13,,,,,0
ff7ff57ca8414c7c7547e3bfe0a7a4920abee359,https://hindi.news18.com/astro/daily-horoscope-mithun-rashifal-13-august-gemini-daily-horoscope-astrology-predictionlove-life-career-health-business-remedies-local18-10743775.html,https://hindi.news18.com/astro/daily-horoscope-mithun-rashifal-13-august-gemini-daily-horoscope-astrology-predictionlove-life-career-health-business-remedies-local18-10743775.html,news18_hindi_uttarakhand,News18 Hindi,rss,"Mithun Rashifal: वीरयान योग से चमकेगी मिथुन राशि वालों की किस्मत, धन लाभ के साथ बिजनेस में होगा मुनाफा","Mithun Rashifal Today 13 August: आज 13 अगस्त यानी गुरुवार का दिन मिथुन राशि के जातकों के लिए मिले-जुले परिणाम लेकर आने वाला है. ज्योतिष शास्त्र के अनुसार, आज चंद्रमा का गोचर सिंह राशि में हो रहा है, वहीं 'वीरयान योग' और मघा नक्षत्र का विशेष संयोग भी बन रहा है. देहरादून के प्रसिद्ध ज्योतिषाचार्य संजय के अनुसार, आज का दिन बौद्धिक क्षमता बढ़ाने, नई तकनीकें सीखने और धन संचय के लिहाज से बेहद खास रहने वाला है. आइए जानते हैं कि आज मिथुन राशि के जातकों के लिए ग्रह-नक्षत्र क्या संकेत दे रहे हैं और किन उपायों से वे अपने दिन को और भी बेहतर बना सकते हैं.",,hi,8/13/26 5:16,8/14/26 11:13,Dehradun,,,,0
741e4ca019550ff02912da14dccf2996a31d1c6f,https://www.amarujala.com/dehradun/chamoli-tunnel-landslide-cm-dhami-visits-disaster-operations-center-late-at-night-to-take-stock-of-the-situati-2026-08-13,https://amarujala.com/dehradun/chamoli-tunnel-landslide-cm-dhami-visits-disaster-operations-center-late-at-night-to-take-stock-of-the-situati-2026-08-13,amar_ujala_uttarakhand,Amar Ujala,rss,"Tunnel Landslide: सीएम धामी ने संभाला मोर्चा; देर रात आपदा परिचालन केंद्र पहुंचे, स्थिति का लिया जायजा",चमोली जिले के पीपलकोटी में टीएचडीसी की निर्माणाधीन टनल में मलबा व पानी भरने की घटना के बाद बचाव व राहत कार्यों के लिए मुख्यमंत्री पुष्कर सिंह धामी ने मोर्चा संभाल लिया।,"{""_id"":""6a7df830d9f2ec2b9d0b08e6"",""slug"":""chamoli-tunnel-landslide-cm-dhami-visits-disaster-operations-center-late-at-night-to-take-stock-of-the-situati-2026-08-13"",""type"":""story"",""status"":""publish"",""title_hn"":""Tunnel Landslide: सीएम धामी ने संभाला मोर्चा; देर रात आपदा परिचालन केंद्र पहुंचे, स्थिति का लिया जायजा"",""category"":{""title"":""City & states"",""title_hn"":""शहर और राज्य"",""slug"":""city-and-states""}}

Tunnel Landslide: सीएम धामी ने संभाला मोर्चा; देर रात आपदा परिचालन केंद्र पहुंचे, स्थिति का लिया जायजा

अमर उजाला ब्यूरो, देहरादून Published by: Alka Tyagi Updated Thu, 13 Aug 2026 10:32 PM IST

सार

मुख्यमंत्री ने रेस्क्यू किए गए मजदूरों से वीडियो कॉन्फ्रेंसिंग के माध्यम से संवाद कर उनका हालचाल जाना। उन्होंने उन्हें आश्वस्त किया कि राज्य सरकार उनके साथ पूरी मजबूती से खड़ी है और उनके उपचार और पुनर्वास की समुचित व्यवस्था की जाएगी।

विज्ञापन

खबरें लगातार पढ़ने के लिए अमर उजाला एप डाउनलोड करें

या

वेबसाइट पर पढ़ना जारी रखने के लिए वीडियो विज्ञापन देखें

अगर आपके पास प्रीमियम मेंबरशिप है तो

विस्तार

चमोली जिले के पीपलकोटी में टीएचडीसी की निर्माणाधीन टनल में मलबा व पानी भरने की घटना के बाद बचाव व राहत कार्यों के लिए मुख्यमंत्री पुष्कर सिंह धामी ने मोर्चा संभाल लिया। सीएम ने देर रात आपदा परिचालन केंद्र पहुंच कर युद्ध स्तर पर बचाव अभियान में तेजी लाने के निर्देश दिए।

विज्ञापन

मुख्यमंत्री ने रेस्क्यू किए गए मजदूरों से वीडियो कॉन्फ्रेंसिंग के माध्यम से संवाद कर उनका हालचाल जाना। उन्होंने उन्हें आश्वस्त किया कि राज्य सरकार उनके साथ पूरी मजबूती से खड़ी है और उनके उपचार और पुनर्वास की समुचित व्यवस्था की जाएगी।

विज्ञापन

विज्ञापन

विज्ञापन

मुख्यमंत्री ने आपदा परिचालन केंद्र से चमोली जिला प्रशासन, एसडीआरएफ, एनडीआरएफ, आईटीबीपी, सेना एवं अन्य संबंधित एजेंसियों के वरिष्ठ अधिकारियों से लगातार संपर्क बनाए रखा और पल-पल की स्थिति की जानकारी लेते हुए आवश्यक दिशा-निर्देश जारी किए।

Chamoli Tunnel Landslide: अचानक आया मलबा और पानी का सैलाब, सुरंग में काम कर रहे मजदूर फंसे, तस्वीरों में देखें

मुख्यमंत्री ने निर्देश दिए कि टनल में फंसे प्रत्येक व्यक्ति को सुरक्षित बाहर निकालना सर्वोच्च प्राथमिकता है और बचाव कार्यों में किसी भी प्रकार की ढील स्वीकार नहीं की जाएगी। मुख्यमंत्री ने कहा कि राज्य सरकार पूरी स्थिति पर लगातार नजर बनाए हुए है और जब तक सभी लोग सुरक्षित बाहर नहीं आ जाते, तब तक राहत एवं बचाव अभियान पूरी ताकत और समन्वय के साथ जारी रहेगा। इस मौके पर मुख्य सचिव आनंद बर्द्धन, सचिव आपदा प्रबंधन विनोद कुमार सुमन भी मौजूद रहे।

विज्ञापन

विज्ञापन",hi,8/13/26 5:02,8/14/26 11:13,Dehradun|Chamoli,investigation_justice|infrastructure|environment_disaster|politics_governance,dhami|धामी|पुष्कर सिंह धामी|मुख्यमंत्री|राज्य सरकार,newspaper4k,366
b9c0f5d7a3e83538d4a9d553798c0f7b759b7bea,https://www.amarujala.com/dehradun/gangster-injured-in-police-encounter-in-premnagar-shot-in-both-legs-dehradun-police-uttarakhand-news-in-hindi-2026-08-13,https://amarujala.com/dehradun/gangster-injured-in-police-encounter-in-premnagar-shot-in-both-legs-dehradun-police-uttarakhand-news-in-hindi-2026-08-13,amar_ujala_uttarakhand,Amar Ujala,rss,"Dehradun: चेकिंग के दौरान प्रेमनगर में पुलिस मुठभेड़, गैंगस्टर घायल, दोनों पैरों में लगी गोली, साथी फरार",स्वतंत्रता दिवस के मद्देनजर चल रही चेकिंग के दौरान प्रेमनगर पुलिस की देर रात बदमाशों से मुठभेड़ हो गई।,"{""_id"":""6a7d4d98253601894808108a"",""slug"":""gangster-injured-in-police-encounter-in-premnagar-shot-in-both-legs-dehradun-police-uttarakhand-news-in-hindi-2026-08-13"",""type"":""story"",""status"":""publish"",""title_hn"":""Dehradun: चेकिंग के दौरान प्रेमनगर में पुलिस मुठभेड़, गैंगस्टर घायल, दोनों पैरों में लगी गोली, साथी फरार"",""category"":{""title"":""City & states"",""title_hn"":""शहर और राज्य"",""slug"":""city-and-states""}}

Dehradun: चेकिंग के दौरान प्रेमनगर में पुलिस मुठभेड़, गैंगस्टर घायल, दोनों पैरों में लगी गोली, साथी फरार

माई सिटी रिपोर्टर, देहरादून Published by: Renu Saklani Updated Thu, 13 Aug 2026 10:31 AM IST

सार

चेकिंग के दौरान प्रेमनगर में पुलिस मुठभेड़ हो गई। इस दौरान एक गैंगस्टर दोनों पैरों में गोली लगने से वह घायल हो गया। जबकि उसका दूसरा साथी फरार हो गया।

विज्ञापन

खबरें लगातार पढ़ने के लिए अमर उजाला एप डाउनलोड करें

या

वेबसाइट पर पढ़ना जारी रखने के लिए वीडियो विज्ञापन देखें

अगर आपके पास प्रीमियम मेंबरशिप है तो

विस्तार

स्वतंत्रता दिवस के मद्देनजर चल रही चेकिंग के दौरान प्रेमनगर पुलिस की देर रात बदमाशों से मुठभेड़ हो गई। पुलिस की जवाबी फायरिंग में सहारनपुर का गैंगस्टर रईस घायल हो गया। उसके दोनों पैरों में गोली लगी। उसका साथी नवाब अंधेरे का फायदा उठाकर फरार हो गया।

विज्ञापन

पुलिस के अनुसार, 12-13 अगस्त की देर रात दरू चौक के पास बिना नंबर की बाइक सवार दो युवकों को रोकने का प्रयास किया गया। दोनों बाइक लेकर चाय बागान की ओर भागे। पीछा करने पर उन्होंने पितांबरपुर-बनियावाला मार्ग पर बाइक छोड़कर पुलिस टीम पर फायरिंग कर दी। फायरिंग में सरकारी वाहन क्षतिग्रस्त हो गया। जवाबी कार्रवाई में रईस घायल हो गया, जिसे अस्पताल में भर्ती कराया गया।

विज्ञापन

ये भी पढे़ं...Uttarakhand: बेटियों का पहला सैनिक स्कूल खोलने में सिस्टम का अड़ंगा, शिक्षा निदेशक ने सभी सीईओ को दिए निर्देश

विज्ञापन

विज्ञापन

पुलिस ने मौके से 315 बोर का तमंचा, दो खोखे, बिना नंबर की बाइक, चापड़, कुल्हाड़ी, दो छुरी और नायलॉन की रस्सी बरामद की। पुलिस के मुताबिक रईस प्रेमनगर क्षेत्र में दो साल पहले हुई गोकशी के मामले में वांछित था। उसके खिलाफ उत्तराखंड और उत्तर प्रदेश में गोकशी, चोरी, आर्म्स एक्ट और गैंगस्टर एक्ट समेत करीब डेढ़ दर्जन मुकदमे दर्ज हैं। पूछताछ में उसने गोकशी के लिए टी-स्टेट क्षेत्र में घूमने वाले आवारा गोवंश की रेकी करने की बात बताई।

\

विज्ञापन

विज्ञापन",hi,8/13/26 5:01,8/14/26 11:13,Dehradun,health_education,uttarakhand|उत्तराखंड,newspaper4k,339
f5fad10552f13bc01cfdf246f6e5a5edcc837741,https://www.amarujala.com/video/dehradun/video-video-ankita-bhandari-parents-met-rahul-gandhi-in-delhi-2026-08-13,https://amarujala.com/video/dehradun/video-video-ankita-bhandari-parents-met-rahul-gandhi-in-delhi-2026-08-13,amar_ujala_dehradun,Amar Ujala,rss,VIDEO: राहुल गांधी से दिल्ली में मिले अंकिता के माता-पिता,VIDEO: राहुल गांधी से दिल्ली में मिले अंकिता के माता-पिता,"{""_id"":""6a7df64ced179fa4190e93ab"",""slug"":""video-video-ankita-bhandari-parents-met-rahul-gandhi-in-delhi-2026-08-13"",""type"":""video"",""status"":""publish"",""title_hn"":""VIDEO: राहुल गांधी से दिल्ली में मिले अंकिता के माता-पिता"",""category"":{""title"":""City & states"",""title_hn"":""शहर और राज्य"",""slug"":""city-and-states""}}
VIDEO: राहुल गांधी से दिल्ली में मिले अंकिता के माता-पिता
एड फ्री अनुभव के लिए अमर उजाला प्रीमियम सब्सक्राइब करें
अमर उजाला प्रीमियम वीडियो सिर्फ सब्सक्राइबर्स के लिए उपलब्ध है
प्रीमियम वीडियो
सभी विशेष आलेख
फ्री इ-पेपर
सब्सक्राइब करें
Next Article
Disclaimer
हम डाटा संग्रह टूल्स, जैसे की कुकीज के माध्यम से आपकी जानकारी एकत्र करते हैं ताकि आपको बेहतर और व्यक्तिगत अनुभव प्रदान कर सकें और लक्षित विज्ञापन पेश कर सकें। अगर आप साइन-अप करते हैं, तो हम आपका ईमेल पता, फोन नंबर और अन्य विवरण पूरी तरह सुरक्षित तरीके से स्टोर करते हैं। आप कुकीज नीति पृष्ठ से अपनी कुकीज हटा सकते है और रजिस्टर्ड यूजर अपने प्रोफाइल पेज से अपना व्यक्तिगत डाटा हटा या एक्सपोर्ट कर सकते हैं। हमारी Cookies Policy, Privacy Policy और Terms & Conditions के बारे में पढ़ें और अपनी सहमति देने के लिए Agree पर क्लिक करें।",hi,8/13/26 4:52,8/14/26 11:13,,politics_governance,,trafilatura,158
53bc6979cbaa5ea499f16f06893bd8524ce4d528,https://www.amarujala.com/dehradun/ankita-bhandari-parents-met-rahul-gandhi-in-delhi-he-assured-them-of-fighting-for-justice-2026-08-13,https://amarujala.com/dehradun/ankita-bhandari-parents-met-rahul-gandhi-in-delhi-he-assured-them-of-fighting-for-justice-2026-08-13,amar_ujala_uttarakhand,Amar Ujala,rss,"राहुल गांधी से मिले अंकिता के माता-पिता: दिल्ली में हुई मुलाकात, न्याय के लिए लड़ाई लड़ने का दिया आश्वासन","लोकसभा में नेता प्रतिपक्ष राहुल गांधी से बृहस्पतिवार को नई दिल्ली में अंकिता भंडारी के पिता वीरेंद्र सिंह, माता सोनी देवी ने मुलाकात की। उन्होंने बेटी की हत्या मामले में न्याय दिलाने की मांग की।","{""_id"":""6a7df1c6d9f2ec2b9d0b08dd"",""slug"":""ankita-bhandari-parents-met-rahul-gandhi-in-delhi-he-assured-them-of-fighting-for-justice-2026-08-13"",""type"":""feature-story"",""status"":""publish"",""title_hn"":""राहुल गांधी से मिले अंकिता के माता-पिता: दिल्ली में हुई मुलाकात, न्याय के लिए लड़ाई लड़ने का दिया आश्वासन"",""category"":{""title"":""City & states"",""title_hn"":""शहर और राज्य"",""slug"":""city-and-states""}}

राहुल गांधी से मिले अंकिता के माता-पिता: दिल्ली में हुई मुलाकात, न्याय के लिए लड़ाई लड़ने का दिया आश्वासन

अमर उजाला ब्यूरो, देहरादून Published by: Alka Tyagi Updated Thu, 13 Aug 2026 10:18 PM IST

सार

चार जून 2026 को पौड़ी में पूर्व सैनिक सम्मेलन में मौसम खराब होने से राहुल गांधी नहीं पहुंच पाए थे। उन्होंने वर्चुअल माध्यम से कार्यक्रम को संबोधित किया। उनका अंकिता भंडारी के माता-पिता से फोन बात कर जल्द ही मिलने का वादा किया था।

विज्ञापन

खबरें लगातार पढ़ने के लिए अमर उजाला एप डाउनलोड करें

या

वेबसाइट पर पढ़ना जारी रखने के लिए वीडियो विज्ञापन देखें

अगर आपके पास प्रीमियम मेंबरशिप है तो

विस्तार

लोकसभा में नेता प्रतिपक्ष राहुल गांधी से बृहस्पतिवार को नई दिल्ली में अंकिता भंडारी के पिता वीरेंद्र सिंह, माता सोनी देवी ने मुलाकात की। उन्होंने बेटी की हत्या मामले में न्याय दिलाने की मांग की। इसके अलावा उपनल, पुरानी पेंशन, नर्सिंग, बेरोजगार संघ के प्रतिनिधिमंडल ने राहुल गांधी से मुलाकात कर अपनी मांगों से अवगत कराया।

विज्ञापन

चार जून 2026 को पौड़ी में पूर्व सैनिक सम्मेलन में मौसम खराब होने से राहुल गांधी नहीं पहुंच पाए थे। उन्होंने वर्चुअल माध्यम से कार्यक्रम को संबोधित किया। उनका अंकिता भंडारी के माता-पिता से फोन बात कर जल्द ही मिलने का वादा किया था। राहुल गांधी के निर्देश पर कांग्रेस प्रदेश अध्यक्ष गणेश गोदियाल ने बृहस्पतिवार को अंकिता के माता-पिता को मिलाया।

विज्ञापन

Uttarakhand: अगले चार दिन दून समेत कई जिलों में बहुत भारी बारिश का अलर्ट; सावधानी बरतने की हिदायत

विज्ञापन

विज्ञापन

माता-पिता ने बेटी अंकिता को न्याय दिलाने की बात कही। राहुल ने उन्हें आश्वासन दिया कि जिस सीमा तक वे चाहेंगे न्याय के लिए लड़ाई खुल कर लड़ने को तैयार है। संविधान में निहित है कि गरीब व पीड़ित को न्याय मिले। भाजपा ने सत्ता में रहकर इस भावना को खत्म किया है। हम उस भावना को दोबारा स्थापित करेंगे।

विज्ञापन

विज्ञापन",hi,8/13/26 4:48,8/14/26 11:13,Dehradun|Pauri Garhwal,protest_agitation|politics_governance,uttarakhand,newspaper4k,335
18be92bccc2223b54409a0bde36422f3e01e6124,https://www.amarujala.com/dehradun/dehraduncm-gift-to-doon-university-two-buildings-inaugurated-and-a-community-radio-station-launched-2026-08-13,https://amarujala.com/dehradun/dehraduncm-gift-to-doon-university-two-buildings-inaugurated-and-a-community-radio-station-launched-2026-08-13,amar_ujala_uttarakhand,Amar Ujala,rss,"Dehradun: दून विवि में सीएम की घोषणा, दो भवनों का लोकार्पण; कम्युनिटी रेडियो स्टेशन का भी किया शुभारंभ",मुख्यमंत्री पुष्कर धामी ने दून विश्वविद्यालय में दीक्षारंभ सत्र 2026-27 और युवा संवाद कार्यक्रम का शुभारंभ किया।,"Dehradun: दून विवि में सीएम की घोषणा, दो भवनों का लोकार्पण; कम्युनिटी रेडियो स्टेशन का भी किया शुभारंभ
मुख्यमंत्री ने घोषणा की कि दून विश्वविद्यालय का केंद्रीय पुस्तकालय बाबा साहेब डॉ. भीमराव अंबेडकर के नाम से जाना जाएगा।
खबरें लगातार पढ़ने के लिए अमर उजाला एप डाउनलोड करें
या 
 वेबसाइट पर पढ़ना जारी रखने के लिए वीडियो विज्ञापन देखें
अगर आपके पास प्रीमियम मेंबरशिप है तो
विस्तार
मुख्यमंत्री पुष्कर धामी ने दून विश्वविद्यालय में दीक्षारंभ सत्र 2026-27 और युवा संवाद कार्यक्रम का शुभारंभ किया। इस अवसर पर उन्होंने 11 करोड़ 20 लाख रुपये की लागत से बने बायोलॉजिकल साइंस प्रयोगशाला भवन और 17 करोड़ 39 लाख रुपये के केंद्रीय पुस्तकालय भवन का लोकार्पण किया। मुख्यमंत्री ने दून यूनिवर्सिटी कम्युनिटी रेडियो स्टेशन 88.4 एफएम का भी शुभारंभ किया। उन्होंने कहा, युवा बदलती तकनीक के अनुरूप भविष्य के लिए तैयार बने।
मुख्यमंत्री ने घोषणा की कि दून विश्वविद्यालय का केंद्रीय पुस्तकालय बाबा साहेब डॉ. भीमराव अंबेडकर के नाम से जाना जाएगा। कम्युनिटी रेडियो स्टेशन के सफल संचालन के लिए दो पद सृजित किए जाएंगे। विश्वविद्यालय के विद्यार्थियों के लिए दो इलेक्ट्रिक बसों की व्यवस्था भी की जाएगी। मुख्यमंत्री ने कहा, विश्वविद्यालय जीवन व्यक्तित्व निर्माण, नई सोच विकसित करने और जीवन की दिशा निर्धारित करने का महत्वपूर्ण अवसर होता है। उन्होंने युवाओं से बड़े सपने देखने और उन्हें साकार करने का आह्वान किया। मुख्यमंत्री ने कहा, युवा शक्ति किसी भी राष्ट्र की सबसे बड़ी ताकत है। जिस देश का युवा सपने देखने का साहस, उन्हें पूरा करने का संकल्प और कठिन परिश्रम करने की क्षमता रखता है, उस देश को आगे बढ़ने से कोई नहीं रोक सकता।
Uttarakhand: चमोली में बड़ा हादसा; THDC की निर्माणाधीन टनल में हुआ भूस्खलन; कई मजदूर अंदर फंसे, तीन की मौत
भारत की युवा आबादी विकसित भारत की मजबूत नींव है। केंद्र सरकार की मेक इन इंडिया और स्किल इंडिया जैसी पहलें युवाओं को नए अवसर दे रही हैं। मुख्यमंत्री ने कहा, राज्य सरकार प्रदेश की शिक्षा व्यवस्था को आधुनिक बनाने पर निरंतर कार्य कर रही है। दून विश्वविद्यालय में विदेशी भाषा विभागों को सुदृढ़ किया जाएगा, जिनमें स्पेनिश, जर्मन, फ्रेंच, चीनी और जापानी भाषाएं शामिल हैं। इन विभागों के लिए पदों का सृजन भी किया जाएगा। राष्ट्रीय शिक्षा नीति के अनुरूप एआई और मशीन लर्निंग जैसे आधुनिक विषयों को बढ़ावा दिया जा रहा है। वैज्ञानिक अनुसंधान को प्रोत्साहित करने के लिए साइंस सिटी और एस्ट्रो पार्क जैसी परियोजनाएं भी प्रदेश में चल रही हैं। कार्यक्रम में विधायक विनोद चमोली, कुलपति प्रो. सुरेखा डंगवाल, मीडिया सलाहकार समिति के अध्यक्ष प्रो.गोविंद सिंह, अपर सचिव मनमोहन मैनाली आदि मौजूद रहे।
युवा नौकरी तलाशने वाला नहीं बल्कि देने वाला बने
                                                                                                                                 
                                                
                                                                                                                                 
                                                
                                                                                                                                 
                                                
                                                                                                                                 
                                                मुख्यमंत्री पुष्कर सिंह धामी ने दून विश्वविद्यालय में छात्र-छात्राओं से संवाद किया। जिसमें सीएम ने युवाओं के रोजगार, शिक्षा, मानसिक स्वास्थ्य और राज्य के विकास से जुड़े विभिन्न सवालों के जवाब दिए। उन्होंने युवाओं को नौकरी तलाशने वाला नहीं, बल्कि नौकरी देने वाला बनाने पर जोर दिया। मुख्यमंत्री ने राज्य में 40 फीसदी से अधिक रिवर्स माइग्रेशन बढ़ने की बात भी कही।
                                                                                                                                 
                                                
                                                                                                                                 
                                                
                                                                                                                                 
                                                
                                                                                                                                 
                                                
                                                                                                                                 
                                                
                                                                                                                                 
                                                
                                                                                                                                 
                                                छात्र-छात्राओं से संवाद में छात्रा रिधिमा के यह पूछे जाने पर कि उत्तराखंड के युवाओं को रोजगार के लिए राज्य से बाहर जाना पड़ता है। युवाओं को उद्योग से जुड़े कौशल देकर राज्य में ही रोजगार उपलब्ध कराने के लिए सरकार की क्या ठोस योजना है। मुख्यमंत्री ने कहा, सरकार सेवा क्षेत्र के लिए कौशल विकास के कई कोर्स चला रही है। मुख्यमंत्री उद्यमशाला और स्वरोजगार योजनाएं लागू की गई है। स्थानीय उत्पादों को प्रोत्साहन और बाजार उपलब्ध कराया जा रहा है। लोग अपने घरों में लौटकर बागवानी सहित अलग-अलग क्षेत्रों में काम कर रहे हैं। अर्चना कुमारी के यह पूछे जाने पर कि आज के युवाओं के लिए आपकी सबसे महत्वपूर्ण सलाह क्या है ? मुख्यमंत्री ने कहा, सफलता और मंजिल तक पहुंचने का कोई शॉर्टकट नहीं होता। जीवन का एक ध्येय बनाकर बड़े सपने देखने चाहिए और उन्हें पूरा करने के लिए लगातार प्रयास करना चाहिए। युवाओं को अपने माता-पिता और शिक्षकों की उम्मीदों को ध्यान में रखते हुए अच्छा सोचने, अच्छे सपने देखने और लक्ष्य की दिशा में आगे बढ़ने का प्रयास करना चाहिए।
सरकार का प्रयास घर के पास मिले अच्छी शिक्षा
उर्वशी ने पूछा कि क्या खटीमा में उच्च शिक्षा के लिए दून विवि जैसे किसी विश्वविद्यालय की स्थापना की योजना है?, मुख्यमंत्री ने कहा, सरकार का प्रयास है कि विद्यार्थियों को घर के पास अच्छी शिक्षा और प्रशिक्षण मिले। खटीमा में पॉलीटेक्निक, आईटीआई, पीजी कॉलेज में नए पाठयक्रम, एकलव्य विद्यालय और केंद्रीय विद्यालय जैसी सुविधाएं शुरु की गई हैं। प्रतियोगी परीक्षाओं के केंद्र भी खटीमा में बनाए जाने का प्रयास है। वैष्णवी शर्मा ने जानना चाहा कि राज्य विश्वविद्यालय में केंद्रीय विद्यालयों जैसी विविध पढ़ाई और सुविधाएं उपलब्ध कराने के लिए सरकार क्या कर रही है। इस पर मुख्यमंत्री ने कहा, सरकार का प्रयास है कि राज्य के सभी विश्वविद्यालयों में अच्छे और व्यावसायिक पाठ्यक्रम एवं बेहतर प्रशिक्षण उपलब्ध हों। उच्च शिक्षा के क्षेत्र में अभी और काम करने की आवश्यकता है। विश्वविद्यालयों के साथ मिलकर विद्यार्थियों की सोच के अनुरूप शिक्षा और सुविधाएं विकसित करने का प्रयास किया जा रहा है।",hi,8/13/26 4:26,8/14/26 11:13,Dehradun|Udham Singh Nagar|Chamoli,recruitment_jobs|protest_agitation|infrastructure|environment_disaster|health_education|politics_governance,uttarakhand|उत्तराखंड|धामी|पुष्कर सिंह धामी|मुख्यमंत्री|राज्य सरकार,trafilatura,829
4d2cdd456e55a14312d465ad70726fa7bc0d2da8,https://www.amarujala.com/dehradun/uttarakhand-weather-update-imd-alert-for-very-heavy-rainfall-from-14-to-17-august-in-many-districts-2026-08-13,https://amarujala.com/dehradun/uttarakhand-weather-update-imd-alert-for-very-heavy-rainfall-from-14-to-17-august-in-many-districts-2026-08-13,amar_ujala_dehradun,Amar Ujala,rss,Uttarakhand: अगले चार दिन दून समेत कई जिलों में बहुत भारी बारिश का अलर्ट; देहरादून में कल स्कूल रहेंगे बंद,भारत मौसम विज्ञान विभाग ने उत्तराखंड में 14 से 17 अगस्त तक भारी से बहुत भारी बारिश का पूर्वानुमान जारी किया है।,"Uttarakhand: अगले चार दिन दून समेत कई जिलों में बहुत भारी बारिश का अलर्ट; देहरादून में कल स्कूल रहेंगे बंद
Uttarakhand Weather Update: बारिश के अलर्ट को देखते हुए आपदा प्रबंधन एवं पुनर्वास सचिव विनोद कुमार सुमन ने सभी जिलाधिकारियों को मौसम विभाग की चेतावनी के अनुसार सतर्क रहने के निर्देश दिए हैं।
खबरें लगातार पढ़ने के लिए अमर उजाला एप डाउनलोड करें
या 
 वेबसाइट पर पढ़ना जारी रखने के लिए वीडियो विज्ञापन देखें
अगर आपके पास प्रीमियम मेंबरशिप है तो
विस्तार
भारत मौसम विज्ञान विभाग ने उत्तराखंड में 14 से 17 अगस्त तक भारी से बहुत भारी बारिश का पूर्वानुमान जारी किया है। इस चेतावनी के मद्देनजर राज्य आपातकालीन परिचालन केंद्र (एसईओसी) ने सभी जिला प्रशासनों को सतर्क रहने के निर्देश दिए हैं। संवेदनशील क्षेत्रों में विशेष सतर्कता बरतने और आपात स्थिति में त्वरित कार्यवाही सुनिश्चित करने को कहा गया है। वहीं, देहरादून में कल स्कूल और आंगनबाड़ी केंद्र बंद रहेंगे।
आपदा प्रबंधन एवं पुनर्वास सचिव विनोद कुमार सुमन ने सभी जिलाधिकारियों को मौसम विभाग की चेतावनी के अनुसार सतर्क रहने के निर्देश दिए हैं। उन्होंने संवेदनशील क्षेत्रों में विशेष निगरानी रखने और राहत एवं बचाव कार्यों के लिए सभी आवश्यक व्यवस्थाएं सुनिश्चित करने को कहा। अधिकारियों को आपसी समन्वय के साथ स्थिति पर लगातार निगरानी बनाए रखने के निर्देश दिए गए हैं। मौसम विभाग के पूर्वानुमान के अनुसार, 14 अगस्त को देहरादून, पिथौरागढ़, बागेश्वर और नैनीताल जनपदों में ऑरेंज अलर्ट रहेगा।
इन जनपदों में भारी से बहुत भारी वर्षा एवं आकाशीय बिजली की संभावना है। वहीं, चंपावत, टिहरी, पौड़ी, चमोली, रुद्रप्रयाग, हरिद्वार और ऊधमसिंह नगर में भारी वर्षा का येलो अलर्ट जारी किया गया है। राज्य के शेष जनपदों में भी गरज-चमक के साथ भारी बारिश की संभावना है। 15 अगस्त को राज्य के सभी जनपदों में येलो अलर्ट रहेगा, जिसमें कुछ जिलों में भारी वर्षा की संभावना है। 16 अगस्त को चंपावत, बागेश्वर और नैनीताल जनपदों में ऑरेंज अलर्ट घोषित किया गया है, इन क्षेत्रों में भारी से बहुत भारी वर्षा का अनुमान है। 17 अगस्त को देहरादून और टिहरी जनपदों में ऑरेंज अलर्ट रहेगा, जबकि शेष जिलों में येलो अलर्ट जारी किया गया है।
Chamoli Tunnel Landslide: अचानक आया मलबा और पानी का सैलाब, सुरंग में काम कर रहे मजदूर फंसे, तस्वीरों में देखें
नागरिकों के लिए सावधानी के निर्देश
                                                                                                                                 
                                                
                                                                                                                                 
                                                
                                                                                                                                 
                                                
                                                                                                                                 
                                                सचिव विनोद कुमार सुमन ने आमजन से अनावश्यक यात्रा से बचने की अपील की है। उन्होंने कहा, मौसम की स्थिति की जानकारी लेते रहें। भूस्खलन और चट्टान गिरने की आशंका वाले संवेदनशील पहाड़ी क्षेत्रों एवं नदी-नालों के आसपास जाने से बचें। भारी बारिश या अचानक बाढ़ की स्थिति में सुरक्षित स्थान पर रहें। आकाशीय बिजली के दौरान खुले स्थानों और पेड़ों के नीचे खड़े न होकर सुरक्षित पक्के भवन में शरण लें।",hi,8/13/26 3:51,8/14/26 11:13,Dehradun|Haridwar|Nainital|Pauri Garhwal|Tehri Garhwal|Chamoli|Rudraprayag|Pithoragarh|Bageshwar|Champawat,infrastructure|environment_disaster,uttarakhand|उत्तराखंड,trafilatura,446
c3745bd9a5ed0a69199ba876691a187878e19dc7,https://hindi.news18.com/news/uttarakhand/haridwar-7000-metric-tonnes-garbage-at-haridwar-kanwar-yatra-2026-ganga-ghats-cleaning-start-10744464.html,https://hindi.news18.com/news/uttarakhand/haridwar-7000-metric-tonnes-garbage-at-haridwar-kanwar-yatra-2026-ganga-ghats-cleaning-start-10744464.html,news18_hindi_uttarakhand,News18 Hindi,rss,"कपड़े, सड़ा खाना और हर तरफ बदबू... कांवड़ यात्रा के बाद हरिद्वार में मिला 7000 टन कूड़ा",Haridwar News: कांवड़ यात्रा के संपन्न होने के बाद हरिद्वार नगर निगम के सामने अब शहर को साफ करने की चुनौती बनी हुई है. कांवड़ मेले के दौरान कांवड़िए और श्रद्धालु काफी मात्रा में कचरा छोड़ गए हैं. अभी तक 7000 मीट्रिक टन कचरा जमा किया गया है.,,hi,8/13/26 3:40,8/14/26 11:13,Haridwar,tourism_religion,,,0
f3a6936bde36c10c38d53352153207d722d614e6,https://hillmail.in/narendra-singh-negis-songs-gave-recognition-to-the-folk-culture-of-uttarakhand-in-the-country-and-the-world/,https://hillmail.in/narendra-singh-negis-songs-gave-recognition-to-the-folk-culture-of-uttarakhand-in-the-country-and-the-world,hill_mail,Hill Mail,rss,नरेंद्र सिंह नेगी के गीतों ने उत्तराखंड की लोक संस्कृति को दिलाई देश-दुनिया में पहचान,"लोकगायक नरेंद्र सिंह नेगी के जन्मदिवस के अवसर पर देहरादून में आयोजित ‘नरेंद्र सिंह नेगी संस्कृति सम्मान समारोह’ में मुख्यमंत्री पुष्कर सिंह धामी ने उनके योगदान को याद करते हुए कहा कि नेगी उत्तराखंड की लोक संस्कृति के ऐसे पुरोधा हैं, जिन्होंने अपने गीतों और संगीत के माध्यम से प्रदेश की सांस्कृतिक पहचान को राष्ट्रीय और अंतरराष्ट्रीय स्तर पर विशिष्ट प्रतिष्ठा दिलाई है। मुख्यमंत्री ने नेगी को जन्मदिवस की शुभकामनाएं देते हुए उनके उत्तम स्वास्थ्य और दीर्घायु की कामना की।","लोकगायक नरेंद्र सिंह नेगी के जन्मदिवस के अवसर पर देहरादून में आयोजित ‘नरेंद्र सिंह नेगी संस्कृति सम्मान समारोह’ में मुख्यमंत्री पुष्कर सिंह धामी ने उनके योगदान को याद करते हुए कहा कि नेगी उत्तराखंड की लोक संस्कृति के ऐसे पुरोधा हैं, जिन्होंने अपने गीतों और संगीत के माध्यम से प्रदेश की सांस्कृतिक पहचान को राष्ट्रीय और अंतरराष्ट्रीय स्तर पर विशिष्ट प्रतिष्ठा दिलाई है। मुख्यमंत्री ने नेगी को जन्मदिवस की शुभकामनाएं देते हुए उनके उत्तम स्वास्थ्य और दीर्घायु की कामना की।
सोशल बलूनी स्कूल, हरिद्वार बाईपास में आयोजित कार्यक्रम में मुख्यमंत्री धामी ने नरेंद्र सिंह नेगी के गीतों के अंग्रेजी अनुवाद पर आधारित पुस्तक ‘Mountain Melodies of Narendra Singh Negi’ का विमोचन किया। उन्होंने कहा कि यह पुस्तक उत्तराखंड की लोकभाषा और लोकसंस्कृति को वैश्विक स्तर पर पहुंचाने की दिशा में महत्वपूर्ण पहल है। इससे नई पीढ़ी नेगी के जीवन, व्यक्तित्व और दशकों लंबी संगीत यात्रा से परिचित हो सकेगी।
मुख्यमंत्री ने कहा कि नरेंद्र सिंह नेगी के गीतों में उत्तराखंड के जनजीवन, प्रकृति, संघर्ष, संवेदनाओं और सामाजिक सरोकारों की सशक्त अभिव्यक्ति देखने को मिलती है। उन्होंने कहा कि नेगी के गीत केवल मनोरंजन का माध्यम नहीं हैं, बल्कि इनमें पहाड़ के समाज, संस्कृति और आम लोगों की भावनाओं की झलक दिखाई देती है। उनके रचनात्मक योगदान ने लोकगीतों और लोकभाषा को नई पहचान देने में महत्वपूर्ण भूमिका निभाई है।
समारोह में अरुणाचल प्रदेश के अभिनेता, रंगकर्मी और नाटककार ताई तुगुंग को ‘नरेंद्र सिंह नेगी संस्कृति सम्मान-2026’ प्रदान किया गया। मुख्यमंत्री ने उन्हें बधाई देते हुए कहा कि ताई तुगुंग ने न्यीशी भाषा, अरुणाचली हिंदी, रंगकर्म, नाटकों और सिनेमा के माध्यम से अरुणाचल प्रदेश की लोक संस्कृति और परंपराओं को व्यापक पहचान दिलाई है। उनका चर्चित नाटक ‘लप्या’ और फिल्म ‘संगी माई’ उनकी रचनात्मक यात्रा के महत्वपूर्ण उदाहरण हैं।
मुख्यमंत्री ने कहा कि उत्तराखंड की लोक संस्कृति अत्यंत समृद्ध और विविधतापूर्ण है। जागर, बेड़ा, मांगल, खुदेड़ और छोपाटी जैसे पारंपरिक गीत तथा ढोल, दमाऊ, हुड़का, मशक, तुर्री और भंकोरा जैसे लोक वाद्य प्रदेश की सांस्कृतिक पहचान के आधार हैं। उन्होंने कहा कि आज प्रदेश के युवा आधुनिक संगीत के साथ लोकगीतों को नए कलेवर में प्रस्तुत कर रहे हैं, जिससे लोक संस्कृति को नई पीढ़ी से जोड़ने का काम हो रहा है।
धामी ने बताया कि लोक कलाकारों को सम्मान और अवसर देने के लिए सूचीबद्धकरण प्रक्रिया को सरल बनाया गया है। अब तक 275 सांस्कृतिक दलों और 226 एकल कलाकारों को सूचीबद्ध किया जा चुका है। पात्र कलाकारों को प्रतिवर्ष निःशुल्क वाद्ययंत्र और वेशभूषा उपलब्ध कराई जा रही है। लोककला और साहित्य को जीवन समर्पित करने वाले वृद्ध एवं आर्थिक रूप से कमजोर कलाकारों, साहित्यकारों और लेखकों की मासिक पेंशन तीन हजार से बढ़ाकर छह हजार रुपये की गई है, जिसका लाभ 180 कलाकारों को मिल रहा है।
उन्होंने कहा कि गुरु-शिष्य परंपरा को जीवंत रखने के लिए छह माह की प्रशिक्षण कार्यशालाएं आयोजित की जा रही हैं। वर्ष 2025 में ‘दीर्घकालीन साहित्य सेवी सम्मान’ शुरू किया गया, जिसके तहत पांच लाख रुपये की सम्मान राशि दी जाती है। ‘उत्तराखंड साहित्य गौरव सम्मान’ से अब तक 57 साहित्यकारों को सम्मानित किया जा चुका है, जबकि ‘साहित्य भूषण पुरस्कार’ की सम्मान राशि 5.51 लाख रुपये निर्धारित की गई है।
मुख्यमंत्री ने कहा कि उत्तराखंड को पर्यटन के साथ साहित्य और संस्कृति के राष्ट्रीय केंद्र के रूप में विकसित करने के लिए प्रदेश में दो ‘साहित्य ग्राम’ विकसित करने की दिशा में तेजी से कार्य किया जा रहा है। इन ग्रामों में साहित्यकारों के लिए आवास, पुस्तकालय, अध्ययन केंद्र और संगोष्ठी जैसी सुविधाएं उपलब्ध कराने की योजना है।
उन्होंने कहा कि नरेंद्र सिंह नेगी जैसे लोक कलाकार उत्तराखंड की सांस्कृतिक विरासत के मजबूत स्तंभ हैं। उनकी रचनाओं और योगदान को नई पीढ़ी तक पहुंचाना संस्कृति के संरक्षण की दिशा में महत्वपूर्ण कदम है। कार्यक्रम में नरेंद्र सिंह नेगी सहित साहित्यकार, कलाकार, संस्कृति प्रेमी और विभिन्न सांस्कृतिक संगठनों के प्रतिनिधि मौजूद रहे।",hi,8/13/26 3:39,8/14/26 10:09,Dehradun|Haridwar,protest_agitation|health_education|tourism_religion|politics_governance,उत्तराखंड|धामी|पुष्कर सिंह धामी|मुख्यमंत्री,trafilatura,629
5ab83d6adc6ee29fe5cbc4bb6c27818b395d8f0f,https://www.livehindustan.com/uttarakhand/women-free-bus-ride-in-uttarakhand-bjp-government-announce-soon-201786591522252.html,https://livehindustan.com/uttarakhand/women-free-bus-ride-in-uttarakhand-bjp-government-announce-soon-201786591522252.html,gnews_dhami_govt,Hindustan,gnews,"इस राज्य में महिलाओं को फ्री यात्रा का तोहफा, भाजपा सरकार ने कर ली बड़ी तैयारी","इस राज्य में महिलाओं को फ्री यात्रा का तोहफा, भाजपा सरकार ने कर ली बड़ी तैयारी  Hindustan","गौरव काला: वरिष्ठ पत्रकार और स्टेट टीम सदस्य

संक्षिप्त विवरण: गौरव काला पिछले 15 वर्षों से पत्रकारिता में सक्रिय हैं और वर्तमान में लाइव हिन्दुस्तान में स्टेट टीम का हिस्सा हैं। वह विशेष रूप से हिमालयी राज्य उत्तराखंड के अलावा, दिल्ली-एनसीआर, मध्यप्रदेश, झारखंड समेत कई हिंदी बेल्ट के राज्यों की खबरें कवर कर रहे हैं।

विस्तृत बायो

परिचय और अनुभव: गौरव काला का भारतीय डिजिटल मीडिया जगत में एक दशक से अधिक का अनुभव है। वह वर्ष 2011 से पत्रकारिता के क्षेत्र में सक्रिय हैं। वर्तमान में, वह 'लाइव हिन्दुस्तान' (हिन्दुस्तान टाइम्स ग्रुप) में स्टेट टीम सेक्शन का हिस्सा हैं। पिछले पांच वर्षों से वह पहले होम टीम का हिस्सा रहे और अब बड़ी बखूबी से स्टेट टीम में अपनी जिम्मेदारी को निभा रहे हैं। उन्हें डिजिटल पाठकों की पसंद और बदलती प्रवृत्तियों (Trends) को समझने में विशिष्ट महारत हासिल है। गौरव का करियर प्रिंट मीडिया से शुरू होकर टीवी जगत और डिजिटल मीडिया तक फैला हुआ है। यही वजह है कि उनकी खबरों में गहराई और सटीकता की झलक दिखती है।

शैक्षणिक पृष्ठभूमि और रिपोर्टिंग: गौरव मॉस कम्यूनिकेशन में पोस्ट ग्रेजुएट हैं और यही उनकी सबसे बड़ी विशेषता है। पहले बी. ए. इन मॉस कम्यूनिकेशन और फिर आधुनिक पत्रकारिता में पोस्ट ग्रेजुएशन होने के कारण उनके पास खबरों की ठोस समझ है। 2011 में दैनिक जनवाणी अखबार में क्राइम रिपोर्टिंग से पत्रकारिता शुरू करने के बाद उन्होंने ईटीवी भारत में बतौर एंकर और स्क्रिप्ट राइटर पर तौर पर काम किया। 2015 में डिजिटल पत्रकारिता में एंट्री लेते हुए अमर उजाला और दैनिक जागरण जैसे संस्थानों में काम किया। इस दौरान उन्होंने न सिर्फ राष्ट्रीय बल्कि अंतरराष्ट्रीय खबरों को भी कवर किया, बल्कि आकर्षक लेखनी से पाठकों के बीच लोकप्रियता बनाई।

सितंबर 2021 में गौरव लाइव हिन्दुस्तान की नेशनल टीम के साथ जुड़े। तब से वह न सिर्फ राष्ट्रीय बल्कि अंतरराष्ट्रीय, वायरल समाचार और मौसम संबंधी खबरों पर विशेष ध्यान दे रहे हैं, बल्कि राजनीतिक, रिसर्च बेस स्टोरीज भी कवर कर रहे हैं। अपनी मजबूत लेखनी के दम पर वह खबरों को आकर्षक नए कलेवर के साथ आम जनता तक पहुंचा रहे हैं।

डिजिटल ट्रेंड्स के साथ रिपोर्टिंग: डिजिटल प्लेटफॉर्म पर बदलते ट्रेंड्स को समझना गौरव की बड़ी ताकत है। वायरल खबरों, सोशल मीडिया ट्रेंड्स और इंटरनेट कल्चर से जुड़े विषयों को वह तथ्यात्मक जांच और संतुलित प्रस्तुति के साथ सामने रखते हैं। उनकी यही क्षमता उन्हें क्लिक-बेस्ड नहीं, बल्कि कंटेंट-बेस्ड पत्रकार बनाती है। इसके अलावा वह राष्ट्रीय और राज्य स्तरीय राजनीति से जुड़े मुद्दों को तथ्यात्मक गहराई और संतुलित दृष्टिकोण के साथ प्रस्तुत करते हैं।

पत्रकारिता का उद्देश्य: गौरव के लिए पत्रकारिता केवल खबर देने का माध्यम नहीं, बल्कि समाज के प्रति जिम्मेदारी है। उनका मानना है कि पत्रकारिता का मूल उद्देश्य सत्य और जनहित को प्राथमिकता देते हुए पाठकों तक सही जानकारी पहुंचाना है। वह अपनी लेखनी से सत्ता, समाज और आम जनता के बीच एक मजबूत और भरोसेमंद सेतु बनाने में विश्वास रखते हैं।

विशेषज्ञता (Areas of Expertise):

राष्ट्रीय और अंतरराष्ट्रीय समाचार

वायरल और ट्रेंडिंग कंटेंट

राजनीतिक और रिसर्च-आधारित स्टोरीज

हेडलाइन और न्यूज़ प्रेजेंटेशन

और पढ़ें",hi,8/13/26 3:34,8/14/26 11:16,,politics_governance,उत्तराखंड,newspaper4k,499
578821bd90c8f77470873258c30af12a9029b350,https://www.amarujala.com/photo-gallery/dehradun/chamoli-tunnel-landslide-sudden-surge-of-debris-and-water-workers-inside-the-tunnel-stuck-see-photos-2026-08-13,https://amarujala.com/photo-gallery/dehradun/chamoli-tunnel-landslide-sudden-surge-of-debris-and-water-workers-inside-the-tunnel-stuck-see-photos-2026-08-13,amar_ujala_uttarakhand,Amar Ujala,rss,"Chamoli Tunnel Landslide: अचानक आया मलबा और पानी का सैलाब, सुरंग में काम कर रहे मजदूर फंसे, तस्वीरों में देखें","अचानक आया मलबा और पानी का सैलाब, सुरंग में काम कर रहे मजदूर फंसे, तस्वीरों में देखें","उत्तराखंड के चमोली में देर शाम निर्माणाधीन सुरंग में हुए हादसे के बाद हड़कंप मच गया। विष्णुगाड–पीपलकोटी जल विद्युत परियोजना की निर्माणाधीन टनल में अचानक मात्रा में मलबा और पानी आ गया। मलबा और पानी इतनी तेजी से आया कि करीब 28 मजदूर अंदर ही फंस गए। जिसमें से 18 मजदूर निकाल लिए गए हैं। इनमें से चार की मौत हो चुकी है। 13 जिला अस्पताल में भर्ती हैं। जबकि एक को हायर सेंटर रेफर किया गया है। अभी भी 10 मजदूरों की तलाश जारी है।
रहें हर खबर से अपडेट, डाउनलोड करें Android Hindi News App, iOS Hindi News App और Amarujala Hindi News APP अपने मोबाइल पे|
Get all India News in Hindi related to live update of politics, sports, entertainment, technology and education etc. Stay updated with us for all breaking news from India News and more news in Hindi.",hi,8/13/26 3:10,8/14/26 11:13,Chamoli,infrastructure|environment_disaster|health_education,उत्तराखंड,trafilatura,143
e30fa2394b6582385caa7704f715be2f236c50ae,https://devbhoomimedia.com/dhami-government-cracks-down-on-fake-paneer-and-non-dairy-products-raids-conducted-at-hotels-from-rishikesh-to-tehri/,https://devbhoomimedia.com/dhami-government-cracks-down-on-fake-paneer-and-non-dairy-products-raids-conducted-at-hotels-from-rishikesh-to-tehri,devbhoomi_media,Devbhoomi Media,rss,"नकली पनीर और गैर-दुग्ध उत्पादों पर धामी सरकार का शिकंजा, ऋषिकेश से टिहरी तक होटलों में छापेमारी","ऋषिकेश में 03, टिहरी में 10 खाद्य पदार्थों के नमूने जांच के लिए भेजे गए प्रयोगशाला, खाद्य सामग्री के भंडारण में FIFO और FEFO व्यवस्था का पालन करने के निर्देश खाद्य सुरक्षा मानकों का उल्लंघन करने वालों को किसी भी स्थिति में बख्शा नहीं जाएगा- विनय शंकर पांडेय मुख्यमंत्री पुष्कर सिंह धामी के दिशा-निर्देशों में […]","ऋषिकेश में 03, टिहरी में 10 खाद्य पदार्थों के नमूने जांच के लिए भेजे गए प्रयोगशाला, खाद्य सामग्री के भंडारण में FIFO और FEFO व्यवस्था का पालन करने के निर्देश

खाद्य सुरक्षा मानकों का उल्लंघन करने वालों को किसी भी स्थिति में बख्शा नहीं जाएगा- विनय शंकर पांडेय

मुख्यमंत्री पुष्कर सिंह धामी के दिशा-निर्देशों में प्रदेश में खाद्य पदार्थों की गुणवत्ता और लोगों के स्वास्थ्य से खिलवाड़ करने वाले खाद्य कारोबारियों के खिलाफ अभियान तेज कर दिया गया है। सचिव स्वास्थ्य एवं आयुक्त खाद्य संरक्षा एवं औषधि प्रशासन विभाग विनय शंकर पांडेय के निर्देश पर खाद्य सुरक्षा विभाग की टीमों ने देहरादून और टिहरी में होटल, रेस्टोरेंट और अन्य खाद्य प्रतिष्ठानों का सघन निरीक्षण किया। अभियान के दौरान दुग्ध पदार्थों के वास्तविक स्रोत, पनीर की गुणवत्ता, कच्चे माल की खरीद और बिल, लेबलिंग-पैकेजिंग, बैच नंबर, निर्माण तिथि तथा किचन की साफ-सफाई की जांच की गई। ऋषिकेश में तीन खाद्य पदार्थों के नमूने लिए गए, जबकि टिहरी में 10 नमूने जांच के लिए प्रयोगशाला भेजे गए। दो प्रतिष्ठानों को सुधार सूचना भी जारी की गई।

ऋषिकेश में होटलों की रसोई और स्टोर खंगाले

अपर आयुक्त ताजबर सिंह जग्गी के अनुसार खाद्य संरक्षा एवं औषधि प्रशासन विभाग देहरादून की टीम ने ऋषिकेश के वीरभद्र रोड क्षेत्र में स्थित विभिन्न होटलों में संचालित किचन और स्टोर का निरीक्षण किया। टीम ने मोदी रिट्रीट, गंगा किनारे, होली वाटर और सेवन सीज में खाद्य पदार्थों की गुणवत्ता और निर्माण प्रक्रिया की जांच की। अधिकारियों ने होटल प्रबंधन को किचन में साफ-सफाई बनाए रखने तथा खाद्य सामग्री के भंडारण में FIFO और FEFO व्यवस्था का पालन करने के निर्देश दिए।

निरीक्षण के दौरान किचन में काम करने वाले कर्मचारियों के चिकित्सीय परीक्षण और भोजन बनाने में इस्तेमाल होने वाले पानी की परीक्षण रिपोर्ट भी जांची गई। विभागीय टीम ने होटलों के किचन में इस्तेमाल किए जा रहे दूध, अरहर दाल और साबुत जीरा के नमूने लिए। इन नमूनों को गुणवत्ता की जांच के लिए प्रयोगशाला भेजा गया है। वहीं जांच में कमियां पाए जाने पर दो होटल संचालकों को सुधार सूचना जारी की गई।

खाद्य सामग्री के स्रोत और बिलों की भी जांच

अपर आयुक्त ताजबर सिंह जग्गी के अनुसार अभियान के दौरान अधिकारियों ने केवल तैयार खाद्य पदार्थों की गुणवत्ता ही नहीं, बल्कि उनके लिए इस्तेमाल होने वाले कच्चे माल के स्रोत की भी पड़ताल की। खाद्य कारोबारियों से दुग्ध पदार्थों की खरीद, उनके वास्तविक स्रोत, खरीद के बिल और खाद्य उत्पादों की लेबलिंग-पैकेजिंग से संबंधित दस्तावेजों की जांच की गई। विभाग ने स्पष्ट किया कि खाद्य प्रतिष्ठानों में इस्तेमाल होने वाले उत्पादों की गुणवत्ता और उनकी वैधता सुनिश्चित करना जरूरी है। अभियान के दौरान टीम ने होटल संचालकों को खाद्य सुरक्षा मानकों का अनिवार्य रूप से पालन करने के निर्देश दिए।

टिहरी में निरीक्षण से मचा हड़कंप, कुछ दुकानदारों ने बंद किए प्रतिष्ठान

अपर आयुक्त ताजबर सिंह जग्गी के अनुसार खाद्य संरक्षा विभाग की टीम ने टिहरी जिले में भी खाद्य प्रतिष्ठानों का आकस्मिक निरीक्षण किया। टीम के पहुंचते ही कुछ खाद्य कारोबारियों में अफरा-तफरी का माहौल देखने को मिला। विभाग के अनुसार कुछ छोटे दुकानदारों ने अपने प्रतिष्ठान तक बंद कर दिए। इसके बाद टीम ने मुनि की रेती और तपोवन क्षेत्र के विभिन्न होटलों में संचालित किचन और स्टोर की गहन जांच की। इस दौरान लेमन ट्री, डिवाइन रिजॉर्ट और स्टर्लिंग पाम ब्लिस के किचन एवं स्टोर का निरीक्षण किया गया। अधिकारियों ने किचन की साफ-सफाई, खाद्य सामग्री के रखरखाव और FIFO व्यवस्था का पालन सुनिश्चित करने के निर्देश दिए। होटल किचन में कार्यरत कर्मचारियों के चिकित्सीय परीक्षण तथा भोजन बनाने में इस्तेमाल होने वाले पानी की परीक्षण रिपोर्ट भी जांची गई।

10 खाद्य पदार्थों के नमूने प्रयोगशाला भेजे

अपर आयुक्त ताजबर सिंह जग्गी के अनुसार टिहरी में निरीक्षण के दौरान विभागीय टीम ने विभिन्न खाद्य पदार्थों के कुल 10 नमूने संग्रहित किए। इनमें बेकरी उत्पाद, दाल, पकी सब्जी, ग्रेवी, चावल, स्प्रिंग रोल, भुना चना, जीरा और चिप्स समेत अन्य खाद्य सामग्री के नमूने शामिल हैं। सभी नमूनों को जांच के लिए प्रयोगशाला भेजा गया है।

रिपोर्ट के आधार पर आगे की कार्रवाई की जाएगी। विभाग का यह अभियान विशेष रूप से एनालॉग पनीर और गैर-दुग्ध उत्पादों के इस्तेमाल पर रोक लगाने और खाद्य पदार्थों की गुणवत्ता सुनिश्चित करने के उद्देश्य से चलाया जा रहा है। अधिकारियों ने खाद्य कारोबारियों को चेतावनी दी कि उपभोक्ताओं के स्वास्थ्य से किसी भी प्रकार का समझौता बर्दाश्त नहीं किया जाएगा।

लगातार जारी रहेगा विशेष अभियान

अभियान का नेतृत्व उपायुक्त गढ़वाल मंडल राजेंद्र सिंह रावत ने किया। देहरादून की टीम में सहायक आयुक्त खाद्य सुरक्षा मनीष सयाना और वरिष्ठ खाद्य सुरक्षा अधिकारी ऋषिकेश संतोष कुमार सिंह सहित अन्य अधिकारी मौजूद रहे।

टिहरी की टीम में सहायक आयुक्त खाद्य सुरक्षा प्रमोद रावत और वरिष्ठ खाद्य अधिकारी शारदा शर्मा सहित विभागीय अधिकारी शामिल रहे। विभाग ने संकेत दिया है कि खाद्य प्रतिष्ठानों में गुणवत्ता और स्वच्छता मानकों की जांच का यह अभियान आगे भी जारी रहेगा।

सचिव स्वास्थ्य एवं आयुक्त खाद्य संरक्षा एवं औषधि प्रशासन विनय शंकर पांडेय का बयान

सचिव स्वास्थ्य एवं आयुक्त खाद्य संरक्षा एवं औषधि प्रशासन विनय शंकर पांडेय ने कहा कि प्रदेश में उपभोक्ताओं को सुरक्षित और गुणवत्तापूर्ण खाद्य सामग्री उपलब्ध कराना विभाग की सर्वोच्च प्राथमिकता है। एनालॉग पनीर और गैर-दुग्ध उत्पादों के अनधिकृत इस्तेमाल को रोकने के लिए विशेष अभियान चलाया जा रहा है।

होटल और रेस्टोरेंट में इस्तेमाल होने वाले दुग्ध पदार्थों के स्रोत, खरीद बिल, लेबलिंग, पैकेजिंग और किचन की स्वच्छता की जांच की जा रही है। नमूने प्रयोगशाला भेजे गए हैं और रिपोर्ट के आधार पर नियमानुसार कार्रवाई होगी। खाद्य सुरक्षा मानकों का उल्लंघन करने वालों को किसी भी स्थिति में बख्शा नहीं जाएगा।",hi,8/13/26 2:57,8/14/26 11:13,Dehradun|Tehri Garhwal,politics_governance,गढ़वाल|धामी|पुष्कर सिंह धामी|मुख्यमंत्री,newspaper4k,914
c36599f98d32e1797843ed9b9da3d76b60cdf91f,https://www.bhaskar.com/local/uttarakhand/dehradun/news/uttarakhand-uksssc-recruitment-exam-calendar-schedule-2026-138626625.html,https://bhaskar.com/local/uttarakhand/dehradun/news/uttarakhand-uksssc-recruitment-exam-calendar-schedule-2026-138626625.html,gnews_uksssc,Dainik Bhaskar,gnews,"उत्तराखंड में सरकारी नौकरी का बड़ा मौका: 1632 पदों पर भर्ती का पूरा शेड्यूल जारी; अगस्त से शुरुआत, दिसंबर त...","उत्तराखंड में सरकारी नौकरी का बड़ा मौका: 1632 पदों पर भर्ती का पूरा शेड्यूल जारी; अगस्त से शुरुआत, दिसंबर त...  Dainik Bhaskar","- Hindi News
- Local
- Uttarakhand
- Dehradun
- UKSSSC Recruitment 2026 | Uttarakhand Govt Jobs Exam Schedule Released
उत्तराखंड में सरकारी नौकरी का बड़ा मौका:1632 पदों पर भर्ती का पूरा शेड्यूल जारी; अगस्त से शुरुआत, दिसंबर तक होंगे सभी एग्जाम
- कॉपी लिंक
उत्तराखंड में सरकारी नौकरी की तैयारी कर रहे युवाओं के लिए अच्छी खबर है। उत्तराखंड अधीनस्थ सेवा चयन आयोग (UKSSSC) ने विभिन्न विभागों में कुल 1632 पदों पर भर्ती के लिए विस्तृत परीक्षा कैलेंडर जारी कर दिया है। आयोग के अनुसार अगस्त से दिसंबर 2026 के बीच
क्यों अहम है यह भर्ती? राज्य के विभिन्न विभागों में लंबे समय से खाली पदों को भरा जाएगा। 1632 पदों पर भर्ती से हजारों युवाओं को सरकारी नौकरी का अवसर मिलेगा। आयोग ने स्पष्ट किया है कि दिसंबर 2026 तक सभी भर्ती परीक्षाएं पूरी करने का लक्ष्य रखा गया है। विधानसभा चुनाव से पहले बड़े पैमाने पर भर्ती प्रक्रिया पूरी होने से युवाओं को नियुक्ति का रास्ता साफ होगा। भर्ती कैलेंडर से अभ्यर्थियों को क्या फायदा? भर्ती का पूरा शेड्यूल जारी होने से अभ्यर्थी अपनी तैयारी बेहतर तरीके से कर सकेंगे। अलग-अलग भर्तियों की परीक्षा तिथियां पहले से तय होने के कारण उम्मीदवारों को तैयारी की रणनीति बनाने और समय प्रबंधन में आसानी होगी। क्या बोले आयोग के अध्यक्ष?
आयोग अध्यक्ष जीएस मर्तोलिया के मुताबिक, पहले से घोषित भर्ती कैलेंडर के अनुरूप सभी परीक्षाएं समय पर आयोजित की जाएंगी और दिसंबर तक भर्ती प्रक्रिया पूरी करने का लक्ष्य है। उत्तराखंड में पिछले कुछ वर्षों में भर्ती परीक्षाओं को समयबद्ध तरीके से पूरा करने पर सरकार और आयोग का फोकस रहा है।
नया परीक्षा कैलेंडर जारी होने से सरकारी नौकरी की तैयारी कर रहे युवाओं को अब स्पष्ट टाइमलाइन मिल गई है, जिससे वे अपनी तैयारी उसी अनुसार कर सकेंगे।",hi,8/13/26 2:38,8/14/26 11:16,Dehradun,recruitment_jobs|exam_paper_leak|politics_governance,UKSSSC|uttarakhand|अधीनस्थ सेवा चयन आयोग|उत्तराखंड|विधानसभा,trafilatura,291
967b90150eb9f38a625494603de28802b2fab762,https://www.amarujala.com/dehradun/sir-uttarakhand-objection-process-ends-on-august-13-notices-to-voters-begin-from-august-14-read-all-updates-2026-08-13,https://amarujala.com/dehradun/sir-uttarakhand-objection-process-ends-on-august-13-notices-to-voters-begin-from-august-14-read-all-updates-2026-08-13,amar_ujala_uttarakhand,Amar Ujala,rss,"Uttarakhand: एसआईआर के तहत कल से शुरू होगा अगला पड़ाव, नोटिस पाने वाले मतदाताओं को देना होगा जवाब",चुनाव आयोग के विशेष गहन पुनरीक्षण (एसआईआर) के तहत 14 अगस्त से अगला पड़ाव शुरू हो रहा है।,"Uttarakhand: एसआईआर के तहत कल से शुरू होगा अगला पड़ाव, नोटिस पाने वाले मतदाताओं को देना होगा जवाब
उत्तराखंड में मतदाता सूची को लेकर चल रहे एसआईआर में अब जांच और जवाब का अहम दौर शुरू होने जा रहा है। दावे-आपत्तियों की प्रक्रिया पूरी होने के बाद उन मतदाताओं तक नोटिस पहुंचेंगे, जिनके नाम को लेकर आपत्ति दर्ज की गई है। अब इन मतदाताओं के जवाब से तय होगा कि आगे मतदाता सूची में उनका नाम किस तरह दर्ज रहेगा।
खबरें लगातार पढ़ने के लिए अमर उजाला एप डाउनलोड करें
या 
 वेबसाइट पर पढ़ना जारी रखने के लिए वीडियो विज्ञापन देखें
अगर आपके पास प्रीमियम मेंबरशिप है तो
विस्तार
चुनाव आयोग के विशेष गहन पुनरीक्षण (एसआईआर) के तहत 14 अगस्त से अगला पड़ाव शुरू हो रहा है। इसके तहत जिन मतदाताओं के वोट पर आपत्तियां लगी हैं, उन्हें नोटिस जारी होंगे। इन पर जवाब देना होगा। चुनाव आयोग ने मतदाताओं को आपत्ति का मौका दिया है, जिसके तहत 13 अगस्त तक आपत्ति जताई जा सकती हैं।
14 अगस्त से आपत्ति करने वाले और मतदाता दोनों को नोटिस जारी होने शुरू होंगे। ये नोटिस ईआरओ या एईआरओ के स्तर से जारी होंगे। ज्यादातर मतदाताओं को लेकर ये आपत्तियां हैं कि वे या तो उस जगह से जा चुके हैं या फिर वहां के निवासी नहीं हैं। आपत्तिकर्ता को अब इस बात का सबूत नोटिस की सुनवाई के दौरान देना होगा जबकि मतदाता अपना प्रमाण देंगे।
                                
                
                
                                
                                
                                                                                                               
                                                    
                            
                                 
                                
                               
                                                
                                                                 
                
                                
                
                
                                
                                
                                                                                                               
                                                    
                            
                                 
                                
                               
                                                
                                                                 
                
                                
                
                
                                
                                
                                                                                                               
                                                    
                            
                                 
                                
                               
                                                
                                                                 
                
                                
                
                
                                
                                
                                                                                                               
                                                    
                            
                                 
                                
                               
                                                
                                                                 
                सवाल ये है कि अगर किसी मतदाता के अनुपस्थित होने या वहां से जाने को लेकर आपत्ति आई है तो उसमें मतदाता को क्या प्रमाण देना होगा। इन मामलों की सुनवाई ईआरओ करेंगे, जिसमें बीएलओ की भूमिका भी अहम होगी। बीएलओ अपनी रिपोर्ट देंगे, जिससे काफी हद तक यह स्पष्ट होगा कि मतदाता की क्या स्थिति है। दूसरी बात मतदाता कोई ऐसा प्रमाण (जैसे-जमीन के कागज, निवास प्रमाण पत्र आदि) दे सकते हैं, जिससे ये साबित होता हो कि वे वहीं के निवासी हैं।
ये भी पढ़ें...Uttarakhand: बेटियों का पहला सैनिक स्कूल खोलने में सिस्टम का अड़ंगा, शिक्षा निदेशक नेसभी सीईओ को दिए निर्देश
घर-घर जाकर भी कर सकते हैं सत्यापन
                                
                
                
                                
                                
                                                                                                               
                                                    
                            
                                 
                                
                               
                                                
                                                                 
                
                                
                
                
                                
                                
                                                                                                               
                                                    
                            
                                 
                                
                               
                                                
                                                                 
                
                                
                
                
                                
                                
                                                                                                               
                                                    
                            
                                 
                                
                               
                                                
                                                                 
                
                                
                
                
                                
                                
                                                                                                               
                                                    
                            
                                 
                                
                               
                                                
                                                                 
                बीएलओ या अन्य प्राधिकृत अधिकारी मौके पर जाकर या घर-घर जाकर भी सत्यापन करेंगे कि संबंधित मतदाता वास्तव में उस पते पर निवास करता है या नहीं। ईआरओ आपत्तिकर्ता और मतदाता दोनों पक्षों के साक्ष्य, दस्तावेज और बीएलओ की रिपोर्ट की समीक्षा करने के बाद अपना निर्णय लेंगे। यदि आपत्ति सही पाई जाती है तो उस मतदाता का नाम वोटर लिस्ट से हटा दिया जाएगा। यदि आपत्ति आधारहीन या गलत साबित हुई तो मतदाता का नाम सूची में रहेगा।",hi,8/13/26 2:28,8/14/26 11:13,,health_education,uttarakhand|उत्तराखंड,trafilatura,424
374e2a487338e439f2d5a4a5a51e9fe358359cbb,https://hindi.news18.com/news/nation/aaj-ka-mausam-live-delhi-ncr-up-bihar-mp-haryana-heavy-rain-storm-imd-alert-16-states-today-weather-local18-10744139.html,https://hindi.news18.com/news/nation/aaj-ka-mausam-live-delhi-ncr-up-bihar-mp-haryana-heavy-rain-storm-imd-alert-16-states-today-weather-local18-10744139.html,news18_hindi_uttarakhand,News18 Hindi,rss,"Aaj Ka Mausam: दिल्ली-UP से बिहार तक बारिश का तांडव, 16 राज्यों का फिर बिगड़ेगा मौसम, IMD का अलर्ट","Aaj Ka Mausam Live: देश में मानसून का असर एक बार फिर तेज हो गया है. मौसम विभाग (IMD) ने 13 अगस्त को दिल्ली, उत्तर प्रदेश, बिहार, राजस्थान, मध्य प्रदेश, झारखंड, पश्चिम बंगाल समेत 16 राज्यों में भारी बारिश और आंधी का अलर्ट जारी किया है. कुछ इलाकों में तेज हवाओं की रफ्तार 80 किलोमीटर प्रति घंटे तक पहुंच सकती है. पहाड़ी राज्यों में भारी बारिश के कारण भूस्खलन का खतरा बढ़ सकता है. उत्तराखंड, हिमाचल प्रदेश और जम्मू-कश्मीर में यात्रा के दौरान विशेष सावधानी बरतने की जरूरत है. पूर्वोत्तर में असम पहले से बाढ़ की चुनौती झेल रहा है. धनसिरी और कुशियारा नदियां खतरे के निशान से ऊपर बह रही हैं. इस खबर में जानिए दिल्ली-UP से बिहार और राजस्थान से लेकर पहाड़ों तक 13 अगस्त का पूरा मौसम अपडेट.",,hi,8/13/26 2:24,8/14/26 11:13,,environment_disaster,उत्तराखंड,,0
43b2d4344cf4c8fe3ade4810b167f56a1aa259cf,https://www.amarujala.com/dehradun/chamoli-landslide-in-under-construction-tunnel-of-vishnuga-pipalkoti-hydroelectric-project-many-workers-injure-2026-08-13,https://amarujala.com/dehradun/chamoli-landslide-in-under-construction-tunnel-of-vishnuga-pipalkoti-hydroelectric-project-many-workers-injure-2026-08-13,amar_ujala_uttarakhand,Amar Ujala,rss,Uttarakhand: चमोली में बड़ा हादसा; THDC की निर्माणाधीन टनल में अचानक हुआ भूस्खलन; सात मजदूरों की मौत,उत्तराखंड के चमोली जिले में देर शाम बड़ा हादसा हो गया। अलकनंदा नदी पर निर्माणाधीन विष्णुगाड-पीपलकोटी जल विद्युत परियोजना की टीआरटी (टेल रेस टनल) में बृहस्पतिवार शाम सरिया वेल्डिंग के दौरान भारी भूस्खलन होने से कई मजदूर घायल हो गए।,"Uttarakhand: चमोली में बड़ा हादसा; THDC की निर्माणाधीन टनल में अचानक हुआ भूस्खलन; सात मजदूरों की मौत
Chamoli News: विष्णुगाड–पीपलकोटी जल विद्युत परियोजना की निर्माणाधीन टनल में अचानक भारी मात्रा में मलबा और पानी आ गया। जिससे वहां काम कर रहे मजदूर अंदर ही फंस गए।
खबरें लगातार पढ़ने के लिए अमर उजाला एप डाउनलोड करें
या 
 वेबसाइट पर पढ़ना जारी रखने के लिए वीडियो विज्ञापन देखें
अगर आपके पास प्रीमियम मेंबरशिप है तो
विस्तार
उत्तराखंड के चमोली जिले में देर शाम बड़ा हादसा हो गया। अलकनंदा नदी पर निर्माणाधीन विष्णुगाड-पीपलकोटी जल विद्युत परियोजना की टीआरटी (टेल रेस टनल) में बृहस्पतिवार शाम सरिया वेल्डिंग के दौरान भारी भूस्खलन होने से कई मजदूर घायल हो गए। जानकारी के अनुसार, टनल में 22 मजदूर फंसे थे। जिसमें से 19 मजदूर निकाल लिए गए हैं। इनमें से सात की मौत हो चुकी है। 11 जिला अस्पताल में भर्ती हैं। एक पीपलकोटी विवेकानंद धर्मार्थ अस्पताल में भर्ती है और एक को रेफर किया गया है। अभी भी तीन मजदूरों की तलाश जारी है। वहीं, आज मुख्यमंत्री धामी पीपलकोटी हादसा स्थल का दौरा करेंगे।
हादसा शाम करीब छह बजकर 10 मिनट पर हुआ। जिस स्थान पर मजदूर काम कर रहे थे, वहां से करीब 150 मीटर दूर हुए भूस्खलन के बाद पानी के साथ पत्थर और मलबा टनल के अंदर घुस गया, जिसकी चपेट में कई मजदूर आ गए। सूचना मिलते ही जिला प्रशासन, पुलिस, एसडीआरएफ, एनडीआरएफ, आईटीबीपी, सेना और अन्य संबंधित टीमें मौके पर पहुंचीं और रेस्क्यू अभियान शुरू किया। रात करीब नौ बजे तक 13 मजदूरों को घायल अवस्था में टनल से बाहर निकालकर जिला अस्पताल गोपेश्वर पहुंचाया गया। कुछ मजदूरों के मलबे में दबे होने की आशंका है।
Dehradun: दर्दनाक हादसा; बेकाबू ट्रक एक्सप्रेस-वे के पराफिट से टकराकर मजदूर पर पलटा, मौके पर हुई मौत
क्या है टीआरटी
टीआरटी यानी टेल रेस टनल जल विद्युत परियोजना की महत्वपूर्ण भूमिगत सुरंग होती है। टरबाइन से बिजली उत्पादन के बाद इस्तेमाल किए गए पानी को पावरहाउस से बाहर निकालकर मुख्य नदी में प्रवाहित करने का काम इसी सुरंग से किया जाता है। पीपलकोटी परियोजना में टीआरटी की लंबाई करीब ढाई किलोमीटर है।
पिछले साल इसी परियोजना में हुआ था लोको ट्रेन हादसा, 60 लोग हुए थे घायल
टीएचडीसी की इसी निर्माणाधीन जल विद्युत परियोजना में पिछले साल 31 दिसंबर की देर रात सुरंग के अंदर दो लोको ट्रेनें आपस में टकरा गईं। हादसे में करीब 60 अधिकारी, कर्मचारी और मजदूर घायल हुए थे। हादसे के समय सुरंग में 100 से अधिक लोग काम कर रहे थे। घायलों को अस्पताल पहुंचाया गया। दुर्घटना के बाद सुरंग में लंबे समय तक निर्माण कार्य रोक दिया गया था।
                                                                                                                                 
                                                
                                                                                                                                 
                                                
                                                                                                                                 
                                                
                                                                                                                                 
                                                
                                                                                                                                 
                                                
                                                                                                                                 
                                                
                                                                                                                                                                                                                                                                            
सीएम ने राहत और बचाव कार्य युद्धस्तर पर चलाने के दिए निर्देश
मुख्यमंत्री पुष्कर सिंह धामी ने चमोली के पीपलकोटी स्थित टीएचडीसी टनल के भीतर मलबा व पानी आने की घटना पर गहरी चिंता व्यक्त करते हुए राहत एवं बचाव कार्यों को युद्धस्तर पर संचालित करने के निर्देश दिए हैं।
                                                                                                                                 
                                                
                                                                                                                                 
                                                
                                                                                                                                 
                                                
                                                                                                                                 
                                                
                                                                                                                                 
                                                
                                                                                                                                 
                                                
                                                                                                                                 
                                                मुख्यमंत्री ने कहा कि घटना की गंभीरता को देखते हुए राष्ट्रीय आपदा मोचन बल व राज्य आपदा प्रतिवादन बल की टीमों को तत्काल घटनास्थल पर भेज दिया गया है। जिला प्रशासन सहित सभी संबंधित विभागों एवं एजेंसियों को समन्वय के साथ त्वरित राहत एवं बचाव अभियान चलाने के निर्देश दिए गए हैं। मुख्यमंत्री धामी ने कहा कि वे स्वयं वरिष्ठ अधिकारियों से निरंतर संपर्क में हैं, स्थिति की पल-पल की जानकारी प्राप्त कर रहे हैं। उन्होंने स्पष्ट किया कि सरकार की सर्वोच्च प्राथमिकता टनल में फंसे प्रत्येक व्यक्ति को सुरक्षित बाहर निकालना है और इस दिशा में सभी आवश्यक संसाधन लगाए गए हैं।
                                                                                                                                 
                                                
                                                                                                                                 
                                                
                                                                                                                                 
                                                
                                                                                                                                 
                                                
                                                                                                                                 
                                                
                                                                                                                                 
                                                
                                                                                                                                 
                                                अधिकारियों को निर्देश दिए हैं कि राहत एवं बचाव कार्यों में किसी प्रकार की शिथिलता न बरती जाए व प्रभावित लोगों और उनके परिजनों को हरसंभव सहायता उपलब्ध कराई जाए। घटना की गंभीरता को देखते हुए सेना, आईटीबीपी, एनडीआरएफ एवं एसडीआरएफ की टीमें घटनास्थल के लिए रवाना हो चुकी हैं।
Get all India News in Hindi related to live update of politics, sports, entertainment, technology and education etc. Stay updated with us for all breaking news from India News and more news in Hindi.",hi,8/13/26 2:18,8/14/26 11:13,Dehradun|Chamoli,infrastructure|environment_disaster|health_education|politics_governance,uttarakhand|उत्तराखंड|धामी|पुष्कर सिंह धामी|मुख्यमंत्री,trafilatura,668
a5687851af4018c33f3a150a4fbd3bb3b07a1649,https://www.amarujala.com/dehradun/uttarakhand-first-girls-sainik-school-proposal-stuck-education-department-issued-fresh-instructions-2026-08-13,https://amarujala.com/dehradun/uttarakhand-first-girls-sainik-school-proposal-stuck-education-department-issued-fresh-instructions-2026-08-13,amar_ujala_uttarakhand,Amar Ujala,rss,"Uttarakhand: बेटियों का पहला सैनिक स्कूल खोलने में सिस्टम का अड़ंगा, शिक्षा निदेशक ने सभी सीईओ को दिए निर्देश",सैन्य बहुल प्रदेश उत्तराखंड में बेटियों की सेना में भागीदारी बढ़ाने के लिए बालिका सैनिक स्कूल खोलने का प्रस्ताव था।,"Uttarakhand: बेटियों का पहला सैनिक स्कूल खोलने में सिस्टम का अड़ंगा, शिक्षा निदेशक ने सभी सीईओ को दिए निर्देश
सैन्य परंपरा के लिए पहचाने जाने वाले उत्तराखंड में बेटियों को भी सैन्य शिक्षा से जोड़ने की पहल फिलहाल अटकी हुई है। बालिकाओं के लिए पहला सैनिक स्कूल खोलने का प्रस्ताव लंबे समय से लंबित है। अब शिक्षा विभाग ने मामले को आगे बढ़ाने के लिए अधिकारियों को नए सिरे से निर्देश जारी किए हैं।
खबरें लगातार पढ़ने के लिए अमर उजाला एप डाउनलोड करें
या 
 वेबसाइट पर पढ़ना जारी रखने के लिए वीडियो विज्ञापन देखें
अगर आपके पास प्रीमियम मेंबरशिप है तो
विस्तार
सैन्य बहुल प्रदेश उत्तराखंड में बेटियों की सेना में भागीदारी बढ़ाने के लिए बालिका सैनिक स्कूल खोलने का प्रस्ताव था। इस संबंध में शिक्षा मंत्री धन सिंह रावत ने निर्देश भी दिए थे। इसके बावजूद सिस्टम ने इस प्रस्ताव को अब तक लटका रखा है। जिससे बेटियों के लिए पहला सैनिक स्कूल नहीं खुल पा रहा है। यदि यह स्कूल खुल जाता तो बेटियों को सैन्य शिक्षा के अधिक अवसर मिलते। अब माध्यमिक शिक्षा निदेशक ने इस मामले में कार्रवाई के निर्देश जारी किए हैं। उन्होंने सभी मुख्य शिक्षा अधिकारियों को इस संबंध में आवश्यक कदम उठाने के लिए कहा है।
प्रदेश के शिक्षा मंत्री डाॅ. धन सिंह रावत ने एक जुलाई 2022 को सचिव विद्यालयी शिक्षा को इसके लिए प्रस्ताव तैयार करने के लिखित में निर्देश दिए थे। जिस पर 11 जुलाई 2022 को शासन ने शिक्षा महानिदेशक विद्यालयी शिक्षा को पत्र लिखकर राज्य में बालिका सैनिक स्कूल की स्थापना के लिए सुस्पष्ट प्रस्ताव मांगा लेकिन शिक्षा मंत्री और शासन के आदेश के बाद भी शिक्षा महानिदेशालय से इसके लिए प्रस्ताव तैयार कर शासन को नहीं भेजा गया।
हैरानी की बात यह है कि इस प्रकरण के अब चार साल बाद माध्यमिक शिक्षा निदेशक विनोद प्रसाद सिमल्टी ने सभी मुख्य शिक्षा अधिकारियों को बालिका एवं अन्य सैनिक स्कूलों की स्थापना के लिए कार्रवाई के लिए निर्देश दिए हैं। शिक्षा निदेशक ने 21 जुलाई 2026 को दिए निर्देश में कहा है कि शासन ने इस मामले में जिले की आवश्यकता के अनुरूप कार्रवाई की अपेक्षा की है।
राज्यकर विभाग से सेवानिवृत्त ज्वाइंट कमिश्नर एसपी नौटियाल बताते हैं कि उत्तराखंड में बालिका सैनिक स्कूल खोलने के मामले में जिस तरह से शासन और विभाग पिछले कुछ वर्षों से प्रस्ताव-प्रस्ताव खेल रहा है। इससे उसकी गंभीरता का अंदाजा लगाया जा सकता है। वह बताते हैं कि बेटियां हर क्षेत्र में बराबरी की ओर बढ़ रही हैं इसके बावजूद सेना में अफसर बेटियां चार प्रतिशत से कम हैं। यदि बालिका सैनिक स्कूल उत्तराखंड में खुलता तो इससे बेटियों की सेना में भागीदारी बढ़ती।
आईएमए के इतिहास में इस साल जुड़ा स्वर्णिम अध्याय
भारतीय सैन्य अकादमी से इस साल जून में 515 कैडेट पास आउट हुए। इसमें 481 भारतीय और 34 विदेशी कैडेट शामिल थे। खास बात यह थी कि इस साल कड़े नियमित प्रशिक्षण को पूरा कर पहली बार नौ महिला कैडेट युवा सैन्य अधिकारी के रूप में भारतीय सेना का हिस्सा बनीं।
ये भी पढ़ें...Char Dham Yatra: 15 सितंबर से केदारनाथ हेली सेवा फिर शुरू करने की तैयारी, कल की दिल्ली बैठक में होगा फैसला
चार साल बाद अब हो रही जगह की तलाश
माध्यमिक शिक्षा निदेशक विनोद प्रसाद सिमल्टी के मुताबिक निदेशालय को शासन से एक पत्र मिला है। जिस पर सभी जिलों के मुख्य शिक्षा अधिकारियों को जिले की आवश्यकता के अनुरूप प्रस्ताव तैयार करने के निर्देश दिए हैं। बालिका सैनिक स्कूल एवं अन्य सैनिक स्कूलों के संबंध में प्रस्ताव मिलने पर इसे शासन को भेजा जाएगा।",hi,8/13/26 2:00,8/14/26 11:13,Rudraprayag,protest_agitation|health_education|tourism_religion,uttarakhand|उत्तराखंड,trafilatura,580
9a6e52f039c9a6d6fafcad533233f65c887cf2eb,https://www.amarujala.com/video/dehradun/video-uttarakhand-spell-of-rain-in-the-state-from-august-14-to-17-orange-alert-for-three-districts-including-dehradun-2026-08-13,https://amarujala.com/video/dehradun/video-uttarakhand-spell-of-rain-in-the-state-from-august-14-to-17-orange-alert-for-three-districts-including-dehradun-2026-08-13,amar_ujala_dehradun,Amar Ujala,rss,"Uttarakhand: 14 से 17 अगस्त तक प्रदेश में बारिश का दौर, देहरादून समेत तीन जिलों में ऑरेंज अलर्ट","Uttarakhand: 14 से 17 अगस्त तक प्रदेश में बारिश का दौर, देहरादून समेत तीन जिलों में ऑरेंज अलर्ट","Hindi News
›
Video
›
Uttarakhand
›
Dehradun News
›
Uttarakhand Spell of rain in the state from August 14 to 17 Orange Alert for three districts including Dehradun
{""_id"":""6a7dcaf03706b7227308360d"",""slug"":""video-uttarakhand-spell-of-rain-in-the-state-from-august-14-to-17-orange-alert-for-three-districts-including-dehradun-2026-08-13"",""type"":""video"",""status"":""publish"",""title_hn"":""Uttarakhand: 14 से 17 अगस्त तक प्रदेश में बारिश का दौर, देहरादून समेत तीन जिलों में ऑरेंज अलर्ट"",""category"":{""title"":""City & states"",""title_hn"":""शहर और राज्य"",""slug"":""city-and-states""}}
Uttarakhand: 14 से 17 अगस्त तक प्रदेश में बारिश का दौर, देहरादून समेत तीन जिलों में ऑरेंज अलर्ट
देहरादून। मौसम विभाग के अनुसार उत्तराखंड में आगामी 14 से 17 अगस्त तक प्रदेशभर में हल्की से मध्यम बारिश होने की संभावना है। मौसम निदेशक डॉ. सी.एस. तोमर ने बताया कि देहरादून, बागेश्वर और नैनीताल में भारी से बहुत भारी बारिश की संभावना को देखते हुए ऑरेंज अलर्ट जारी किया गया है।
वहीं, प्रदेश के अन्य जनपदों में हल्की बारिश की संभावना को देखते हुए येलो अलर्ट जारी किया गया है। मौसम विभाग ने लोगों से मौसम की स्थिति पर नजर रखने और बारिश के दौरान आवश्यक सावधानी बरतने की अपील की है।
जिला प्रशासन ने संबंधित विभागों को भी मौसम के पूर्वानुमान को देखते हुए सतर्क रहने तथा संवेदनशील क्षेत्रों में विशेष निगरानी बनाए रखने की आवश्यकता है।
एड फ्री अनुभव के लिए अमर उजाला प्रीमियम सब्सक्राइब करें
अमर उजाला प्रीमियम वीडियो सिर्फ सब्सक्राइबर्स के लिए उपलब्ध है
प्रीमियम वीडियो
सभी विशेष आलेख
फ्री इ-पेपर
सब्सक्राइब करें
Next Article
Disclaimer
हम डाटा संग्रह टूल्स, जैसे की कुकीज के माध्यम से आपकी जानकारी एकत्र करते हैं ताकि आपको बेहतर और व्यक्तिगत अनुभव प्रदान कर सकें और लक्षित विज्ञापन पेश कर सकें। अगर आप साइन-अप करते हैं, तो हम आपका ईमेल पता, फोन नंबर और अन्य विवरण पूरी तरह सुरक्षित तरीके से स्टोर करते हैं। आप कुकीज नीति पृष्ठ से अपनी कुकीज हटा सकते है और रजिस्टर्ड यूजर अपने प्रोफाइल पेज से अपना व्यक्तिगत डाटा हटा या एक्सपोर्ट कर सकते हैं। हमारी Cookies Policy, Privacy Policy और Terms & Conditions के बारे में पढ़ें और अपनी सहमति देने के लिए Agree पर क्लिक करें।",hi,8/13/26 1:47,8/14/26 11:13,Dehradun|Nainital|Bageshwar,environment_disaster|politics_governance,uttarakhand|उत्तराखंड,trafilatura,322
458c90f8dbcd39835fef81619e3db11fd4813e2f,https://www.amarujala.com/dehradun/independence-day-2026-har-ghar-tiranga-campaign-cm-dhami-proudly-hoisted-tricolour-at-chief-minister-residence-2026-08-13,https://amarujala.com/dehradun/independence-day-2026-har-ghar-tiranga-campaign-cm-dhami-proudly-hoisted-tricolour-at-chief-minister-residence-2026-08-13,amar_ujala_uttarakhand,Amar Ujala,rss,"Har Ghar Tiranga: सीएम धामी ने अपने आवास पर फहराया तिरंगा, प्रदेशवासियों से अभियान में शामिल होने का आह्वान","मुख्यमंत्री श्री पुष्कर सिंह धामी ने आज अपने शासकीय आवास, मुख्यमंत्री आवास में तिरंगा लगाकर ‘हर घर तिरंगा’ अभियान का संदेश दिया।","{""_id"":""6a7dc5bc6e6694940d0d6dab"",""slug"":""independence-day-2026-har-ghar-tiranga-campaign-cm-dhami-proudly-hoisted-tricolour-at-chief-minister-residence-2026-08-13"",""type"":""story"",""status"":""publish"",""title_hn"":""Har Ghar Tiranga: सीएम धामी ने अपने आवास पर फहराया तिरंगा, प्रदेशवासियों से अभियान में शामिल होने का आह्वान"",""category"":{""title"":""City & states"",""title_hn"":""शहर और राज्य"",""slug"":""city-and-states""}}

Har Ghar Tiranga: सीएम धामी ने अपने आवास पर फहराया तिरंगा, प्रदेशवासियों से अभियान में शामिल होने का आह्वान

अमर उजाला ब्यूरो, देहरादून Published by: Alka Tyagi Updated Thu, 13 Aug 2026 07:02 PM IST

सार

मुख्यमंत्री धामी ने कहा कि ‘हर घर तिरंगा’ अभियान केवल एक कार्यक्रम नहीं, बल्कि राष्ट्र के प्रति समर्पण, एकता और गौरव की भावना का उत्सव है।

विज्ञापन

खबरें लगातार पढ़ने के लिए अमर उजाला एप डाउनलोड करें

या

वेबसाइट पर पढ़ना जारी रखने के लिए वीडियो विज्ञापन देखें

अगर आपके पास प्रीमियम मेंबरशिप है तो

विस्तार

मुख्यमंत्री पुष्कर सिंह धामी ने आज मुख्यमंत्री आवास में तिरंगा लगाकर ‘हर घर तिरंगा’ अभियान का संदेश दिया। इस अवसर पर मुख्यमंत्री ने प्रदेशवासियों से राष्ट्रध्वज के सम्मान और देशभक्ति की भावना के साथ अपने-अपने घरों, प्रतिष्ठानों एवं सार्वजनिक स्थलों पर तिरंगा फहराने का आह्वान किया।

विज्ञापन

मुख्यमंत्री धामी ने कहा कि ‘हर घर तिरंगा’ अभियान केवल एक कार्यक्रम नहीं, बल्कि राष्ट्र के प्रति समर्पण, एकता और गौरव की भावना का उत्सव है। तिरंगा देश की अस्मिता, स्वाभिमान, त्याग और बलिदान का प्रतीक है। प्रत्येक नागरिक का कर्तव्य है कि वह राष्ट्रध्वज के सम्मान को सर्वोच्च प्राथमिकता दे।

विज्ञापन

उन्होंने कहा कि प्रधानमंत्री नरेंद्र मोदी के आह्वान पर प्रारंभ हुआ ‘हर घर तिरंगा’ अभियान आज जन-जन का अभियान बन चुका है। यह अभियान प्रत्येक नागरिक को राष्ट्र निर्माण की भावना से जोड़ने का माध्यम है। उत्तराखंड की वीरभूमि ने देश की रक्षा और सेवा में सदैव अग्रणी भूमिका निभाई है। ऐसे में प्रदेश का प्रत्येक परिवार इस अभियान में उत्साहपूर्वक भाग लेकर राष्ट्रभक्ति की गौरवशाली परंपरा को और सशक्त बनाए।

विज्ञापन

विज्ञापन

Uttarakhand: एसआईआर के तहत कल से शुरू होगा अगला पड़ाव, नोटिस पाने वाले मतदाताओं को देना होगा जवाब

मुख्यमंत्री धामी ने प्रदेशवासियों से अपील की कि वे अपने घरों पर तिरंगा अवश्य लगाएं और राष्ट्रध्वज संहिता का पालन करें। साथ ही, अपने परिवार, बच्चों और युवाओं को भी तिरंगे के सम्मान तथा राष्ट्रप्रेम के संस्कारों से जोड़ें।

उन्होंने कहा कि सभी मिलकर ‘हर घर तिरंगा’ अभियान को जनआंदोलन का स्वरूप दें और तिरंगे के सम्मान के साथ राष्ट्र की एकता, अखंडता एवं गौरव को और अधिक सुदृढ़ करें।

विज्ञापन

विज्ञापन",hi,8/13/26 1:32,8/14/26 11:13,Dehradun,protest_agitation|politics_governance,dhami|uttarakhand|उत्तराखंड|धामी|पुष्कर सिंह धामी|मुख्यमंत्री,newspaper4k,377
c89587e6fe16e42096955caac3a478ca2eaf3f41,https://hindi.news18.com/news/uttarakhand/dehradun-girl-student-tell-story-about-bribery-in-game-after-share-full-video-and-give-clearification-10744172.html,https://hindi.news18.com/news/uttarakhand/dehradun-girl-student-tell-story-about-bribery-in-game-after-share-full-video-and-give-clearification-10744172.html,news18_hindi_uttarakhand,News18 Hindi,rss,"सर, मुझसे डेढ़ लाख रुपये मांगा गया... जब CM धामी के सामने छात्रा ने कही ये बात, फिर दी सफाई",Uttarakhand Viral Girl Video: उत्तराखंड के मुख्यमंत्री पुष्कर सिंह धामी के सामने एक छात्रा ने गेम में पैसे मांगने की कहानी सुनाई. हालांकि इसके बाद छात्रा ने पूरे मामले पर वीडियो के जरिए सफाई दी है. वहीं विपक्ष ने छात्रा के वीडियो को जमकर शेयर किया है.,,hi,8/13/26 1:17,8/14/26 11:13,,protest_agitation|politics_governance,uttarakhand|उत्तराखंड|धामी|पुष्कर सिंह धामी|मुख्यमंत्री,,0
8c5c584bd3dc05501d7b8a906689b3effebd4f05,https://www.amarujala.com/dehradun/tehri-budhakedar-nath-dham-gets-a-new-rawal-yogi-ravindra-nath-ascends-seat-following-2026-08-13,https://amarujala.com/dehradun/tehri-budhakedar-nath-dham-gets-a-new-rawal-yogi-ravindra-nath-ascends-seat-following-2026-08-13,amar_ujala_uttarakhand,Amar Ujala,rss,"Tehri: बूढ़ाकेदार नाथ धाम को मिले नए रावल, विधिवत दीक्षा-पूजा के बाद योगी रविंद्र नाथ गद्दी पर हुए विराजमान","बूढ़ाकेदार नाथ धाम के नवनियुक्त रावल योगी रविंद्र नाथ गुरुवार को विधिवत दीक्षा, पूजा-अर्चना और धार्मिक अनुष्ठानों के बाद रावल गद्दी पर विराजमान हुए। उनके बूढ़ाकेदार पहुंचने पर श्रद्धालुओं और स्थानीय लोगों ने पुष्प अर्पित कर भव्य स्वागत किया।","{""_id"":""6a7db105d2a55b1a37073914"",""slug"":""tehri-budhakedar-nath-dham-gets-a-new-rawal-yogi-ravindra-nath-ascends-seat-following-2026-08-13"",""type"":""story"",""status"":""publish"",""title_hn"":""Tehri: बूढ़ाकेदार नाथ धाम को मिले नए रावल, विधिवत दीक्षा-पूजा के बाद योगी रविंद्र नाथ गद्दी पर हुए विराजमान"",""category"":{""title"":""City & states"",""title_hn"":""शहर और राज्य"",""slug"":""city-and-states""}}

Tehri: बूढ़ाकेदार नाथ धाम को मिले नए रावल, विधिवत दीक्षा-पूजा के बाद योगी रविंद्र नाथ गद्दी पर हुए विराजमान

माई सिटी रिपोर्टर, देहरादून Published by: Alka Tyagi Updated Thu, 13 Aug 2026 05:31 PM IST

सार

26 मई को पूर्व रावल योगी अमरनाथ के ब्रह्मलीन होने के बाद 13 अगस्त को योगी रविंद्र नाथ को नए रावल के रूप में नियुक्त किया गया।

विज्ञापन

खबरें लगातार पढ़ने के लिए अमर उजाला एप डाउनलोड करें

या

वेबसाइट पर पढ़ना जारी रखने के लिए वीडियो विज्ञापन देखें

अगर आपके पास प्रीमियम मेंबरशिप है तो

विस्तार

बूढ़ाकेदार नाथ धाम के नवनियुक्त रावल योगी रविंद्र नाथ गुरुवार को विधिवत दीक्षा, पूजा-अर्चना और धार्मिक अनुष्ठानों के बाद रावल की गद्दी पर विराजमान हुए। उनके बूढ़ाकेदार पहुंचने पर श्रद्धालुओं और स्थानीय लोगों ने पुष्प अर्पित कर भव्य स्वागत किया।

विज्ञापन

बताते दें कि कि 26 मई को पूर्व रावल योगी अमरनाथ के ब्रह्मलीन होने के बाद 13 अगस्त को योगी रविंद्र नाथ को नए रावल के रूप में नियुक्त किया गया। रावल बनने की परंपरा में गुरु गोरखनाथ के संतों द्वारा विशेष साधना एवं दीक्षा कराई जाती है। इस प्रक्रिया में करीब 21 दिनों तक साधक को सिद्धि दिलाई जाती है और उसे पूरी तरह एकांत में रहकर साधना करनी होती है। इस दौरान वह परिवार और अन्य लोगों से भी अलग रहता है।

विज्ञापन

योगी रविंद्र नाथ की उम्र करीब 35 वर्ष है। वे स्वर्गीय वीरेंद्र नाथ के पुत्र हैं। रावल बनने से पहले वह सिंगापुर के एक होटल में कार्यरत थे। धार्मिक परंपरा के अनुसार रावल बनने की प्रक्रिया अचानक और बाबा बूढ़ाकेदार की कृपा से पूरी होती है।

विज्ञापन

विज्ञापन

मंदिर समिति के अध्यक्ष भूपेंद्र सिंह नेगी ने कहा कि यह जिसे रावल बनना होता है, उसे भी पहले से इसकी जानकारी नहीं होती, लेकिन करीब 21 दिन पहले परिस्थितियां अचानक बदलती हैं और पूरी प्रक्रिया शुरू हो जाती है।

नवनियुक्त रावल योगी रविंद्र नाथ के गद्दी पर विराजमान होने के अवसर पर मंदिर परिसर में श्रद्धालुओं में उत्साह देखने को मिला।

विज्ञापन

विज्ञापन",hi,8/13/26 0:01,8/14/26 11:13,Dehradun|Tehri Garhwal,tourism_religion,,newspaper4k,354
93578aaa4534165d02a2fb71b1969b158941d16d,https://www.amarujala.com/dehradun/dehradun-accident-uncontrolled-truck-runs-over-youth-head-severed-from-torso-due-to-by-sudden-brake-failu-2026-08-13,https://amarujala.com/dehradun/dehradun-accident-uncontrolled-truck-runs-over-youth-head-severed-from-torso-due-to-by-sudden-brake-failu-2026-08-13,amar_ujala_uttarakhand,Amar Ujala,rss,"Dehradun: दर्दनाक हादसा; बेकाबू ट्रक एक्सप्रेस-वे के पराफिट से टकराकर मजदूर पर पलटा, मौके पर हुई मौत",राजधानी देहरादून में आज दर्दनाक हादसा हो  गया। एक बेकाबू ट्रक ने युवक को कुचल दिया। हादसा इतना भयानक था कि युवक का सिर धड़ से अलग हा गया। बताया जा रहा है कि अचानक ब्रेक फेल होने के कारण हादसा हुआ है।,"Dehradun: दर्दनाक हादसा; बेकाबू ट्रक एक्सप्रेस-वे के पराफिट से टकराकर मजदूर पर पलटा, मौके पर हुई मौत
Dehradun Accident News: ट्रक देहरादून की तरफ आ रहा था। इस दौरान ट्रक बेकाबू होकर एक्सप्रवे के पराफिट से टकराकर सड़क पर काम कर रहे मजदूर पर पलट गया।
खबरें लगातार पढ़ने के लिए अमर उजाला एप डाउनलोड करें
या 
 वेबसाइट पर पढ़ना जारी रखने के लिए वीडियो विज्ञापन देखें
अगर आपके पास प्रीमियम मेंबरशिप है तो
विस्तार
राजधानी देहरादून के मोहब्बेवाला क्षेत्र में बृहस्पतिवार को एक बार फिर बड़ा हादसा हो गया। एक्सप्रेसवे के ढलान पर आ रहा कंटेनर अचानक बेकाबू होकर पैराफिट से टकराकर सड़क किनारे सफाई कर रहे मजदूर पर पलट गया। उत्तर प्रदेश के बांदा निवासी मजदूर महेश की मौके पर ही मौत हो गई। पुलिस ने मृतक के परिजनों को सूचना दी है। उनके आने के बाद शव का पोस्टमार्टम कराया जाएगा। चालक मौके से भाग निकला जिसकी पुलिस तलाश कर रही है।
एसओ क्लेमेंटटाउन मोहन सिंह ने बताया कि हादसा बृहस्पतिवार सुबह करीब 10 बजे हुआ था। पुलिस को सूचना मिली थी कि आरटीओ चेकपोस्ट से करीब डेढ़ सौ मीटर पहले एक कंटेनर पलटा हुआ है। उसके नीचे एक व्यक्ति भी दबा है। पुलिस मौके पर पहुंची तो कंटेनर का चालक वहां नहीं था। पुलिस ने मौके पर क्रेन बुलवाकर कंटेनर को सीधा कराया तो देखा कि नीचे दबे व्यक्ति की मौत हो चुकी थी। मृतक की पहचान उत्तर प्रदेश के बांदा जिले के गांव नंदूपुर निवासी महेश के रूप में हुई है।
Mussoorie: सड़क किनारे खड़े वाहन के अंदर मिला 21 साल के युवक का शव, रास्ते से गुजरने के दौरान भाई ने देखा
मृतक के साथियों ने बताया कि महेश यहां पर कंप्रेसर से सड़क किनारे सफाई कर रहा था। इसी दौरान तेजी से आता यह कंटेनर बेकाबू होकर पलट गया। एसओ ने बताया कि महेश के परिजन यहां नहीं थे। ऐसे में शव को कोरोनेशन अस्पताल की मोर्चरी में रखवाया गया है। परिजनों के आने के बाद पोस्टमार्टम कराया जाएगा। कंटेनर को मौके से हटाकर आशारोड़ी चौकी परिसर में खड़ा किया गया है। चालक की तलाश की जा रही है।
रफ्तार पर नहीं हो पा रहा काबू, लगातार हो रहे हादसे
मोहब्बेवाला की ढलान पर बेकाबू होते ट्रकों की रफ्तार पर काबू नहीं पाया जा रहा है। इसका नतीजा आए दिन होने वाले हादसों के रूप में सामने आ रहा है। बीते दो वर्षों में इस क्षेत्र में एक दर्जन से अधिक हादसे केवल ट्रकों के बेकाबू होने से हुए हैं। इनमें कोई ट्रक बेकाबू होकर किसी प्रतिष्ठान में घुस गया तो कभी वाहनों को टक्कर मार दी। हादसों में कई लोगों की जान भी चली गईं। इस ढलान पर होने वाले इन हादसों रोकने के लिए कई बार बैठकें और दिशा निर्देश जारी हुए लेकिन धरातल पर कोई प्लान उतर ही नहीं सका।
                                                                                                                                 
                                                
                                                                                                                                 
                                                
                                                                                                                                 
                                                
                                                                                                                                 
                                                
                                                                                                                                 
                                                
                                                                                                                                 
                                                
                                                                                                                                 
                                                दरअसल, यह ढलान वर्षों से मुसीबत का सबब बनी है। एक्सप्रेस वे बनने के बाद यह ढलान और भी घातक हो गई है। सहारनपुर की ओर से तेज गति से आने वाले भारी वाहनों की गति अचानक और तेज हो जाती है। इससे कई बार चालक नियंत्रण खो देता है और कई हादसों में ब्रेक फेल होने जैसी बात सामने आई हैं। एक्सप्रेस वे के मुहाने पर स्पीड ब्रेकर और अन्य सुझाव भी दिए गए लेकिन कोई ठोस हल इसका आज तक नहीं निकल सका है। हालात ये हैं कि हादसे लगातार हो रहे हैं। अब बृहस्पतिवार को हुए हादसे में एक और जान चली गई।",hi,8/12/26 23:50,8/14/26 11:13,Dehradun,infrastructure|health_education,,trafilatura,566
61eb14cc8778ae1599c0b53267c7d67379df1aaf,https://hindi.news18.com/news/uttarakhand/dehradun-uttarakhand-aaj-ka-mausam-13-august-heavy-rain-yellow-alert-7-districts-including-dehradun-nainital-tehri-imd-warning-local18-10743740.html,https://hindi.news18.com/news/uttarakhand/dehradun-uttarakhand-aaj-ka-mausam-13-august-heavy-rain-yellow-alert-7-districts-including-dehradun-nainital-tehri-imd-warning-local18-10743740.html,news18_hindi_uttarakhand,News18 Hindi,rss,"उत्तराखंड मौसम: देहरादून-नैनीताल, टिहरी समेत 7 जिलों में झमाझम बारिश का येलो अलर्ट, 14 अगस्त से मचेगा भारी तबाही का गदर","Uttarakhand Aaj Ka Mausam 13 August: मौसम विभाग के अनुसार 13 अगस्त को उत्तराखंड के 7 जिलों देहरादून, टिहरी, चमोली, रुद्रप्रयाग, उत्तरकाशी, बागेश्वर और नैनीताल में बारिश का येलो अलर्ट जारी किया गया है. पर्वतीय जिलों में आकाशीय बिजली चमकने और तीव्र बौछारों की संभावना है, जबकि हरिद्वार व उधम सिंह नगर में हल्की से मध्यम बारिश होगी. चकराता, विकासनगर और रुद्रप्रयाग में आज धूप खिलने से राहत मिली, हालांकि पिथौरागढ़ में भूस्खलन से 15 सड़कें बंद हैं. 14 अगस्त से देहरादून, नैनीताल, बागेश्वर और पिथौरागढ़ में अत्यंत भारी बारिश का ऑरेंज अलर्ट है.",,hi,8/12/26 23:47,8/14/26 11:13,Dehradun|Haridwar|Nainital|Tehri Garhwal|Chamoli|Rudraprayag|Uttarkashi|Pithoragarh|Bageshwar,infrastructure|environment_disaster,uttarakhand|उत्तराखंड,,0
0108f0d63eb475444024c2c978271acd28533816,https://www.bhaskar.com/local/uttarakhand/nainital/news/uttarakhand-high-court-uksssc-recruitment-exam-dispute-nainital-138689804.html,https://bhaskar.com/local/uttarakhand/nainital/news/uttarakhand-high-court-uksssc-recruitment-exam-dispute-nainital-138689804.html,gnews_uksssc,Dainik Bhaskar,gnews,भर्ती परीक्षा में दो उत्तर: हाईकोर्ट ने आयोग व सरकार से चार सप्ताह में जवाब तलब किया,भर्ती परीक्षा में दो उत्तर: हाईकोर्ट ने आयोग व सरकार से चार सप्ताह में जवाब तलब किया  Dainik Bhaskar,"- Hindi News
- Local
- Uttarakhand
- Nainital
- Uttarakhand High Court Notices UKSSSC Over Recruitment Exam Controversy
भर्ती परीक्षा में दो उत्तर:हाईकोर्ट ने आयोग व सरकार से चार सप्ताह में जवाब तलब किया
- कॉपी लिंक
नैनीताल। उत्तराखंड हाई कोर्ट ने लेखपाल, पटवारी और वीडियो भर्ती परीक्षा (14 जून 2026 को संपन्न) में कई प्रश्नों के दो-दो उत्तर होने के मामले में दायर याचिकाओं पर सुनवाई की। न्यायमूर्ति पंकज पुरोहित की एकल पीठ ने राज्य अधीनस्थ चयन आयोग (UkSSSC) और राज्
सुनवाई के दौरान कोर्ट ने मौखिक टिप्पणी करते हुए कहा कि आयोग ऐसे प्रश्न क्यों पूछता है जिनके दो उत्तर होते हैं? प्रश्न पूछने से पहले आयोग को विशेषज्ञों की सलाह लेनी चाहिए। कोर्ट ने अपने आदेश में यह भी स्पष्ट किया कि जो भी चयन प्रक्रिया होगी, वह रिट याचिका के निर्णय के अधीन रहेगी।
यह याचिका टिहरी निवासी समधीर सिंह व कई अन्य अभ्यर्थियों ने दायर की है। याचिकाकर्ताओं के अनुसार, राज्य अधीनस्थ चयन आयोग (UkSSSC) ने वर्ष 2025 में लेखपाल, पटवारी और वीडियो भर्ती के लिए विज्ञापन जारी किया था। हालांकि, उस परीक्षा का पेपर लीक हो गया था।
पेपर लीक होने के बाद बोर्ड द्वारा इन्हीं पदों के लिए 14 जून 2026 को दोबारा परीक्षा आयोजित की गई। इस परीक्षा में कई प्रश्न ऐसे थे जिनके दोनों ही उत्तर सही थे। जब आयोग ने अपनी वेबसाइट पर आंसर-की अपलोड की और उस पर आपत्तियां मांगी गईं, तो याचिकाकर्ताओं की आपत्तियों को यह कहकर खारिज कर दिया गया कि बोर्ड की आंसर-की सही है और उनके उत्तर गलत हैं।
याचिकाकर्ताओं ने अपनी अर्जी में कहा है कि जब एक प्रश्न के दोनों उत्तर सही हैं, तो उन्हें इसका लाभ क्यों नहीं दिया गया। उन्होंने आयोग से यह स्पष्ट करने को कहा है कि कौन सा उत्तर ठीक है और यदि दोनों सही हैं तो उन्हें लाभ क्यों नहीं मिला। उन्होंने इस पूरे मामले की जांच की मांग की है।",hi,8/12/26 23:40,8/14/26 11:16,Nainital|Tehri Garhwal,recruitment_jobs|exam_paper_leak|investigation_justice|protest_agitation,UKSSSC|uttarakhand|उत्तराखंड,trafilatura,315
f4105b1cda9b03746bf951553deb6bc19ae0e750,https://www.amarujala.com/dehradun/uttarakhand-news-number-of-lakhpati-didis-crosses-the-3-lakh-mark-now-2026-08-13,https://amarujala.com/dehradun/uttarakhand-news-number-of-lakhpati-didis-crosses-the-3-lakh-mark-now-2026-08-13,amar_ujala_uttarakhand,Amar Ujala,rss,Uttarakhand: प्रदेश में लखपति दीदी का आंकड़ा तीन लाख पार; इस वर्ष 1.12 लाख महिलाओं को जोड़ने का लक्ष्य,उत्तराखंड में लखपति दीदियों की संख्या तीन लाख तीन हजार के आंकड़े को पार कर चुकी है। अब वित्तीय वर्ष 2026-27 में एक लाख 12 हजार महिलाओं को लखपति दीदी बनाने के लक्ष्य को निर्धारित किया गया है।,"Uttarakhand: प्रदेश में लखपति दीदी का आंकड़ा तीन लाख पार; इस वर्ष 1.12 लाख महिलाओं को जोड़ने का लक्ष्य
धामी सरकार नें उत्तराखंड राज्य ग्रामीण आजीविका मिशन के तहत नारी सशक्तीकरण और ग्रामीण अर्थव्यवस्था को मजबूती देने के लिए अनेक महत्वपूर्ण योजनाएं लागू की हैं।
खबरें लगातार पढ़ने के लिए अमर उजाला एप डाउनलोड करें
या 
 वेबसाइट पर पढ़ना जारी रखने के लिए वीडियो विज्ञापन देखें
अगर आपके पास प्रीमियम मेंबरशिप है तो
विस्तार
उत्तराखंड में लखपति दीदियों की संख्या तीन लाख तीन हजार के आंकड़े को पार कर चुकी है। अब वित्तीय वर्ष 2026-27 में एक लाख 12 हजार महिलाओं को लखपति दीदी बनाने के लक्ष्य को निर्धारित किया गया है।
धामी सरकार नें उत्तराखंड राज्य ग्रामीण आजीविका मिशन के तहत नारी सशक्तीकरण और ग्रामीण अर्थव्यवस्था को मजबूती देने के लिए अनेक महत्वपूर्ण योजनाएं लागू की हैं। इसी के तहत नवंबर 2022 से लखपति दीदी योजना शुरू की गई है। धामी सरकार की दृढ़ इच्छाशक्ति और मजबूत इरादों से यह योजना साल दर साल नया रिकॉर्ड कायम कर रही है।
जो भी सालाना लक्ष्य रखा गया, निर्धारित अवधि से पहले ही हासिल कर लिया गया। वित्तीय वर्ष 2025-26 तक तीन लाख तीन हजार 696 महिलाएं लखपति दीदी बन चुकी हैं। इन महिलाओं ने अपनी वार्षिक आय एक लाख रुपये से अधिक पहुंचाकर आत्मनिर्भरता की शानदार मिसाल पेश की है।
बदरीनाथ चढ़ावा चोरी प्रकरण: आरोपी नौटियाल की मां ने आरटीआई दाखिल कर मांगी 11 बिंदुओं पर सूचना, BKTC में हलचल
लखपति दीदी के मुख्य व्यवसाय
                                                                                                                                 
                                                
                                                                                                                                 
                                                
                                                                                                                                 
                                                
                                                                                                                                 
                                                स्वयं सहायता समूहों से जुड़ी ग्रामीण क्षेत्रों की महिलाएं प्रदेश सरकार की अनुदानित एवं ऋण योजनाओं के माध्यम से विभिन्न व्यवसायों के माध्यम से अपनी आर्थिकी को मजबूती दे रही हैं। खास तौर पर जैविक खेती, फूड प्रोसेसिंग, मसाला निर्माण, हस्तशिल्प, डेरी-पशुपालन, मौन पालन, मशरूम उत्पादन, होमस्टे संचालन जैसे व्यवसायों को महिलाओं ने अपनाया है। मिलेट से तैयार बेकरी उत्पादों की बढ़ती मांग को देखते हुए महिलाएं यह उत्पाद भी तैयार कर रही हैं।
                                                                                                                                 
                                                
                                                                                                                                 
                                                
                                                                                                                                 
                                                
                                                                                                                                 
                                                
                                                                                                                                 
                                                
                                                                                                                                 
                                                
                                                                                                                                 
                                                बाजारों तक आसान बनाई पहुंच
                                                                                                                                 
                                                
                                                                                                                                 
                                                
                                                                                                                                 
                                                
                                                                                                                                 
                                                स्वयं सहायता समूहों के उत्पादों की प्रोसेसिंग, बिक्री और बाजारों तक आसान पहुंच के लिए प्रदेश सरकार ने विशेष व्यवस्था बनाई है। इसके लिए 24 ग्रोथ सेंटर, 33 नैनो पैकेजिंग यूनिट और 17 सरस सेंटर संचालित किए जा रहे हैं। बड़े बाजारों से जोड़ने के लिए जिला, प्रदेश और राष्ट्रीय स्तर पर सरस मेलों का आयोजन किया जा रहा है।
                                                                                                                                 
                                                
                                                                                                                                 
                                                
                                                                                                                                 
                                                
                                                                                                                                 
                                                
                                                                                                                                 
                                                
                                                                                                                                 
                                                
                                                                                                                                 
                                                स्थानीय उत्पादों को मिली विशेष पहचान
                                                                                                                                 
                                                
                                                                                                                                 
                                                
                                                                                                                                 
                                                
                                                                                                                                 
                                                धामी सरकार की पहल पर ""हाउस ऑफ हिमालयाज"" ब्रांड ने महिला स्वयं सहायता समूहों  और ग्रामीण क्षेत्र की महिलाओं द्वारा तैयार उत्पादों को राष्ट्रीय और अंतरराष्ट्रीय स्तर पर नई पहचान दी है। स्थानीय उत्पादों की ब्रांडिंग, पैकेजिंग और गुणवत्ता में सुधार होने से महानगरों और प्रमुख शहरों में इन उत्पादों की मांग बढ़ी है।
                                                                                                                                 
                                                
                                                                                                                                 
                                                
                                                                                                                                 
                                                
                                                                                                                                 
                                                
                                                                                                                                 
                                                
                                                                                                                                 
                                                
                                                                                                                                 
                                                5.19 लाख से अधिक महिलाएं संगठित
                                                                                                                                 
                                                
                                                                                                                                 
                                                
                                                                                                                                 
                                                
                                                                                                                                 
                                                उत्तराखंड राज्य ग्रामीण आजीविका मिशन के अंतर्गत समूहों की महिलाओं को सशक्त बनाने का कार्य लगातार जारी है। प्रदेश के सभी 13 जनपदों के 95 ब्लाकों में कुल 5,19,943 महिलाओं को संगठित कर 70,767 समूह, 8179 ग्राम संगठन और 615 कलस्टर लेवल फेडरेशन (सीएलएफ) तैयार किए गए हैं।",hi,8/12/26 23:03,8/14/26 11:13,,protest_agitation,uttarakhand|उत्तराखंड|धामी,trafilatura,498
15fd43342de043ebe982a6516dc4cef70196759e,https://www.amarujala.com/dehradun/char-dham-yatra-preparations-for-kedarnath-helicopter-service-from-september-15-2026-08-13,https://amarujala.com/dehradun/char-dham-yatra-preparations-for-kedarnath-helicopter-service-from-september-15-2026-08-13,amar_ujala_uttarakhand,Amar Ujala,rss,"Char Dham Yatra: 15 सितंबर से केदारनाथ हेली सेवा फिर शुरू करने की तैयारी, कल की दिल्ली बैठक में होगा फैसला",चारधाम यात्रा के दूसरे चरण में केदारनाथ धाम के लिए 15 सितंबर से हेली सेवा संचालित करने की तैयारी है।,"{""_id"":""6a7cccb3f14fa51c22006f70"",""slug"":""char-dham-yatra-preparations-for-kedarnath-helicopter-service-from-september-15-2026-08-13"",""type"":""story"",""status"":""publish"",""title_hn"":""Char Dham Yatra: 15 सितंबर से केदारनाथ हेली सेवा फिर शुरू करने की तैयारी, कल की दिल्ली बैठक में होगा फैसला"",""category"":{""title"":""City & states"",""title_hn"":""शहर और राज्य"",""slug"":""city-and-states""}}

Char Dham Yatra: 15 सितंबर से केदारनाथ हेली सेवा फिर शुरू करने की तैयारी, कल की दिल्ली बैठक में होगा फैसला

अमर उजाला नेटवर्क, देहरादून Published by: दुष्यंत शर्मा Updated Thu, 13 Aug 2026 04:05 AM IST

सार

14 अगस्त को नई दिल्ली में होने वाली डीजीसीए, हेली ऑपरेटरों व मौसम विभाग के अधिकारियों की बैठक में केदारनाथ हेली और चारधाम चार्टर्ड सेवा के संचालन पर निर्णय लिया जाएगा।

विज्ञापन

खबरें लगातार पढ़ने के लिए अमर उजाला एप डाउनलोड करें

या

वेबसाइट पर पढ़ना जारी रखने के लिए वीडियो विज्ञापन देखें

अगर आपके पास प्रीमियम मेंबरशिप है तो

विस्तार

चारधाम यात्रा के दूसरे चरण में केदारनाथ धाम के लिए 15 सितंबर से हेली सेवा संचालित करने की तैयारी है। इसके लिए उत्तराखंड नागरिक उड्डयन विकास प्राधिकरण ने तैयारियां शुरू कर दी है। 14 अगस्त को नई दिल्ली में होने वाली डीजीसीए, हेली ऑपरेटरों व मौसम विभाग के अधिकारियों की बैठक में केदारनाथ हेली और चारधाम चार्टर्ड सेवा के संचालन पर निर्णय लिया जाएगा।

विज्ञापन

इस बार 22 अप्रैल 2026 को बाबा केदारनाथ के कपाट खुलने के साथ ही हेली सेवा का संचालन शुरू किया गया था। गुप्तकाशी, फाटा व सिरसी हेलिपैड से आठ एविएशन कंपनियों के माध्यम से हेली सेवा संचालित की जाती है। डीजीसीए ने मानसून सीजन को देखते हुए 25 जून तक हेली सेवाओं की उड़ान की अनुमति दी थी। इसके बाद से केदारनाथ धाम के लिए हेली सेवा स्थगित चल रही है। अब 15 सितंबर से दोबारा केदारनाथ हेली सेवा व चारधाम चार्टर्ड सेवा शुरू करने की तैयारी चल रही है।

विज्ञापन

उत्तराखंड नागरिक उड्डयन विकास प्राधिकरण के सीईओ प्रतीक जैन ने बताया कि 14 अगस्त को नई दिल्ली में डीजीसीए, हेली ऑपरेटरों व मौसम विभाग के अधिकारियों के साथ बैठक होनी है। इसमें केदारनाथ हेली सेवा व चारधाम चार्टर्ड सेवा के संचालन पर चर्चा की गई। डीजीसीए की अनुमति के बाद 15 सितंबर से हेली सेवा शुरू जाएगी।

विज्ञापन

विज्ञापन

पहले चरण में 1.37 लाख ने किया हेली का सफर

पहले चरण की चारधाम यात्रा में हेली सेवा से 1.37 लाख तीर्थयात्री केदारनाथ धाम गए। केदारनाथ के लिए हेली सेवा की काफी मांग रहती है। यही वजह की बुकिंग पोर्टल खुलते ही कुछ ही मिनट में टिकट फुल हो जाती है।

विज्ञापन

विज्ञापन",hi,8/12/26 22:35,8/14/26 11:13,Dehradun|Rudraprayag,protest_agitation|tourism_religion,उत्तराखंड,newspaper4k,392
2225d25b078973079d334909eba5616a9d107cc8,https://www.amarujala.com/uttarakhand/nainital/while-trying-to-save-a-car-a-truck-broke-the-grill-of-kosi-barrage-and-fell-into-the-canal-in-ramnagar-2026-08-13,https://amarujala.com/uttarakhand/nainital/while-trying-to-save-a-car-a-truck-broke-the-grill-of-kosi-barrage-and-fell-into-the-canal-in-ramnagar-2026-08-13,amar_ujala_uttarakhand,Amar Ujala,rss,"UK: कार को बचाने में अनियंत्रित हुआ रेते से भरा ट्रक...सुरक्षा ग्रिल तोड़ नहर में गिरा, चालक को मामूली चोट",रामनगर के कोसी बैराज के पास रेत से भरा ट्रक कार को बचाने के प्रयास में अनियंत्रित होकर बैराज की सुरक्षा ग्रिल तोड़ते हुए सिंचाई नहर में जा गिरा। इस हादसे में ट्रक चालक को मामूली चोट लगी है और उसे रामनगर के सरकारी अस्पताल में भर्ती कराया गया है।,"{""_id"":""6a7d93820334da1b42014834"",""slug"":""while-trying-to-save-a-car-a-truck-broke-the-grill-of-kosi-barrage-and-fell-into-the-canal-in-ramnagar-2026-08-13"",""type"":""story"",""status"":""publish"",""title_hn"":""UK: कार को बचाने में अनियंत्रित हुआ रेते से भरा ट्रक...सुरक्षा ग्रिल तोड़ नहर में गिरा, चालक को मामूली चोट"",""category"":{""title"":""City & states"",""title_hn"":""शहर और राज्य"",""slug"":""city-and-states""}}

UK: कार को बचाने में अनियंत्रित हुआ रेते से भरा ट्रक...सुरक्षा ग्रिल तोड़ नहर में गिरा, चालक को मामूली चोट

अमर उजाला नेटवर्क, रामनगर Published by: Heera Updated Thu, 13 Aug 2026 03:21 PM IST

सार

रामनगर के कोसी बैराज के पास रेत से भरा ट्रक कार को बचाने के प्रयास में अनियंत्रित होकर बैराज की सुरक्षा ग्रिल तोड़ते हुए सिंचाई नहर में जा गिरा। इस हादसे में ट्रक चालक को मामूली चोट लगी है और उसे रामनगर के सरकारी अस्पताल में भर्ती कराया गया है।

विज्ञापन

खबरें लगातार पढ़ने के लिए अमर उजाला एप डाउनलोड करें

या

वेबसाइट पर पढ़ना जारी रखने के लिए वीडियो विज्ञापन देखें

अगर आपके पास प्रीमियम मेंबरशिप है तो

विस्तार

रामनगर में कोसी बैराज के पास एक बड़ा हादसा टल गया। जहां भवानीगंज क्षेत्र से रेते से भरा एक ट्रक पहाड़ की ओर जा रहा था। इसी बीच सामने से आई कार को बचाने के प्रयास में अनियंत्रित हो गया और बैराज की सुरक्षा ग्रिल को तोड़ते हुए सिंचाई नहर में जा गिरा। हादसे के बाद मौके पर अफरा-तफरी मच गई। घटना के दौरान ट्रक चालक को मामूली चोट लगी है। जिसे रामनगर के सरकारी अस्पताल में भर्ती कराया गया है।

विज्ञापन

जानकारी के अनुसार, ट्रक संख्या यूके 04 सीसी 6070 भवानीगंज क्षेत्र से रेता भरकर पहाड़ की ओर जा रहा था। इसी बीच कोसी बैराज के पास अचानक कार सामने आने पर चालक ने उसे बचाने का प्रयास किया। इसी दौरान ट्रक का संतुलन बिगड़ गया और वह तेजी से बैराज की ग्रिल से जा टकराया। टक्कर इतनी जोरदार थी कि ग्रिल टूट गई और ट्रक नहर में जा गिरा।

विज्ञापन

हादसे में ट्रक चालक कोटाबाग निवासी महेंद्र सिंह घायल हो गया। जिसे स्थानीय लोगों और पुलिस की मदद से रामनगर के सरकारी अस्पताल ले जाया गया। जहां चिकित्सकों ने प्राथमिक उपचार के बाद उसे भर्ती कर लिया। कोतवाल सुशील कुमार ने बताया कि प्रथम दृष्टया कार को बचाने के चक्कर में हादसा होना का पता चला है। मामले की जांच की जा रही है। तहरीर मिलने के बाद आगे की कार्रवाई की जाएगी।

विज्ञापन

विज्ञापन

विज्ञापन

विज्ञापन",hi,8/12/26 21:51,8/14/26 11:13,Nainital,health_education,,newspaper4k,369
8af4f6dd8130c839df0823979a5c43ef52169a94,https://www.amarujala.com/dehradun/cm-dhami-dialogue-program-student-shaira-and-school-principal-clarified-controversy-over-selection-competition-2026-08-13,https://amarujala.com/dehradun/cm-dhami-dialogue-program-student-shaira-and-school-principal-clarified-controversy-over-selection-competition-2026-08-13,amar_ujala_uttarakhand,Amar Ujala,rss,"Dehradun: सीएम संवाद में छात्रा की बात पर विवाद, स्कूल ने कराई पूरी जांच, प्रिंसिपल का बयान आया सामने",सीएमआई गर्ल्स इंटर कॉलेज की छात्रा शायरा की मुख्यमंत्री पुष्कर सिंह धामी के साथ संवाद कार्यक्रम के दौरान कही गई बात को लेकर विवाद खड़ा हो गया था।,"Dehradun: सीएम संवाद में छात्रा की बात पर विवाद, स्कूल ने कराई पूरी जांच, प्रिंसिपल का बयान आया सामने
कुछ दिन पूर्व सीएम आवास स्थित मुख्य सेवक सदन में मुख्यमंत्री ने युवा विद्यार्थी मंथन पोर्टल का शुभारंभ किया गया। इस दौरान सीएम धामी ने छात्रों से संवाद किया। एक छात्रा ने संवाद के दौरान सीएम धामी के सामने अपनी बात रखी, जिस पर विवाद खड़ा हो गया।
खबरें लगातार पढ़ने के लिए अमर उजाला एप डाउनलोड करें
या 
 वेबसाइट पर पढ़ना जारी रखने के लिए वीडियो विज्ञापन देखें
अगर आपके पास प्रीमियम मेंबरशिप है तो
विस्तार
सीएमआई गर्ल्स इंटर कॉलेज की छात्रा शायरा की मुख्यमंत्री पुष्कर सिंह धामी के साथ संवाद कार्यक्रम के दौरान कही गई बात को लेकर विवाद खड़ा हो गया था। इसके बाद छात्रा शायरा और स्कूल की ऑफिसिएटिंग प्रिंसिपल रबेका सिंह ने मामले को लेकर अपनी-अपनी बात स्पष्ट की।
इंटरनेशनल क्वान की डो प्रतियोगिता में चयन को लेकर शायरा ने कहा कि वह मुख्यमंत्री से जो कहना चाहती थी, उसे ठीक से नहीं कह पाई। वह थोड़ी घबरा गई थी और अपनी बात स्पष्ट तरीके से नहीं रख सकी।
वहीं, ऑफिसिएटिंग प्रिंसिपल रबेका सिंह ने बताया कि मामले की जानकारी लेने पर सामने आया कि शायरा प्रतियोगिताओं में बढ़-चढ़कर हिस्सा लेती है। हालांकि, इस प्रतियोगिता में उसने स्कूल की ओर से प्रतिभाग नहीं किया था और न ही स्कूल स्तर पर इस तरह की कोई प्रतियोगिता आयोजित की गई थी। शायरा बहुत होनहार छात्रा है।
उन्होंने बताया कि छात्रा एक निजी एसोसिएशन के माध्यम से प्रतियोगिता में प्रतिभाग कर रही थी, जहां उसे कुछ परेशानी का सामना करना पड़ा। रबेका सिंह ने कहा कि छात्रा की प्रतिभा को देखते हुए स्कूल स्तर से उसे हर संभव मदद दी जाएगी।
छात्र-छात्राओं के सुझाव सरकारी नीतियों में होंगे शामिल : सीएम
मुख्यमंत्री पुष्कर सिंह धामी ने कहा, छात्र-छात्राओं से संवाद में मिले सुझावों को सरकारी नीतियों में शामिल किया जाएगा। उन्होंने छात्र-छात्राओं को सफलता का मंत्र देते हुए कहा, जीवन में संकल्प लेकर आगे बढ़ेंगे तो निश्चित ही कामयाबी मिलेगी।
सीएम आवास स्थित मुख्य सेवक सदन में मुख्यमंत्री ने युवा विद्यार्थी मंथन पोर्टल का शुभारंभ किया। इस दौरान सीएम ने छात्र-छात्राओं से नशा मुक्त उत्तराखंड, स्वच्छता, परिवहन व्यवस्था सहित राज्य के विकास से जुड़े विभिन्न मुद्दों पर संवाद किया। उन्होंने विद्यालयी छात्र-छात्राओं के बीच होने वाली मेरे सपनों का उत्तराखंड: एक विकसित राज्य के लिए मेरा दृष्टिकोण विषय की निबंध प्रतियोगिता का शुभारंभ किया।
मुख्यमंत्री ने कहा कि इस निबंध प्रतियोगिता में सर्वश्रेष्ठ प्रदर्शन करने वाले प्रदेश के 140 बच्चों को सम्मानित किया जाएगा। साथ ही इन चयनित छात्र- छात्राओं का नीट, जेईई, क्लैट जैसी प्रतिष्ठित प्रतियोगी परीक्षाओं की कोचिंग सहित एवं अन्य आवश्यक शुल्कों का वहन भी राज्य सरकार करेगी। कार्यक्रम में प्रदेशभर के 2828 सरकारी व गैर सरकारी स्कूलों के 11 व 12वीं के तीन लाख से अधिक छात्र-छात्राओं ने वर्चुअल माध्यम से प्रतिभाग किया।मुख्यमंत्री से संवाद के दौरान छात्र-छात्राओं ने खेलों को बढ़ावा देने, सप्ताह में चार दिन खेल पीरियड आयोजित करने, विद्यालयों में मिल रहे विभिन्न अवसरों को और बढ़ाने, उच्च शिक्षा के क्षेत्र में उत्तराखंड को अग्रणी बनाने, राज्य में पर्यटन गतिविधियों को प्रोत्साहित करने तथा विकास के साथ पर्यावरण संरक्षण को प्राथमिकता देने सहित विभिन्न सुझाव दिए।
                                                                                                                                 
                                                
                                                                                                                                 
                                                
                                                                                                                                 
                                                
                                                                                                                                 
                                                
                                                                                                                                 
                                                
                                                                                                                                 
                                                
                                                                                                                                 
                                                मुख्यमंत्री ने छात्रों के सुझावों को गंभीरता से लेते हुए स्वयं नोट किया और अधिकारियों को इनके अनुरूप कार्ययोजना तैयार करने के निर्देश दिए। कहा कि छात्र-छात्राओं द्वारा दिए गए सुझावों को सरकार की नीतियों में भी शामिल किया जाएगा। उन्होंने युवाओं से अपने लक्ष्य के प्रति निरंतर प्रयास करने और चुनौतियों से सीख लेकर आगे बढ़ने का आह्वान किया। सीएम ने कहा कि हमें अपने जीवन में संकल्प लेना चाहिए और उस संकल्प में कोई विकल्प नहीं होना चाहिए। जब हम बिना विकल्प के संकल्प लेते हैं तो हमें और तेजी से सफलता मिलती है। आज के विद्यार्थी ही भविष्य के उत्तराखंड और देश का नेतृत्व करेंगे।
एआई का तभी उपयोग करें जब आवश्यकता हो
सीएम ने कहा कृत्रिम बुद्धिमत्ता (एआई) का उपयोग तभी करें, जब उसकी वास्तव में आवश्यकता हो। एआई हमारे लिए उपयोगी और ज्ञानवर्धक है, लेकिन इसके अत्यधिक उपयोग के कुछ दुष्परिणाम भी हो सकते हैं। उन्होंने छात्रों से कहा कि किसी भी विषय पर सबसे पहले अपने विवेक, बुद्धि और सोचने की क्षमता का उपयोग करें तथा गुरुजनों के मार्गदर्शन और अनुभव से सीखें, इसके बाद आवश्यकता पड़ने पर एआई की सहायता लें। तकनीक को सहयोगी बनाएं, लेकिन हमारी सोचने और सीखने की क्षमता का विकल्प नहीं होना चाहिए।",hi,8/12/26 21:37,8/14/26 11:13,Dehradun,protest_agitation|health_education|tourism_religion|politics_governance,उत्तराखंड|धामी|पुष्कर सिंह धामी|मुख्यमंत्री|राज्य सरकार,trafilatura,729
e1a3235f8e6aa2cb4e3ed8134cd390cb4ec52be8,https://www.amarujala.com/dehradun/mussoorie-news-youth-found-hanging-inside-pickup-vehicle-on-mussoorie-dehradun-road-uttarakhand-news-2026-08-13,https://amarujala.com/dehradun/mussoorie-news-youth-found-hanging-inside-pickup-vehicle-on-mussoorie-dehradun-road-uttarakhand-news-2026-08-13,amar_ujala_uttarakhand,Amar Ujala,rss,"Mussoorie: सड़क किनारे खड़े वाहन के अंदर मिला 21 साल के युवक का शव, रास्ते से गुजरने के दौरान भाई ने देखा",मसूरी-देहरादून मार्ग पर एक पिकअप वाहन में युवक (21) का शव मिला।,"Mussoorie: सड़क किनारे खड़े वाहन के अंदर मिला 21 साल के युवक का शव, रास्ते से गुजरने के दौरान भाई ने देखा
खबरें लगातार पढ़ने के लिए अमर उजाला एप डाउनलोड करें
या 
 वेबसाइट पर पढ़ना जारी रखने के लिए वीडियो विज्ञापन देखें
अगर आपके पास प्रीमियम मेंबरशिप है तो
मसूरी-देहरादून मार्ग पर एक पिकअप वाहन में युवक (21) का शव मिला। मृतक की पहचान मनीष कुमार पुत्र दर्शन लाल, निवासी टकराना, कैम्पटी, टिहरी गढ़वाल के रूप में हुई है। वह पिकअप वाहन चलाने का काम करता था।
पुलिस के अनुसार, मनीष कुमार पिकअप वाहन मसूरी से देहरादून के लिए रवाना हुआ था। सुबह उसका भाई अनुज भी पिकअप से मसूरी से देहरादून की ओर जा रहा था। उसने मनीष की पिकअप सड़क किनारे खड़ी देखी। संदेह होने पर अनुज वाहन के पास पहुंचा तो उसने मनीष को वाहन के बाएं डाले पर सफेद रंग की पतली रस्सी के सहारे फंदे पर लटका देखा।
ये भी पढे़ं...बदरीनाथ चढ़ावा चोरी प्रकरण: आरोपी नौटियाल की मां ने आरटीआई दाखिल कर मांगी 11 बिंदुओं पर सूचना, BKTC में हलचल
                                
                
                
                                
                                
                                                                                                               
                                                    
                            
                                 
                                
                               
                                                
                                                                 
                
                                
                
                
                                
                                
                                                                                                               
                                                    
                            
                                 
                                
                               
                                                
                                                                 
                
                                
                
                
                                
                                
                                                                                                               
                                                    
                            
                                 
                                
                               
                                                
                                                                 
                
                                
                
                
                                
                                
                                                                                                               
                                                    
                            
                                 
                                
                               
                                                
                                                                 
                अनुज ने फंदा खोलकर मनीष को वाहन के अंदर लिटाया और इसकी सूचना चौकी कोलूखेत पुलिस को दी। सूचना मिलते ही पुलिस टीम मौके पर पहुंची और घटनास्थल का निरीक्षण किया। पुलिस घटना के सभी पहलुओं की जांच की जा रही है।",hi,8/12/26 20:19,8/14/26 11:13,Dehradun|Tehri Garhwal,investigation_justice|protest_agitation|infrastructure,गढ़वाल,trafilatura,218
3c44f2c55e53b996f3eb1187738b96f4bf2beddd,https://www.amarujala.com/dehradun/kanwar-haridwar-seven-day-special-cleanliness-drive-92-bags-of-waste-were-collected-on-the-first-day-2026-08-13,https://amarujala.com/dehradun/kanwar-haridwar-seven-day-special-cleanliness-drive-92-bags-of-waste-were-collected-on-the-first-day-2026-08-13,amar_ujala_uttarakhand,Amar Ujala,rss,"Haridwar: ठाट से ले गए गंगा, घाट पर छोड़ गए गंदा, कचरा साफ करने के लिए सात दिवसीय विशेष अभियान हुआ शुरू",कांवड़ यात्री ठाट से गंगा जल ले गए लेकिन धर्मनगरी में सात हजार मीट्रिक टन कूड़ा छोड़कर गए हैं।,"{""_id"":""6a7d6b3e13a2613b81043be6"",""slug"":""kanwar-haridwar-seven-day-special-cleanliness-drive-92-bags-of-waste-were-collected-on-the-first-day-2026-08-13"",""type"":""story"",""status"":""publish"",""title_hn"":""Haridwar: ठाट से ले गए गंगा, घाट पर छोड़ गए गंदा, कचरा साफ करने के लिए सात दिवसीय विशेष अभियान हुआ शुरू"",""category"":{""title"":""City & states"",""title_hn"":""शहर और राज्य"",""slug"":""city-and-states""}}

Haridwar: ठाट से ले गए गंगा, घाट पर छोड़ गए गंदा, कचरा साफ करने के लिए सात दिवसीय विशेष अभियान हुआ शुरू

माई सिटी रिपोर्ट, हरिद्वार। Published by: Renu Saklani Updated Thu, 13 Aug 2026 01:09 PM IST

सार

कांवड़ मेला संपन्न होने के बाद हरिद्वार में करीब सात हजार मीट्रिक टन कूड़ा निकला। शहर को छोड़कर समूचे जिले में फैले कचरे को साफ करने के लिए प्रशासन ने 12 से 18 अगस्त तक विशेष सफाई अभियान चलाने का निर्णय लिया है। वहीं, नगर आयुक्त ने शिवरात्रि की देर शाम आरती के बाद खाली हुए घाट पर सफाई कर्मियों के विशाल समूह को उतार दिया।

विज्ञापन

खबरें लगातार पढ़ने के लिए अमर उजाला एप डाउनलोड करें

या

वेबसाइट पर पढ़ना जारी रखने के लिए वीडियो विज्ञापन देखें

अगर आपके पास प्रीमियम मेंबरशिप है तो

विस्तार

वॉट्सऐप चैनल फॉलो करें

कांवड़ यात्री ठाट से गंगा जल ले गए लेकिन धर्मनगरी में सात हजार मीट्रिक टन कूड़ा छोड़कर गए हैं। डाक कांवड़ के दो दिनों में ही पूरे शहर में 1700 मीट्रिक टन कूड़ा फैला। 12 दिन तक चले कांवड़ मेले के दौरान फैले कूड़े को साफ करने में करीब एक सप्ताह का समय लगेगा। जिले में फैले कचरे को साफ करने के लिए प्रशासन ने बुधवार से सात दिवसीय विशेष सफाई अभियान शुरू कर दिया है।

विज्ञापन

12 दिन तक चले कांवड़ मेले में 4.80 करोड़ से अधिक श्रद्धालु शामिल हुए थे। हरिद्वार में सामान्य दिनों में 250 से 300 मीट्रिक टन कूड़ा रोज निकलता है। कांवड़ मेले के दौरान करोड़ों श्रद्धालुओं के पहुंचने से कूड़े का आंकड़ा बढ़कर सात हजार मीट्रिक टन पहुंच गया है। मुख्यमंत्री के निर्देश पर जिलाधिकारी मयूर दीक्षित के नेतृत्व में बुधवार से सात दिवसीय विशेष अभियान शुरू हो गया है।

विज्ञापन

पहले दिन नगर निगम, नगर पालिका और नगर पंचायतें अपने-अपने क्षेत्रों में विशेष साफ-सफाई चलाईं। जिलाधिकारी ने आमजन, स्वयंसेवी संगठनों, जनप्रतिनिधियों और व्यापार मंडलों से भी इसमें सक्रिय रूप से शामिल होने की अपील की है। पहले दिन हरिद्वार के विष्णु घाट पर आईटीसी मिशन सुनहरा कल, श्री भुवनेश्वरी महिला आश्रम और नगर निगम हरिद्वार ने संयुक्त रूप से गंगा स्वच्छता अभियान चलाया।

विज्ञापन

विज्ञापन

इस अभियान में जनभागीदारी के माध्यम से घाटों से कूड़ा-कचरा एकत्र किया गया। इसके साथ ही, घाटों की धुलाई और सफाई भी की गई। श्रद्धालुओं, कांवड़ यात्रियों और दुकानदारों को प्लास्टिक व कचरा गंगा में न डालने के लिए जागरूक किया गया। उन्हें निर्धारित स्थान पर ही कचरा डालने की सलाह दी गई।

ये भी पढ़ें...बदरीनाथ चढ़ावा चोरी प्रकरण: आरोपी नौटियाल की मां ने आरटीआई दाखिल कर मांगी 11 बिंदुओं पर सूचना, BKTC में हलचल

इस अभियान के दौरान कुल 92 कूड़ा बैग कचरा एकत्र किया गया। इसे वैज्ञानिक निस्तारण के लिए नगर निगम हरिद्वार को सौंपा गया। बाबा बंसी वाले अन्नपूर्णा आश्रम समिति ने भी पंत दीप पूर्वी घाट पर सफाई अभियान चलाया। आश्रम समिति इस घाट पर प्रतिदिन सफाई कार्य करती है।

विज्ञापन

विज्ञापन",hi,8/12/26 19:39,8/14/26 11:13,Haridwar,investigation_justice|protest_agitation|tourism_religion,मुख्यमंत्री,newspaper4k,503
bff86d4b688b97739a17ed78c1fb6664602205c8,https://hindi.news18.com/news/uttarakhand/rishikesh-travel-best-time-kanwar-yatra-crowd-local18-10743902.html,https://hindi.news18.com/news/uttarakhand/rishikesh-travel-best-time-kanwar-yatra-crowd-local18-10743902.html,news18_hindi_uttarakhand,News18 Hindi,rss,"Rishikesh Travel : ऋषिकेश घूमने का प्लान कहीं पड़ न जाए भारी, इन 2 चीजों ने बदला माहौल, जानिए कैसे?","Rishikesh travel best time : क्या आप भी ऋषिकेश घूमने का प्लान बना रहे हैं तो इस समय थोड़ा ठहर जाइए. अगस्त में पहाड़ों पर भीषण बारिश देखने को मिल रही है. इसका असर ऋषिकेश में भी देखने को मिल रहा है. कांवड़ यात्रा के चलते शहर में श्रद्धालुओं की संख्या भी काफी बढ़ गई है. जो लोग शांत माहौल में गंगा किनारे बैठने, घूमने या शहर की खूबसूरती देखने का प्लान बना रहे हैं, उन्हें परेशानी हो सकती है. भीड़ बढ़ने के साथ कई जगह सामान्य दिनों की तुलना में सफर में ज्यादा समय लग सकता है. लोकल 18 से ऋषिकेश के रहने वाले डॉ. राजकुमार बताते हैं कि पहाड़ी इलाकों की तरफ जाने वालों को मौसम की जानकारी लेकर ही सफर शुरू करना चाहिए.",,hi,8/12/26 17:57,8/14/26 11:13,Dehradun,tourism_religion,,,0
56350f04f61e36461477d77f556e143d1cffc4de,https://garhwalpost.in/physician-dr-khemendra-gupta-passes-away-memorial-tribute-today/,https://garhwalpost.in/physician-dr-khemendra-gupta-passes-away-memorial-tribute-today,garhwal_post,Garhwal Post,rss,Physician Dr Khemendra Gupta passes away; Memorial Tribute today,"Garhwal Post Bureau Rishikesh, 11 Aug: Renowned physician, social worker and respected citizen Dr Khemendra Gupta passed away on Saturday, at around 5 p.m. He was the beloved father of Prof Dr Himanshu Aeran, former Vice-Chancellor of Subharti University, Dehradun, and currently a Whole-Time Member of the Dental Assessment and Rating Board, National Dental Commission, […]","Garhwal Post Bureau

Rishikesh, 11 Aug: Renowned physician, social worker and respected citizen Dr Khemendra Gupta passed away on Saturday, at around 5 p.m. He was the beloved father of Prof Dr Himanshu Aeran, former Vice-Chancellor of Subharti University, Dehradun, and currently a Whole-Time Member of the Dental Assessment and Rating Board, National Dental Commission, Government of India.

Dr Khemendra Gupta was a native of Haldaur, Bijnor, Uttar Pradesh, and served the people of Haldaur, Bijnor and Meerut for several decades as a respected medical professional. He dedicated his life not only to medical care but also to social service and humanitarian welfare. His contribution to cataract treatment, polio eradication and public health awareness was particularly noteworthy.

He was also a strong advocate of education and social development and remained associated with CD Inter College, Haldaur, and Chandramani Child Development Centre, Haldaur, contributing to the advancement of education and the welfare of underprivileged communities.

His legacy of service continues through his family. His daughter, Dr Preeti Vishnoi, has performed more than 10,000 free cataract surgeries through eye-care camps. Other family members are also contributing to the fields of medicine, education and social service.

In keeping with his lifelong commitment to humanity, Dr Gupta donated his eyes after his death, offering the possibility of restoring vision to two individuals. His noble decision serves as an inspiring message that one can continue to bring light into another person’s life even after death.

His last rites were performed on Sunday at Purnanand Cremation Ground, Muni Ki Reti, Rishikesh, according to Vedic rituals.

A Peace Prayer and Memorial Tribute Ceremony will be held on Thursday, 13 August. The Peace Prayer will be held at 9 a.m. at D-2, Ganga Vatika Retreat, Muni Ki Reti, Rishikesh, followed by the Memorial Tribute at 3 p.m. at Gurudwara Shri Guru Singh Sabha, Railway Road, Rishikesh.

Doctors, academicians, social workers and distinguished citizens expressed their deep condolences to Prof Dr Himanshu Aeran and the entire Aeran family and paid tribute to Dr Khemendra Gupta, remembering his lifelong contribution to medicine, education and humanitarian service. They prayed for eternal peace for the departed soul and strength for the bereaved family.",en,8/12/26 17:19,8/14/26 10:09,Dehradun,infrastructure|health_education,garhwal,newspaper4k,361
e5681b157d9de78d519107d84f23c7424a531861,https://garhwalpost.in/rain-fails-to-dampen-spirits-at-mussoories-run-for-nation/,https://garhwalpost.in/rain-fails-to-dampen-spirits-at-mussoories-run-for-nation,garhwal_post,Garhwal Post,rss,Rain fails to dampen spirits at Mussoorie’s ‘Run for Nation’,"By Sunil Sonker Mussoorie, 11 Aug: Persistent rain and inclement weather could not dampen the enthusiasm of Mussoorie’s children and youth. A total of 426 participants took part in the 22nd ‘Run for Nation’ cross-country race—held near Kellogg’s Church and Landour Language School—conveying messages of sportsmanship, discipline, health, and patriotism. The venue buzzed with excitement […]","By Sunil Sonker

Mussoorie, 11 Aug: Persistent rain and inclement weather could not dampen the enthusiasm of Mussoorie’s children and youth. A total of 426 participants took part in the 22nd ‘Run for Nation’ cross-country race—held near Kellogg’s Church and Landour Language School—conveying messages of sportsmanship, discipline, health, and patriotism. The venue buzzed with excitement as participants, clad in raincoats, ran amidst the downpour.

The event was organised by the Mussoorie Sports and Cultural Association in collaboration with the Rotary Club of Mussoorie and the Mussoorie Municipal Council. Students from various Hindi and English-medium schools in Mussoorie, along with teachers, coaches, volunteers, and other participants, took part in the competition.

The race was divided into 12 categories, including age groups for boys and girls under 10, 12, 14, 16, and 19, as well as ‘Open’ categories for boys and girls. Despite the rain, participants completed the race with great zeal. Organisers stated that the objective of ‘Run for Nation’ was not merely to hold a competition but to foster habits of regular exercise, a healthy lifestyle, discipline, a competitive spirit, and patriotism among children and youth. The event also promoted messages of national unity and brotherhood.

To ensure the event’s success amidst the continuous rain, teachers, coaches, volunteers, and members of the Rotary Club remained dedicated to managing the arrangements throughout the day. Many volunteers, wearing raincoats, assisted in guiding participants and overseeing logistics. Approximately 30 teachers and school management representatives also contributed to the event’s organisation.

At the conclusion of the competition, Municipal Council Chairperson Meera Saklani, Rotary Club of Mussoorie President Ashwani Mittal, Mussoorie Sports and Cultural Association President Surendra Rana, and Mussoorie Traders and Welfare Organization President Rajat Agarwal, along with other guests, felicitated the winners.

Members of the Rotary Club, including PP Shailendra Karnwal, Nupur Karnwal Cantura, and PP Manoranjan Tripathi, were present on the occasion. Members of the Mussoorie Sports and Cultural Association, including Samuel Chandra, Sameer Raina, and Parvinder Rawat, played a pivotal role in organising the event. The organisers stated that the participation of 426 individuals, despite the rain, serves as proof of the steadily growing interest in sports among children and youth in Mussoorie. They expressed their gratitude to Kellogg’s Church Landour Language School, ITM Mussoorie, all participating schools, contestants, parents, teachers, volunteers, and supporting organisations.",en,8/12/26 17:16,8/14/26 10:09,Dehradun,protest_agitation|health_education,,newspaper4k,384
4f27aa6278929277a9eddeaec10ee7732ee584fe,https://garhwalpost.in/child-safety-violations-found-at-private-school-in-raipur/,https://garhwalpost.in/child-safety-violations-found-at-private-school-in-raipur,garhwal_post,Garhwal Post,rss,Child safety violations found at private school in Raipur,"Garhwal Post Bureau Dehradun, 11 Aug: A serious complaint related to CSAM (Child Sexual Abuse Material) in Raipur, Dehradun, was brought to the notice of the Uttarakhand State Commission for Protection of Child Rights through local residents. Taking the matter seriously, Commission Member Dayal Singh, along with the Commission team, immediately visited the area to […]","Garhwal Post Bureau

Dehradun, 11 Aug: A serious complaint related to CSAM (Child Sexual Abuse Material) in Raipur, Dehradun, was brought to the notice of the Uttarakhand State Commission for Protection of Child Rights through local residents. Taking the matter seriously, Commission Member Dayal Singh, along with the Commission team, immediately visited the area to investigate the matter and conducted an inspection of the private school concerned.

During the preliminary inquiry, it was found that the children concerned are residents of the Raipur area of Dehradun. As part of the detailed investigation, the Commission team visited the private school, where several serious deficiencies and irregularities relating to child safety, health, education and basic facilities were found.

The Commission also came to know that the school Principal had reportedly been informed about the incident earlier. However, there was no indication that the matter had been reported to the police in accordance with the provisions of the Protection of Children from Sexual Offences (POCSO) Act. It was further brought to the Commission’s notice that, despite the child being identified as a student of the school, the child was prevented from attending the school. The Commission has taken serious note of the matter and recommended appropriate legal action.

Considering the sensitive nature of the complaint, the Commission has recommended that Raipur Police investigate the CSAM-related complaint and initiate appropriate legal action under applicable cybercrime and POCSO provisions. The Commission will also seek an action-taken report from the police in the matter.

During the inspection, the Commission team also found several serious deficiencies concerning the safety and basic facilities available to children at the school. Approximately 450 students were found studying in an area of around 250 square metres, which appeared highly inadequate in proportion to the number of students. The school is accessed through a narrow lane approximately 15 feet wide, raising serious concerns regarding the safe evacuation of children in the event of an emergency.

The iron staircase installed on the school premises was found without adequate safety covering or protective mats. Electrical panels were found in an open and exposed condition, posing a potential safety risk to children. Fire extinguishers were available on the premises; however, during the inspection, they were found to be non-functional and without clearly visible safety markings.

The inspection also revealed serious concerns regarding classroom conditions. Approximately 40 LKG children were found seated in a room measuring around 15 × 15 feet. The room did not have adequate ventilation. An exhaust fan was installed but was reportedly not being operated because of excessive noise. Adequate window provision was also not found, making the classroom environment appear enclosed, humid and unsuitable from the perspective of children’s health and well-being.

The sanitation facilities at the school were also found to be unsatisfactory. The toilets were found in an unclean and unhygienic condition. During the inspection, when the teacher was asked to produce the first-aid box, she was unable to present it. The Commission also received information regarding alleged harsh and inappropriate behaviour by a teacher towards a child, which has been taken seriously by the Commission.

The school was also found to have no adequate playground or sufficient space for prayer assemblies and other collective activities for children. As per the information available, approximately Rs 900 per month is being charged as the LKG fee, despite the school not providing several basic facilities required for children.

In view of the serious deficiencies observed during the inspection, the Commission has directed the school Principal to appear before the Commission along with all relevant school records, recognition/affiliation documents, and the educational qualifications and certificates of the teaching staff.

The Commission has also written to the Education Department seeking a detailed report regarding the school’s recognition, functioning and the facilities being provided to the children.

The Commission team also interacted with local residents and heard their concerns and grievances. The residents were assured that the matter would be dealt with appropriately and that necessary action would be taken in accordance with the law.

The Commission reiterated that the safety and well-being of children remain its highest priority. Any negligence relating to unsafe infrastructure, inadequate space, fire and electrical safety, unhygienic conditions, or violation of child-protection laws, including the POCSO Act, will not be tolerated.",en,8/12/26 17:14,8/14/26 10:09,Dehradun,exam_paper_leak|investigation_justice|protest_agitation|environment_disaster|health_education,garhwal|uttarakhand,newspaper4k,712
ac9f5befc3241be751b2e188999afef7035c8e0d,https://garhwalpost.in/do-not-limit-ideas-to-thought-turn-them-into-innovation-dr-ghanshala/,https://garhwalpost.in/do-not-limit-ideas-to-thought-turn-them-into-innovation-dr-ghanshala,garhwal_post,Garhwal Post,rss,"Do not limit Ideas to Thought, turn them into Innovation: Dr Ghanshala","New B Tech Session begins at Graphic Era Hill University Garhwal Post Bureau Dehradun, 11 Aug: Chairman of Graphic Era Group of Institutions, Dr Kamal Ghanshala said today that every innovation begins with a small idea. He urged students not to limit their ideas to thought, but to turn them into innovation with determination, consistent […]","New B Tech Session begins at Graphic Era Hill University

Garhwal Post Bureau

Dehradun, 11 Aug: Chairman of Graphic Era Group of Institutions, Dr Kamal Ghanshala said today that every innovation begins with a small idea. He urged students not to limit their ideas to thought, but to turn them into innovation with determination, consistent hard work and discipline.

Dr Ghanshala was addressing the BTech induction programme of Graphic Era Hill University today. He said students should not limit the theory they learn in classrooms to books, but should learn to apply it in real life. He advised students to pay special attention to developing soft skills, communication skills and the ability to express themselves effectively. Describing failure as an essential part of the journey towards success, he said failure should not be seen as an end, but as an experience. Therefore, students should develop the habit of learning from failure rather than being afraid of it.

Dr Ghanshala said that, in today’s competitive world, students must be prepared to prove themselves not only at the local level but also at the global level. He highlighted the importance of teamwork and ego management, saying that learning from the mistakes of others is a sign of wisdom.

Referring to the quality teaching faculty and project-based learning at Graphic Era, he said students are not confined to theory alone, but are prepared for future challenges through practical and industry-oriented learning. At Graphic Era, world-class high-tech facilities and industry-ready training are being provided to prepare students for better placement and career opportunities.

At the end, Dr Ghanshala interacted with the students, learned about their dreams, ideas and future plans, and discussed their questions and queries.

Earlier, during the inaugural session, the University’s Executive Vice Chancellor, Dr Tabassum Naqvi, and Dean of Academics Dr Pramod Nair, also addressed the students. During the induction programme, students and their parents were informed about the University’s policies and activities. They were introduced to academic facilities as well as arrangements related to the library, modern laboratories and sports. Students were also familiarised with the University’s rules and regulations, academic guidelines and discipline, along with cultural clubs, student activities and co-curricular activities.",en,8/12/26 17:10,8/14/26 10:09,Dehradun,protest_agitation|infrastructure|health_education,garhwal,newspaper4k,363
784f9b6226c510665aaaf547f32037b7eaf6d7a6,https://garhwalpost.in/18th-brother-et-dunne-inter-house-english-hindi-debates-held-at-sja/,https://garhwalpost.in/18th-brother-et-dunne-inter-house-english-hindi-debates-held-at-sja,garhwal_post,Garhwal Post,rss,18th Brother ET Dunne Inter-House English & Hindi Debates held at SJA,"Garhwal Post Bureau Dehradun, 11 Aug: St Joseph’s Academy hosted the 18th Brother ET Dunne Senior Inter-House English and Hindi Debate 2026 today in the school auditorium for students of Classes IX–XII. Held annually in honour of Brother ET Dunne, the event celebrates his remarkable contribution to education and his dedication to discipline, service, public speaking, […]","Garhwal Post Bureau

Dehradun, 11 Aug: St Joseph’s Academy hosted the 18th Brother ET Dunne Senior Inter-House English and Hindi Debate 2026 today in the school auditorium for students of Classes IX–XII. Held annually in honour of Brother ET Dunne, the event celebrates his remarkable contribution to education and his dedication to discipline, service, public speaking, and critical thinking. His enduring legacy continues through the Brother ET Dunne Memorial Debates at St Joseph’s Academy. The event served as a vibrant platform for young orators to articulate their views with confidence, clarity, and conviction and show that meaningful disagreement can be a powerful catalyst for learning and growth.

The occasion was graced by Principal, SJA, Brother Joseph M Joseph; Community Leader, Brother Ernest Martin; and the panel of judges: Randeep Arora, a seasoned entrepreneur with over four decades of experience across various enterprises; Nadira Ahmad, an alumna and Senior English Teacher from St Joseph’s Academy; and Shivangi Srivastava, an experienced educator from New Doon Blossoms School. Coordinators, teachers, and students of Classes IX–XII also attended the event and encouraged the young debaters.

The programme commenced with a sincere and moving prayer, setting a reflective tone for the proceedings, followed by the ceremonial lighting of the lamp by Brother Joseph, Brother Ernest Martin, and the distinguished judges.

The Inter-House English Debate comprised two engaging rounds—Extemporaneous Debate and Turncoat.

The topic for the English Extemporaneous Debate was: “This House believes that success should never be measured by social acceptance.”

The Turncoat proved equally captivating, challenging participants to view an issue from contrasting perspectives and defend opposing viewpoints with equal conviction.

The Hindi Debate centred on the thought-provoking motion: “This House believes that learning from books is better than learning through experience.”

The competition witnessed an eloquent clash of ideas among the four houses—Donovan, Bergin, Dooley, and Duffy—with each participant displaying remarkable confidence, spontaneity, and command over language.

The programme was further elevated by a soulful Casio performance by Arnav Sharma, whose melodious rendition added a harmonious dimension to the event. This captivating musical presentation complemented the impressive display of oratory and intellect showcased by the talented students of St Joseph’s Academy during the debate.

The results were as follows:

English Debate: Best Speaker: Vijay Rudraksh Swami of Donovan House. Runner-up Speaker: Kushagra Kandwal of Duffy House. Best Interlocutor: Avik Chaabra of Bergin House.

Best Rebuttal: Kushagra Kandwal of Duffy House.

Best Speaker Turncoat: Palakshi Sahni of Duffy House. Best Team: Donovan House

Hindi Debate – Best Speaker: Mahir Mehboob of Duffy House; Runner-up Speaker: Rudra Ghildiyal of Donovan House; Best Rebuttal: Rudra Ghildiyal of Donovan House; Best Team: Duffy House.

Duffy House emerged triumphant, securing the Overall Trophy in both the English and Hindi Debate, bringing the event to a memorable conclusion.",en,8/12/26 17:05,8/14/26 10:09,Dehradun,protest_agitation|health_education,garhwal,newspaper4k,459
3245f715e9dfbb11d8cdd40945021df05d3f88ab,https://garhwalpost.in/additional-divisional-manager-inspects-under-construction-railway-station-in-kotdwar/,https://garhwalpost.in/additional-divisional-manager-inspects-under-construction-railway-station-in-kotdwar,garhwal_post,Garhwal Post,rss,Additional Divisional Manager inspects under-construction Railway Station in Kotdwar,"Garhwal Post Bureau Kotdwar, 11 Aug: Additional Divisional Railway Manager (Operations) of Moradabad Division, Paritosh Gautam, visited Kotdwar today and inspected the under-construction new railway station. During the visit, he conducted an on-site inspection of various development and construction works underway at the station premises and reviewed their progress. During the inspection, Paritosh Gautam took […]","Garhwal Post Bureau

Kotdwar, 11 Aug: Additional Divisional Railway Manager (Operations) of Moradabad Division, Paritosh Gautam, visited Kotdwar today and inspected the under-construction new railway station. During the visit, he conducted an on-site inspection of various development and construction works underway at the station premises and reviewed their progress.

During the inspection, Paritosh Gautam took detailed information regarding the station building, passenger amenities, platforms, circulating area, and other construction works being carried out on the station premises. He also sought information from the railway officials and representatives of the executing agency regarding the current status of the construction work, quality standards, and the stipulated timeline for completion.

During the visit, Paritosh Gautam also spoke over the phone with Kotdwar MLA Ritu Khanduri Bhushan. During the telephonic conversation, MLA Bhushan sought detailed information regarding the facilities that would be provided to passengers and local residents at Kotdwar railway station.

Bhushan stated that the safety and convenience of passengers should remain the highest priority at the railway station. She directed the officials to ensure adequate CCTV camera coverage, availability of clean drinking water for passengers, and improvement of other essential passenger amenities.

Paritosh Gautam directed the officials to pay special attention to quality standards in all construction and development works at the railway station and ensure that the works are completed within the stipulated timeframe, so that modern and improved facilities can be made available to passengers.

According to officials, the construction work on the new railway station is expected to be completed by October. After completion of the work, preparations for the inauguration of the station will be undertaken. The commissioning of the new railway station is expected to provide passengers in the region with modern and improved amenities and give further impetus to the tourism and economic development of Kotdwar.

On the occasion, Public Relations Officer Maniram Sharma, MLA Representative Kamal Negi, Mahesh Negi, and Rajendra were present.

Also present were Senior Divisional Commercial Manager Mahesh Yadav, Senior Divisional Engineer (Fourth) Karanpreet Singh, Deputy Chief Engineer Rishabh, Station Superintendent, Kotdwar, Manoj Rawat, and Chief Commercial Inspector, Najibabad, Rajendra Kumar Meena, along with other railway officials and staff.",en,8/12/26 17:02,8/14/26 10:09,Pauri Garhwal,investigation_justice|infrastructure|tourism_religion|politics_governance,garhwal,newspaper4k,357
4e2459e3fc45b3e1745dfb685937a6840de003a8,https://garhwalpost.in/english-translation-of-narendra-singh-negis-garhwali-songs-by-mukesh-lal-released/,https://garhwalpost.in/english-translation-of-narendra-singh-negis-garhwali-songs-by-mukesh-lal-released,garhwal_post,Garhwal Post,rss,English translation of Narendra Singh Negi’s Garhwali songs by Mukesh Lal released,"By Our Staff Reporter Dehradun, 11 Aug: An English translation of Garhwali songs penned by leading folk poet and singer Narendra Singh Negi was released at an event held at Sanskriti Vibhag Auditorium here today. Well known educationist Mukesh Lal has translated the songs in English and the book is titled ‘Bradded Emotions’. The book was jointly […]","By Our Staff Reporter

Dehradun, 11 Aug: An English translation of Garhwali songs penned by leading folk poet and singer Narendra Singh Negi was released at an event held at Sanskriti Vibhag Auditorium here today. Well known educationist Mukesh Lal has translated the songs in English and the book is titled ‘Bradded Emotions’.

The book was jointly released by chief guest and Language Minister Khajan Das, Narendra Singh Negi, eminent folk singer Dr Pritam Bhartwan, Siddharth Bodh, eminent educationist Dr DR Purohit and translator Mukesh Lal.

Chief Minister Pushkar Singh Dhami, who joined the programme digitally, applauded Lal’s efforts in bringing the book to a wider readership. He said the English translation would have a far-reaching impact in helping people understand Uttarakhand and its rich cultural heritage better, particularly because English today has a much wider audience.

The Chief Minister described Negi not merely as a singer but also as a poet and man of literature who has portrayed the various facets of Uttarakhand through his songs and poetry. He said the book carries considerable heritage value and would help take Negi’s poetry beyond linguistic and geographical barriers, enabling people even outside the country to understand the depth and richness of his literary work.

Khajan Das also appreciated Lal’s effort in bringing out the book and said it had succeeded in conveying the deep emotions and cultural ethos of Uttarakhand through a poetic medium. He said translating Negi’s songs into English would help take the state’s rich folk culture and literary traditions to a much wider audience.

The speakers at the programme shared the view that the book is an important effort to reconnect the younger generation with its Pahadi roots at a time when the younger generation is gradually losing touch with its Uttarakhandi identity. The English translation of Negi’s songs was described as an attempt to preserve and reinterpret the emotional and cultural connect associated with the songs for today’s youth.

The speakers particularly appreciated the translator’s contribution in creating a nostalgic link between the younger generation and the songs that have remained closely associated with the social, cultural and emotional life of Uttarakhand. They said Negi’s songs are not merely musical compositions but also reflect the changing social realities, traditions, aspirations and identity of the people of the hills.

The programme was attended by a large number of eminent personalities associated with the fields of culture, music, literature and education. The event concluded with a vote of thanks by Lal himself.

The book launch event was held under the aegis of Ruskin Bond Foundation.",en,8/12/26 17:00,8/14/26 11:13,Dehradun,,chief minister|dhami|garhwal|uttarakhand,newspaper4k,427
479dbaefa95657c2feeb75b81658170df9aadb14,https://garhwalpost.in/army-leads-joint-rescue-effort-after-flash-flood-in-malari-niti/,https://garhwalpost.in/army-leads-joint-rescue-effort-after-flash-flood-in-malari-niti,garhwal_post,Garhwal Post,rss,Army leads joint rescue effort after flash flood in Malari–Niti,"Garhwal Post Bureau Dehradun, 11 Aug: A sudden flash flood triggered by heavy upstream rainfall had yesterday swept away a 120‑foot modular bailey bridge over the Tamak stream near Tamak Nala on the Malari–Niti National Highway in Chamoli district. The surge had also carried away vehicles in the vicinity, temporarily cutting off road connectivity to more than […]","Garhwal Post Bureau
Dehradun, 11 Aug: A sudden flash flood triggered by heavy upstream rainfall had yesterday swept away a 120‑foot modular bailey bridge over the Tamak stream near Tamak Nala on the Malari–Niti National Highway in Chamoli district. The surge had also carried away vehicles in the vicinity, temporarily cutting off road connectivity to more than a dozen border villages including Malari, Gamshali, Jumma and Niti.
During the incessant rainfall, Havildar Pankaj of 123 Road Construction Company at Suraithota accompanied his Officer Commanding to reconnoitre the bridge and assess the situation. As the flash flood struck, he displayed remarkable courage and presence of mind, guiding civilians and vehicles away from danger and directing approaching traffic to halt at a safe distance. In the process he was swept away by the powerful current and remains missing despite the continued search operation which is still underway.
Indian Army HADR columns, supported by specialised search and rescue teams and medical personnel from Malari and Joshimath, were immediately mobilised under the Ibex Brigade. The Army coordinated closely with the civil administration and other response agencies to launch sustained search operations. Searches continued through the evening of 10 August and resumed at first light on 11 August with reinforced teams and specialised equipment. Operations are being carried out in challenging high‑altitude terrain, strong currents and adverse weather conditions.
The Army has reaffirmed its commitment to supporting the civil administration and affected border communities while continuing all efforts to locate Havildar Pankaj, whose selfless actions epitomise the ethos of service before self. The search continues with unwavering resolve.",en,8/12/26 16:56,8/14/26 11:13,Dehradun|Chamoli,investigation_justice|infrastructure|environment_disaster,garhwal,trafilatura,263
8239c33475d64769b5b67cd79ad908bcb236f970,https://garhwalpost.in/cm-hears-public-grievances-orders-prompt-resolution/,https://garhwalpost.in/cm-hears-public-grievances-orders-prompt-resolution,garhwal_post,Garhwal Post,rss,"CM hears public grievances, orders prompt resolution","Garhwal Post Bureau Dehradun, 11 Aug: Chief Minister Pushkar Singh Dhami today met people from different parts of the state at the Mukhya Sevak Sadan in the Chief Minister’s residence and listened to their grievances. Citizens from various districts apprised him of issues relating to roads and connectivity, drinking water, electricity, education, health, revenue, irrigation, employment, […]","""Garhwal Post Bureau",,,,,,,,

Dehradun, 11 Aug: Chief Minister Pushkar Singh Dhami today met people from different parts of the state at the Mukhya Sevak Sadan in the Chief Minister’s residence and listened to their grievances. Citizens from various districts apprised him of issues relating to roads and connectivity, drinking water, electricity, education, health, revenue, irrigation, employment, transfers and local development.,,,,,,,

The CM heard each matter individually, sought details of the cases and directed the officials to take necessary action to resolve the issues. He said that direct dialogue between the public and government strengthens democratic functioning, and public hearings provide an opportunity for citizens to place their concerns directly before the administration, paving the way for resolution of pending matters at different levels.,,,,,,,,,,,,,

Dhami also directed the officials to act without unnecessary delay in cases where departmental action is possible, and to present matters requiring government-level decisions with due process. He emphasised that the government’s priority is to ensure that every citizen benefits from good governance and that schemes and policies are meaningful only when their benefits reach the needy in time. He directed that all matters be forwarded to the concerned departments for early action.,,,,,,,,,,,,,,,

The CM observed that the government is working in line with the public expectations and sentiments and is making continuous efforts for the overall development of the state. He urged the officials to resolve public issues with a humane approach while adhering to rules.,,,,,,,,,,,,,,,,

On the occasion, Principal Secretary RK Sudhanshu, Secretary Shailesh Bagoli, Garhwal Commissioner Anand Swaroop, IG Garhwal Rajiv Swaroop," Additional Secretary JC Kandpal and other officials from the Chief Minister’s office were also present.""",en,8/12/26 16:55,8/14/26 11:13,Dehradun,infrastructure|health_education,chief minister|dhami|garhwal,newspaper4k,273,,,
b4db35a3626723fb07f2873ce0e0b006e4c70257,https://garhwalpost.in/govt-orders-scientific-study-of-tamak-nala-flash-floods/,https://garhwalpost.in/govt-orders-scientific-study-of-tamak-nala-flash-floods,garhwal_post,Garhwal Post,rss,Govt orders scientific study of Tamak Nala flash floods,"Garhwal Post Bureau Dehradun, 11 Aug: The government has decided to undertake a detailed scientific investigation into the sudden surge in water flow and large-scale debris that struck Tamak Nala along the Jyotirmath-Malari motor road in Chamoli district yesterday, with the State Disaster Management and Rehabilitation Department seeking a comprehensive assessment from several leading scientific and technical […]","Garhwal Post Bureau
Dehradun, 11 Aug: The government has decided to undertake a detailed scientific investigation into the sudden surge in water flow and large-scale debris that struck Tamak Nala along the Jyotirmath-Malari motor road in Chamoli district yesterday, with the State Disaster Management and Rehabilitation Department seeking a comprehensive assessment from several leading scientific and technical institutions.
Secretary, Disaster Management and Rehabilitation, Vinod Kumar Suman has written to the directors of the Wadia Institute of Himalayan Geology, National Remote Sensing Centre (NRSC), Indian Institute of Remote Sensing (IIRS), Uttarakhand Space Application Centre (U-SAC), Geological Survey of India (GSI), India Meteorological Department (IMD) and National Institute of Hydrology (NIH), requesting them to undertake a detailed scientific study of the incident and its causes.
The institutions have been urged to study the upper catchment of Tamak Nala and identify the actual source of the sudden increase in water discharge. The study will specifically examine whether the surge was caused by normal rainfall, exceptionally intense localised rainfall, a cloudburst, rapid surface runoff or any other hydrological factor. The agencies have also been asked to identify the source and origin zone of the enormous quantity of debris that entered the nala and assess the possible role of landslides, ground subsidence, slope failure, rockfall or other geomorphological activity in the upper reaches.
Suman said the Jyotirmath-Malari motor road is extremely important not only for local residents and movement in the area but also from the strategic point of view as it provides connectivity to the border region. He said a scientific assessment of the causes of the incident and the potential risks in the future is therefore essential.
He said the findings of the study would help in improving the planning, design and monitoring of roads, bridges and other critical infrastructure in the border areas and in making disaster management strategies more effective. The scientific assessment would also provide a better understanding of the vulnerability of the upper catchment and help authorities take preventive measures before similar events occur in the future.
The Secretary has requested the institutions to conduct studies and tests according to their respective areas of expertise and submit their reports to the Uttarakhand State Disaster Management Authority within 15 days. The reports are also expected to contain expert recommendations on measures required to reduce future risks in the area, strengthen monitoring mechanisms and improve early warning systems.
According to Suman, the scientific investigation will use modern technologies, including satellite imagery, high-resolution remote sensing, drone surveys and GIS-based analysis, to make a comparative assessment of conditions in the area before and after the incident. Such analysis is expected to help identify changes in the terrain, drainage patterns, slope stability and debris movement associated with the event.
The scientific agencies have also been asked to analyse available satellite and radar-based rainfall data, information from local rain-gauge stations and other meteorological records to determine the nature, intensity and duration of rainfall in the upper catchment immediately before and during the incident. This assessment will help establish whether an unusually intense rainfall event contributed to the sudden rise in the water level of the Tamak Nala.
The institutions have further been asked to scientifically examine the area for evidence of landslides, rockfall, debris flow, flash flood or other rapid geo-hydrological processes that may have contributed to the incident. The investigation will also cover possible natural sources of sudden water accumulation or discharge, including glaciers, snow-covered areas and permanent or semi-permanent water bodies in the upper catchment.",en,8/12/26 16:53,8/14/26 11:13,Dehradun|Chamoli,infrastructure|environment_disaster,garhwal|uttarakhand,trafilatura,582
2a46c9a51fe374e93ede1bca5c26f89a67d609ca,https://www.jagran.com/uttarakhand/nainital-uttarakhand-high-court-shift-nainital-to-haldwani-approved-40338623.html,https://jagran.com/uttarakhand/nainital-uttarakhand-high-court-shift-nainital-to-haldwani-approved-40338623.html,gnews_uttarakhand_hi,jagran.com,gnews,"नैनीताल से हल्द्वानी शिफ्ट होगा हाईकोर्ट, 30 हेक्टेयर जमीन पर बनेगा नया परिसर; उत्तराखंड सरकार ने दी मंजूरी","नैनीताल से हल्द्वानी शिफ्ट होगा हाईकोर्ट, 30 हेक्टेयर जमीन पर बनेगा नया परिसर; उत्तराखंड सरकार ने दी मंजूरी  jagran.com","नैनीताल से हल्द्वानी शिफ्ट होगा हाईकोर्ट, 30 हेक्टेयर जमीन पर बनेगा नया परिसर; उत्तराखंड सरकार ने दी मंजूरी
उत्तराखंड सरकार ने हाईकोर्ट को नैनीताल से हल्द्वानी स्थानांतरित करने को प्रशासनिक मंजूरी दे दी है। नया परिसर हल्द्वानी के लामाचौड़ में 30 हेक्टेयर वन ...और पढ़ें
HighLights
- हाईकोर्ट नैनीताल से हल्द्वानी स्थानांतरित करने को मंजूरी मिली।
- हल्द्वानी के लामाचौड़ में 30 हेक्टेयर भूमि पर बनेगा।
- नैनीताल परिसर का उपयोग राज्य सरकार करेगी।
जागरण संवाददाता, नैनीताल। प्रदेश सरकार ने एक बड़ा प्रशासनिक निर्णय लेते हुए उत्तराखंड हाई कोर्ट को नैनीताल से हल्द्वानी स्थानांतरित करने के संबंध में प्रशासनिक स्वीकृति प्रदान कर दी है। शासन की ओर से जारी आदेश के अनुसार, अब उच्च न्यायालय कॉम्प्लेक्स का निर्माण हल्द्वानी के लामाचौड़ क्षेत्र में किया जाएगा। इस संबंध में प्रमुख सचिव न्याय एवं विधि परामर्शी अमित कुमार सिरोही की ओर से लोक निर्माण विभाग के सचिव (नोडल अधिकारी) को पत्र भेजकर आगे की प्रक्रियात्मक कार्यवाही शीघ्र पूर्ण करने के निर्देश दिए गए हैं।
30 हेक्टेयर वन भूमि पर बनेगा नया हाईकोर्ट परिसर
शासनादेश के अनुसार, हल्द्वानी में तराई पूर्वी वन प्रभाग, रुद्रपुर के भाखड़ा रेंज अंतर्गत लामाचौड़ ब्लॉक में स्थित कुल 73 हेक्टेयर वन भूमि में से 30 हेक्टेयर भूमि उच्च न्यायालय कॉम्प्लेक्स के लिए हस्तांतरित की जाएगी। यह भूमि हल्द्वानी-रुद्रपुर राजमार्ग संख्या-05 से लगी हुई है और बेल बाबा मंदिर के पास प्लॉट संख्या 46 (36 हेक्टेयर) तथा 47 (37 हेक्टेयर) के अंतर्गत आती है।
पूर्व में 6 जून 2023 को गौलापार में 26.08 हेक्टेयर भूमि में हाईकोर्ट स्थापित करने की सैद्धांतिक/प्रशासनिक स्वीकृति दी गई थी, जिसे अब संशोधित करते हुए लामाचौड़ की 30 हेक्टेयर भूमि में रीलोकेट करने का अंतिम निर्णय लिया गया है।
जिलाधिकारी और रजिस्ट्रार जनरल की आख्या पर निर्णय
उच्च न्यायालय के महानिबंधक की ओर से दो जुलाई को प्रेषित पत्र और नैनीताल जिलाधिकारी की 14 मई 2026 की स्थल निरीक्षण आख्या के आधार पर लामाचौड़ की इस भूमि को हाई कोर्ट परिसर के निर्माण के लिए सर्वथा उपयुक्त माना गया था।
खबरें और भी
राज्य सरकार ने प्रस्ताव पर विचार-विमर्श करने के बाद राज्यपाल की सहर्ष प्रशासनिक स्वीकृति प्रदान की गई है। इस निर्णय से अब हल्द्वानी में एक वृहद और आधुनिक न्यायिक परिसर के निर्माण का मार्ग पूरी तरह से प्रशस्त हो गया है।
नैनीताल के मौजूदा परिसर का होगा अन्य उपयोग
शासन के जारी आदेश में यह भी स्पष्ट किया गया है कि हल्द्वानी में नए स्थान पर उच्च न्यायालय का संचालन शुरू होने के बाद नैनीताल स्थित मौजूदा संपूर्ण न्यायिक परिसर को राज्य सरकार अपने उपयोग में लेगी या इसका अन्य मुद्रीकरण/प्रशासनिक उपयोग किया जाएगा।
न्याय विभाग ने संबंधित सभी विभागों को हस्तांतरण से जुड़ी प्रक्रिया जल्द से जल्द पूरी करने के निर्देश दिए हैं ताकि नए हाई कोर्ट परिसर के निर्माण कार्य को गति दी जा सके।
यह भी पढ़ें- गंभीर बीमार कैदी को एम्स भेजने को पुलिस बल मुहैया नहीं कराया, नैनीताल हाईकोर्ट सख्त",hi,8/12/26 16:30,8/14/26 11:14,Nainital|Udham Singh Nagar,investigation_justice|infrastructure,उत्तराखंड|उत्तराखंड सरकार|राज्य सरकार|राज्यपाल,trafilatura,474
f9c30736ba9690f3ff29c3ac1cabf9f4f435dfca,https://www.jagran.com/uttarakhand/dehradun-city-uttarakhand-to-become-literature-culture-hub-cm-dhami-40338612.html,https://jagran.com/uttarakhand/dehradun-city-uttarakhand-to-become-literature-culture-hub-cm-dhami-40338612.html,gnews_dhami_govt,Jagran,gnews,"साहित्य और संस्कृति का केंद्र बनेगा उत्तराखंड, 2 'साहित्य ग्राम' विकसित करेगी धामी सरकार","साहित्य और संस्कृति का केंद्र बनेगा उत्तराखंड, 2 'साहित्य ग्राम' विकसित करेगी धामी सरकार  Jagran","साहित्य और संस्कृति का केंद्र बनेगा उत्तराखंड, 2 'साहित्य ग्राम' विकसित करेगी धामी सरकार
मुख्यमंत्री धामी ने उत्तराखंड को पर्यटन के साथ साहित्य-संस्कृति का राष्ट्रीय केंद्र बनाने की घोषणा की, जिसमें दो 'साहित्य ग्राम' विकसित होंगे और लोकभा ...और पढ़ें
HighLights
- उत्तराखंड में दो 'साहित्य ग्राम' विकसित होंगे।
- कलाकारों, साहित्यकारों की मासिक पेंशन दोगुनी की गई।
- नेगी के गीतों का अंग्रेजी अनुवाद 'माउंटेन मेलोडीज' लोकार्पित।
जागरण संवाददाता, देहरादून। उत्तराखंड को पर्यटन के साथ-साथ साहित्य और संस्कृति का राष्ट्रीय केंद्र बनाने की दिशा में सरकार आगे बढ़ रही है। मुख्यमंत्री पुष्कर सिंह धामी ने कहा कि प्रदेश में दो ‘साहित्य ग्राम’ विकसित किए जाएंगे, जहां साहित्यकारों के लिए आवास, पुस्तकालय, अध्ययन केंद्र और संगोष्ठी जैसी सुविधाएं उपलब्ध कराई जाएंगी।
उन्होंने कहा कि लोकभाषाओं, लोककलाओं और सांस्कृतिक विरासत को संरक्षित करना और नई पीढ़ी को अपनी सांस्कृतिक जड़ों से जोड़ना सरकार की प्राथमिकता है।
बुधवार को सोशल बलूनी पब्लिक स्कूल में लोकगायक नरेंद्र सिंह नेगी के जन्मदिवस पर आयोजित संस्कृति सम्मान समारोह में मुख्यमंत्री ने कहा कि उत्तराखंड की लोक संस्कृति प्रदेश की आत्मा और पहचान है। जागर, मांगल, खुदेड़ और छोपाटी जैसे लोकगीतों से लेकर ढोल, दमाऊ, हुड़का, मशक, तुर्री और भंकोरा जैसे लोक वाद्य राज्य की समृद्ध सांस्कृतिक परंपरा के आधार हैं।
सरकार इन परंपराओं को अगली पीढ़ी तक पहुंचाने के लिए निरंतर प्रयास कर रही है। राज्य को केवल पर्यटन की दृष्टि से ही नहीं, बल्कि साहित्य और संस्कृति के राष्ट्रीय केंद्र के रूप में भी पहचान दिलाने का प्रयास किया जा रहा है। देहरादून में हिमालय सांस्कृतिक केंद्र, आर्ट गैलरी और संग्रहालय जैसी पहलें इसी सोच का हिस्सा हैं।
लोकभाषाओं और बोलियों का संरक्षण सरकार की प्राथमिकता: सीएम धामी
मुख्यमंत्री ने बताया कि लोक कलाकारों को मंच और रोजगार उपलब्ध कराने के लिए अब तक 275 सांस्कृतिक दलों और 226 एकल कलाकारों को सूचीबद्ध किया जा चुका है। ढोल-दमाऊ समेत पारंपरिक वाद्ययंत्रों से जुड़े पात्र कलाकारों को प्रतिवर्ष निश्शुल्क वाद्ययंत्र और वेशभूषा उपलब्ध कराई जा रही है।
खबरें और भी
लोककला और साहित्य को जीवन समर्पित करने वाले वृद्ध और आर्थिक रूप से कमजोर कलाकारों, साहित्यकारों और लेखकों की मासिक पेंशन तीन हजार से बढ़ाकर छह हजार रुपये की गई है। वर्तमान में 180 कलाकार इसका लाभ ले रहे हैं। नई पीढ़ी को लोककलाओं से जोड़ने के लिए छह माह की गुरु-शिष्य प्रशिक्षण कार्यशालाएं आयोजित की जा रही हैं।
वर्ष 2025 में ‘दीर्घकालीन साहित्य सेवी सम्मान’ शुरू किया जाएगा, जिसके तहत पांच लाख रुपये की सम्मान राशि दी जाएगी। ‘उत्तराखंड साहित्य गौरव सम्मान’ से अब तक 57 साहित्यकार सम्मानित किए जा चुके हैं। वहीं ‘साहित्य भूषण पुरस्कार’ की सम्मान राशि पांच लाख 51 हजार रुपये निर्धारित की गई है।
वर्ष 2022 से अब तक 102 लेखकों की पुस्तकों के प्रकाशन के लिए आर्थिक अनुदान भी दिया गया है। मुख्यमंत्री ने कहा कि लोकभाषाओं और बोलियों का संरक्षण सरकार की प्राथमिकताओं में है। इसके लिए समाज, कलाकारों और साहित्यकारों के सहयोग से काम किया जा रहा है। उन्होंने कहा कि उत्तराखंड की सांस्कृतिक विरासत को आने वाली पीढ़ियों के लिए और समृद्ध बनाने का प्रयास जारी रहेगा।
गीतों के अंग्रेजी अनुवाद की पुस्तक का भी लोकार्पण
पहाड़ की लोकसंस्कृति, जनजीवन और संवेदनाओं को गीतों में आवाज देने वाले गढ़रत्न नरेंद्र सिंह नेगी के जन्मदिन पर बुधवार को सोशल बलूनी पब्लिक स्कूल में संस्कृति का रंग जमा। अरुणाचल प्रदेश के प्रख्यात रंगकर्मी, अभिनेता और नाटककार ताई तुगुंग को तीसरा ‘नरेंद्र सिंह नेगी संस्कृति सम्मान-2026’ प्रदान किया गया। मुख्यमंत्री पुष्कर सिंह धामी ने उन्हें अंगवस्त्र, प्रशस्तिपत्र और 2.51 लाख रुपये की सम्मान राशि देकर सम्मानित किया।
मुख्यमंत्री ने कहा कि नेगी के गीतों में उत्तराखंड का जनजीवन, प्रकृति, संघर्ष, संवेदनाएं और सामाजिक सरोकार जीवंत होते हैं। उन्होंने कहा कि नेगी ने अपने गीतों के माध्यम से उत्तराखंड की लोक संस्कृति को राष्ट्रीय और अंतरराष्ट्रीय स्तर पर विशिष्ट पहचान दिलाई है। उनके गीत पहाड़वासियों के दिल की धड़कन बन चुके हैं।
नेगी ने अपनी रचनाओं में पहाड़ के सुख-दुख और बदलते सामाजिक परिवेश को जिस तरह स्वर दिया, वह उन्हें लोकसंस्कृति का सशक्त प्रतिनिधि बनाता है। मुख्यमंत्री ने ताई तुगुंग के सांस्कृतिक योगदान की सराहना करते हुए कहा कि उन्होंने न्यीशी भाषा, अरुणाचली हिंदी, रंगमंच और सिनेमा के माध्यम से अरुणाचल प्रदेश की लोक संस्कृति और परंपराओं को व्यापक पहचान दिलाई है।
उनका चर्चित नाटक ‘लप्या’ और फिल्म ‘संगी माई’, जिसका प्रदर्शन कांस फिल्म फेस्टिवल में भी हुआ, उनकी रचनात्मक यात्रा के महत्वपूर्ण उदाहरण हैं। सम्मान ग्रहण करने के बाद ताई तुगुंग ने उत्तराखंड के लोक समाज का आभार जताया। उन्होंने कहा कि नरेंद्र सिंह नेगी जैसे महान लोक कलाकार के नाम पर मिला सम्मान उनके लिए गौरव और प्रेरणा का विषय है।
समारोह में नरेंद्र सिंह नेगी के चुनिंदा गीतों के अंग्रेजी अनुवाद पर आधारित पुस्तक ‘माउंटेन मेलोडीज ऑफ नरेंद्र सिंह नेगी’ का भी लोकार्पण किया गया। पुस्तक के लेखक उत्कर्ष भट्ट हैं। मुख्यमंत्री ने कहा कि नेगी के गीतों का अंग्रेजी में अनुवाद उत्तराखंड की लोकभाषा और संस्कृति को वैश्विक पाठकों तक पहुंचाने की महत्वपूर्ण पहल है।
नेगी ने मुख्यमंत्री और आयोजकों का आभार जताते हुए ताई तुगुंग को सम्मान के लिए बधाई दी। उन्होंने कहा कि इस सम्मान के बहाने उत्तराखंड को अरुणाचल प्रदेश की संस्कृति और सभ्यता को करीब से जानने का अवसर मिला है। हिमालयी राज्यों के बीच सांस्कृतिक संबंध मजबूत करने में ऐसे आयोजन महत्वपूर्ण भूमिका निभा सकते हैं।
कार्यक्रम की अध्यक्षता बलूनी ग्रुप के चेयरमैन नवीन बलूनी ने की। उन्होंने कहा कि नरेंद्र सिंह नेगी जैसे गीतकार सदियों में पैदा होते हैं और उनकी आवाज व गीत पहाड़ की आत्मा के रूप में हर उत्तराखंडी के दिल में बसे हैं। कार्यक्रम में दून विश्वविद्यालय की कुलपति प्रो. सुरेखा डंगवाल, इंद्रजीत सिंह नेगी, शिव प्रसाद सेमवाल, दिग्मोहन नेगी समेत साहित्यकार, कलाकार और संस्कृति प्रेमी मौजूद रहे।",hi,8/12/26 16:30,8/14/26 10:14,Dehradun,protest_agitation|health_education|tourism_religion|politics_governance,उत्तराखंड|धामी|पुष्कर सिंह धामी|मुख्यमंत्री,trafilatura,933
c21cff70bc0ff5de564585d44adc81ebc03847a0,https://hindi.news18.com/news/uttarakhand/nainital-lote-wale-ki-jalebi-food-stories-local18-10743773.html,https://hindi.news18.com/news/uttarakhand/nainital-lote-wale-ki-jalebi-food-stories-local18-10743773.html,news18_hindi_uttarakhand,News18 Hindi,rss,"Nainital News : बाहर से कुरकुरा, अंदर से रसदार, अंग्रेज भी थे नैनीताल की इस मिठाई के दीवाने...176 साल पुराना लोटे वाले का जलेबा",Lote-wale ka Jaleba Nainital : नैनीताल में ‘लोटे वाले की दुकान’ अपने जलेबे के लिए हमेशा से चर्चा में रही है. करीब 176 साल पुरानी इस दुकान की नींव साल 1850 में शिवलाल शाह ने रखी थी. उस समय नैनीताल अंग्रेजी शासन के अधीन था. दुकान पर बनने वाले जलेबा का स्वाद धीरे-धीरे इतना लोकप्रिय हुआ कि कई ब्रिटिश अधिकारी भी उसके मुरीद हो गए. यह दुकान समय के साथ नैनीताल के पुराने बाजार की पहचान बन गई. लोकल 18 से दुकान के मालिक रक्षित साह बताते हैं कि यहां मिलने वाला जलेबा आम जलेबी से आकार में काफी बड़ा और मोटा होता है. बाहर से कुरकुरा और अंदर से रसदार होता है.,,hi,8/12/26 16:19,8/14/26 11:13,Nainital,,,,0
5359b9d7e4f04ecbb9edf91bafbe5f2916dafa54,https://garhwalpost.in/ravindra-jugran-urges-saurabh-bahuguna-to-amend-recruitment-criteria-for-fisheries-inspectors/,https://garhwalpost.in/ravindra-jugran-urges-saurabh-bahuguna-to-amend-recruitment-criteria-for-fisheries-inspectors,gnews_dehradun_en,garhwalpost.in,gnews,Ravindra Jugran urges Saurabh Bahuguna to amend recruitment criteria for fisheries inspectors,Ravindra Jugran urges Saurabh Bahuguna to amend recruitment criteria for fisheries inspectors  garhwalpost.in,"Garhwal Post Bureau

Dehradun, 11 Aug: Senior BJP leader Ravindra Jugran called on Cabinet Minister Saurabh Bahuguna on Monday and submitted a memorandum seeking amendment in the recruitment rules for the post of fisheries inspector. Jugran urged that the eligibility criteria for the post be broadened to include graduates in Botany, Zoology and Chemistry, so that a larger number of youth may be allowed to appear in the examination. He said that this would increase competition and enable the department to recruit better personnel. Jugran further stated that along with these subjects, graduates in Fisheries Science should also continue to be given opportunities as earlier.

Responding positively to the representation, Minister Bahuguna directed the Secretary, Fisheries, Government of Uttarakhand, to examine the proposal and initiate necessary action.",en,8/12/26 16:10,8/14/26 10:15,Dehradun,politics_governance,garhwal|uttarakhand,newspaper4k,127
7b3cd160567d58632e8a06fc227a9442caa80e75,https://www.indiatoday.in/india/story/uttarakhand-free-online-coaching-upsc-ssc-banking-exams-yojana-2026-2969738-2026-08-12,https://indiatoday.in/india/story/uttarakhand-free-online-coaching-upsc-ssc-banking-exams-yojana-2026-2969738-2026-08-12,gnews_uttarakhand_en,India Today,gnews,"Uttarakhand to offer free online coaching for UPSC, SSC, banking exams","Uttarakhand to offer free online coaching for UPSC, SSC, banking exams  India Today","Uttarakhand to offer free online coaching for UPSC, SSC, banking exams
Uttarakhand is set to launch a scheme offering free online coaching for competitive exams to higher education students. The programme aims to widen access for remote, hilly and financially constrained aspirants.
The Uttarakhand government is set to launch the Chief Minister Yuva Bhavishya Nirman Yojana-2026, under which students pursuing higher education in the state will receive free online coaching for a range of competitive examinations.
Chief Minister Pushkar Singh Dhami has approved the scheme and is expected to formally launch it soon.
The programme will be available to students enrolled in universities, government colleges and government-aided colleges across Uttarakhand.
Under the scheme, students will be provided online coaching and study support for examinations including the Civil Services conducted by UPSC and state public service commissions, CDS, banking, Railways and SSC.
It will also cover entrance and eligibility tests such as CAT, MAT, GATE, NET and CSIR-NET.
The government said the scheme is aimed at expanding access to coaching, particularly for students in remote and hilly areas and those unable to afford private coaching.
The date for the formal launch is yet to be announced. Online coaching will begin after the scheme is rolled out.",en,8/12/26 15:50,8/14/26 11:19,,health_education,chief minister|dhami|uttarakhand|uttarakhand government,trafilatura,205
61aa772fd04faac30174e1e673ddf12421a72d0e,https://www.thestatesman.com/india/uttarakhand-madrasas-cock-a-snook-at-dhami-governments-efforts-to-integrate-them-with-mainstream-education-system-1503626966.html,https://thestatesman.com/india/uttarakhand-madrasas-cock-a-snook-at-dhami-governments-efforts-to-integrate-them-with-mainstream-education-system-1503626966.html,gnews_uttarakhand_en,The Statesman,gnews,Uttarakhand madrasas cock a snook at Dhami government’s efforts to integrate them with mainstream education system,Uttarakhand madrasas cock a snook at Dhami government’s efforts to integrate them with mainstream education system  The Statesman,"Rescue teams rushed to the under-construction tunnel after the sudden surge left workers trapped inside. Army, NDRF, SDRF and other agencies are using machinery and boats to reach those still inside.
Madrasas in Uttarakhand have cocked a snook at the Pushkar Singh Dhami government’s efforts to integrate them with the state education board and the mainstream education system.
Only seven of the 452 state-recognised madrasas have shown interest in seeking affiliation with the Uttarakhand Education Board after the Dhami government scrapped the State Madarsa Board on July 1.
Advertisement
The government’s efforts to integrate minority children into the mainstream education system in Uttarakhand have suffered a setback.
Advertisement
The State Minority Education Authority, which replaced the State Madarsa Board on July 1, has failed to attract madrasas and minority educational institutions, as only one per cent of them have obtained the mandatory recognition from the Uttarakhand Education Board and the Authority.
Out of the 452 madrasas in the state, only seven have received recognition from the department and the Authority so far.
According to an investigation report submitted to the Authority by Dehradun’s District Minority Welfare Officer, a large number of madrasas have flatly refused to seek recognition from the State Education Board, while several have not provided information to the probe team.
It is notable that the Dhami government abolished the State Madarsa Board and replaced it with the State Minority Education Authority with the objective of providing modern education including subjects such as science and mathematics, to students studying in madrasas.
It also aimed to usher in transparency and bring minority educational institutions under a uniform administrative framework.
According to the probe report, the majority of the 41 state-recognised madrasas in Dehradun have not yet completed the required legal formalities. Several madrasas told the probe team that they were still preparing documents to apply for recognition from the State Education Board.
State Education Board officials have stated that in Udham Singh Nagar district, 11 madrasas had applied to the Education Department for recognition, but all the applications were rejected for failing to meet the board’s criteria. According to Authority officials, only seven madrasas, all from Haridwar, have received recognition from the State Education Board so far.
Chairman of the State Minority Education Authority, Surjeet Singh Gandhi, said madrasas and other minority educational institutions still have nearly one and a half months to register with the State Education Board, as September-end is the deadline set by the government.
Gandhi said, “Madrasas and other minority educational institutions have been given three months to seek recognition from the State Education Board. The deadline will end on September 30, following which the state government will be asked to take action against erring madrasas. Unrecognised madrasas will either have to get themselves recognised or transfer their students to other madrasas.”
Advertisement",en,8/12/26 15:46,8/14/26 11:19,Dehradun|Haridwar|Udham Singh Nagar,infrastructure,dhami|uttarakhand,trafilatura,468
28285f497477f9c641b13eb6a5c72c09ee629a9e,https://www.etvbharat.com/en/state/seven-madrassas-among-nine-minority-institutions-accredited-under-new-framework-in-uttarakhand-enn26081206373,https://etvbharat.com/en/state/seven-madrassas-among-nine-minority-institutions-accredited-under-new-framework-in-uttarakhand-enn26081206373,gnews_uttarakhand_en,ETV Bharat,gnews,Seven Madrassas Among Nine Minority Institutions Accredited Under New Framework In Uttarakhand,Seven Madrassas Among Nine Minority Institutions Accredited Under New Framework In Uttarakhand  ETV Bharat,"Seven Madrassas Among Nine Minority Institutions Accredited Under New Framework In Uttarakhand
The Uttarakhand government has abolished the state's Madrasa board effective July 1, 2026 mandating registration with the 'Uttarakhand Minority Education Authority', reports Dheeraj Sajwan.
Dehradun: Following major changes to the madrasa education system in Uttarakhand, a process is underway to register and accredit minority educational institutions under a new framework.
The state's Madrasa Board system was abolished effective July 1, 2026. Consequently, all minority educational institutions—including madrasas—must now complete the registration and accreditation process under the 'Uttarakhand Minority Education Authority.'
The new system devised by the government aims to establish a uniform regulatory framework for minority educational institutions operating in the state. Data following the implementation of this new system indicate that, so far, a total of nine minority educational institutions—including seven madrasas—have received accreditation.
However, the total number of registered madrasas in the state is significantly higher than this figure. Bringing a large number of madrasas and other minority educational institutions under the new system in the near future is considered a major challenge for the department.
Dr. Parag Madhukar Dhakate, Special Secretary of the Uttarakhand Minority Welfare Department, stated that the government is receiving a “positive response from minority educational institutions regarding the new system”.
“Institutions that meet the prescribed standards are being affiliated with the Uttarakhand Minority Education Institution Authority. The department is also providing necessary support to institutions to help them complete the accreditation process, ""Dhakate said.
He said that continuous coordination is being maintained with madrasa administrators, who are being informed about the new system, the accreditation process, and the prescribed standards.
“The department aims to ensure that eligible institutions face no unnecessary difficulties and that the accreditation process for those meeting the required standards is completed on time.""
Madrasas Brought Under Uttarakhand Minority Education Authority Domain
With the abolition of the Madrasa Board in Uttarakhand, madrasas will no longer operate under the Board as they previously did. The new system seeks to bring minority educational institutions under the purview of a single authority. This means that institutions will now be required to adhere to prescribed regulations and educational standards.
The government has also clarified that institutions applying for recognition will be evaluated based on prescribed standards. Special emphasis is being placed on educational standards throughout this process. The government aims to ensure that students in minority institutions have access to an educational system that gives due importance to modern subjects alongside religious and traditional education.
Under the new system, the emphasis will be on ensuring that institutions meet standards regarding the quality of education, necessary resources, staff, and other prescribed criteria. With the dissolution of the Madrasa Board, the major question arises as to how all the state's madrasas will be integrated into this new framework.
According to available data, a significant number of madrasas are currently outside the recognition process. While some institutions have applied for recognition, others have yet to fulfill the prescribed procedures and standards. Consequently, the department faces the challenge of accelerating the recognition process in the near future.
Furthermore, scrutiny of applications received in certain areas has revealed instances where institutions failed to meet the required standards. This clearly indicates that merely applying does not guarantee recognition; institutions must comply with the conditions stipulated by the authority and the Education Department. Wherever deficiencies are identified, the institutions will be required to rectify them.
Dhakate said that the department's objective is not to harass any institution but to bring all minority educational institutions under a structured system.
“Therefore, we are coordinating with madrasa administrators to assist them in completing the necessary procedures. The department aims to integrate institutions that meet the standards with the authority as quickly as possible,” he said.
The new system aims to bring all minority educational institutions under a unified framework. Regardless of which minority community an institution belongs to, if it operates as an educational institution, it must undergo the registration and recognition process prescribed by the system. This move is expected to facilitate better monitoring of institutions and ensure the uniform implementation of educational standards.
The department has also clarified that action will be taken under the rules against institutions that fail to register. Under the new system, obtaining recognition will not merely be an option; institutions will be required to formalize their status in accordance with the prescribed regulations.
The Education Department may initiate action against institutions that do not complete the recognition and registration processes. Recognition granted to 9 minority educational institutions so far: While the recognition of nine minority educational institutions—including seven madrasas—marks the initial progress of this process, the figure remains quite low considering the total number of such institutions in the state.
Consequently, the department will focus on accelerating the recognition process and bringing as many institutions as possible under the ambit of the new system in the coming days.
The timeline associated with the new system also makes this entire process significant. Institutions are required to complete the registration and recognition procedures within a stipulated timeframe. Institutions that fail to do so may face action in accordance with the rules. Given this, the next few weeks will be crucial for both madrasa administrators and the department.
Read More:",en,8/12/26 15:19,8/14/26 11:19,Dehradun,,uttarakhand|uttarakhand government,trafilatura,872
02768727509438161cc094cac2eebaf11c57ff7a,https://www.jagran.com/uttarakhand/dehradun-city-cm-dhami-reviews-jal-jeevan-mission-progress-in-uttarakhand-40338611.html,https://jagran.com/uttarakhand/dehradun-city-cm-dhami-reviews-jal-jeevan-mission-progress-in-uttarakhand-40338611.html,gnews_dhami_govt,jagran.com,gnews,"उत्तराखंड में 14.20 लाख परिवारों तक पहुंचा नल से जल, सीएम धामी बोले- सफलता सिर्फ कनेक्शन से नहीं, शुद्ध पानी से तय होगी - cm dhami reviews jal jeevan mission progress in uttarakhand","उत्तराखंड में 14.20 लाख परिवारों तक पहुंचा नल से जल, सीएम धामी बोले- सफलता सिर्फ कनेक्शन से नहीं, शुद्ध पानी से तय होगी - cm dhami reviews jal jeevan mission progress in uttarakhand  jagran.com","उत्तराखंड में 14.20 लाख परिवारों तक पहुंचा नल से जल, सीएम धामी बोले- सफलता सिर्फ कनेक्शन से नहीं, शुद्ध पानी से तय होगी
मुख्यमंत्री पुष्कर सिंह धामी ने जल जीवन मिशन की प्रगति की समीक्षा की, जिसमें 14.20 लाख ग्रामीण परिवारों को नल कनेक्शन मिले हैं। उन्होंने शत-प्रतिशत 'ह ...और पढ़ें
HighLights
- सीएम धामी ने जल जीवन मिशन की समीक्षा की।
- 14.20 लाख ग्रामीण परिवारों को नल कनेक्शन मिले।
- गुणवत्तापूर्ण पेयजल सुनिश्चित करने के निर्देश दिए गए।
डिजिटल डेस्क, देहरादून। मुख्यमंत्री पुष्कर सिंह धामी ने बुधवार को सचिवालय में जल जीवन मिशन की प्रगति, वित्तीय स्थिति, योजनाओं के संचालन एवं रख-रखाव तथा आगामी कार्ययोजना की समीक्षा की। बैठक में जलापूर्ति योजनाओं की प्रगति, ग्रामीण परिवारों तक नल से जल की पहुंच एवं सत्यापन, जल गुणवत्ता, वित्तीय प्रबंधन तथा योजनाओं के नियमित संचालन से संबंधित विभिन्न विषयों पर चर्चा की गई।
मुख्यमंत्री ने हर घर जल का लक्ष्य शत-प्रतिशत पूरा करने तथा शेष पात्र ग्रामीण परिवारों को निर्धारित समयसीमा में नल कनेक्शन से जोड़ने के निर्देश दिए। उन्होंने कहा कि जल जीवन मिशन की सफलता केवल नल कनेक्शन की संख्या से नहीं, बल्कि प्रत्येक घर तक नियमित, पर्याप्त, सुरक्षित एवं गुणवत्तापूर्ण पेयजल पहुंचने से तय होगी। पूर्ण हो चुकी योजनाओं का स्थलीय सत्यापन भी कराया जाए।
मुख्यमंत्री ने निर्माणाधीन एवं लंबित पेयजल योजनाओं को मिशन मोड में निर्धारित समयसीमा के भीतर पूरा करने तथा जिलाधिकारियों को संबंधित विभागों के साथ समन्वय कर शीघ्र समाधान सुनिश्चित करने के निर्देश दिये। उन्होंने कहा कि प्रत्येक योजना की भौतिक एवं वित्तीय प्रगति की नियमित समीक्षा की जाए।
मुख्यमंत्री ने पर्वतीय क्षेत्रों में पेयजल स्रोतों के संरक्षण एवं पुनर्जीवीकरण, वर्षा जल संचयन तथा जल स्रोतों के पुनर्भरण पर विशेष ध्यान देने के निर्देश दिए। प्रत्येक जनपद में जलापूर्ति संबंधी तकनीकी समस्याओं के त्वरित समाधान की व्यवस्था विकसित करने तथा योजनाओं के संचालन एवं रख-रखाव की स्थायी व्यवस्था सुनिश्चित करने के निर्देश दिये। मुख्यमंत्री ने जनपदवार लक्ष्य, समयसीमा और जवाबदेही तय करने तथा अनावश्यक विलंब पाए जाने पर संबंधित कार्यदायी संस्था एवं जिम्मेदार अधिकारियों की जवाबदेही तय करने के भी निर्देश दिये।
खबरें और भी
बैठक में बताया गया कि राज्य में जल जीवन मिशन के अंतर्गत 16,555 योजनाओं में से 15,540 योजनाएं पूरी हो चुकी हैं। राज्य की औसत प्रगति 92.46 प्रतिशत है तथा 1,015 योजनाएं प्रगति पर हैं। ग्रामीण परिवारों तक नल से जल की पहुंच की समीक्षा के दौरान बताया गया कि 14.48 लाख में से 14.20 लाख परिवारों को कनेक्शन दिये जा चुके हंैं। बैठक में जानकारी दी गई कि 14,979 गांवों में से 9,796 गांव में हर नल से जल का सत्यापन हो चुका है।
बैठक में अवस्थापना अनुश्रवण परिषद के उपाध्यक्ष विश्वास डाबर, प्रमुख सचिव आर.के.सुधांशु, सचिव पेयजल रणवीर सिंह चैहान, अपर सचिव रोहित मीणा, सु झरना कमठान एवं संबंधित अधिकारी उपस्थित थे।",hi,8/12/26 15:05,8/14/26 11:17,Dehradun,,dhami|uttarakhand|उत्तराखंड|धामी|पुष्कर सिंह धामी|मुख्यमंत्री|सचिवालय,trafilatura,456
e334517db3f32bea3b350f910f1c6ea9530fda0b,https://navbharattimes.indiatimes.com/state/uttarakhand/dehradun/uttarakhand-becomes-fully-literate-state-union-minister-prahlad-joshi-congratulates-cm-dhami-appreciates-ullas-program/articleshow/133184653.cms,https://navbharattimes.indiatimes.com/state/uttarakhand/dehradun/uttarakhand-becomes-fully-literate-state-union-minister-prahlad-joshi-congratulates-cm-dhami-appreciates-ullas-program/articleshow/133184653.cms,gnews_dhami_govt,Navbharat Times,gnews,उत्तराखंड बना ‘पूर्ण साक्षर राज्य’: केंद्रीय मंत्री प्रह्लाद जोशी ने सीएम धामी और प्रदेशवासियों को दी बधाई,उत्तराखंड बना ‘पूर्ण साक्षर राज्य’: केंद्रीय मंत्री प्रह्लाद जोशी ने सीएम धामी और प्रदेशवासियों को दी बधाई  Navbharat Times,"देहरादून: केंद्रीय शिक्षा मंत्री प्रह्लाद जोशी ने उत्तराखंड को ‘उल्लास-नव भारत साक्षरता कार्यक्रम’ के तहत ‘पूर्ण साक्षर राज्य’ घोषित किये जाने पर मुख्यमंत्री पुष्कर सिंह धामी तथा प्रदेशवासियों शुभकामनाएं दी हैं। ज्ञातव्य है कि उत्तराखंड को यह उपलब्धि 8 जुलाई 2026 को प्राप्त हुई।

मुख्यमंत्री पुष्कर सिंह धामी को भेजे गए बधाई पत्र में केंद्रीय शिक्षा मंत्री प्रह्लाद जोशी ने कहा कि यह महत्वपूर्ण उपलब्धि मुख्यमंत्री के दूरदर्शी नेतृत्व, प्रशासनिक प्रतिबद्धता तथा प्रदेशवासियों के सामूहिक प्रयासों का परिणाम है। उन्होंने कहा कि कठिन भौगोलिक परिस्थितियों के बावजूद उत्तराखंड ने पूर्ण साक्षरता के क्षेत्र में उल्लेखनीय उपलब्धि हासिल कर देश के समक्ष एक प्रेरणादायी उदाहरण प्रस्तुत किया है।

केंद्रीय शिक्षा मंत्री ने क्या कहा?

केंद्रीय शिक्षा मंत्री ने कहा कि जहां समग्र शिक्षा बाल्यावस्था की प्रारंभिक शिक्षा से लेकर बालवाटिका, पूर्व-प्राथमिक शिक्षा और कक्षा 12 तक स्कूली शिक्षा को सुदृढ़ करते हुए सभी के लिए शिक्षा की पहुंच, समानता और गुणवत्ता सुनिश्चित करती है। वहीं *उल्लास* उन वयस्क शिक्षार्थियों को सशक्त बनाता है, जो औपचारिक शिक्षा से वंचित रह गए हैं। यह उन्हें आधारभूत साक्षरता, जीवन कौशल और डिजिटल दक्षता भी प्रदान करता है।

उन्होंने विश्वास व्यक्त किया कि उत्तराखंड की यह उपलब्धि अन्य राज्यों और केंद्र शासित प्रदेशों के लिए प्रेरणा का स्रोत बनेगी तथा वे समावेशी और समानतापूर्ण साक्षरता के लक्ष्य को प्राप्त करने के अपने प्रयासों को और अधिक गति देंगे।

केन्द्रीय शिक्षा मंत्री प्रह्लाद जोशी ने मुख्यमंत्री पुष्कर सिंह धामी के नेतृत्व की सराहना करते हुए कहा कि सतत शिक्षा, जीवन कौशल और व्यावसायिक प्रशिक्षण के माध्यम से नव-साक्षरों के समग्र सशक्तीकरण तथा राष्ट्रीय शिक्षा नीति-2020 के उद्देश्यों को आगे बढ़ाने में उत्तराखंड की भूमिका महत्वपूर्ण रहेगी।

सीएम धामी ने क्या कहा?

मुख्यमंत्री पुष्कर सिंह धामी ने केंद्रीय शिक्षा मंत्री प्रह्लाद जोशी के प्रति आभार व्यक्त करते हुए कहा कि उत्तराखंड का ‘पूर्ण साक्षर राज्य’ बनना प्रदेश के लिए गौरव का विषय है। उन्होंने कहा कि यह उपलब्धि राज्य सरकार, शिक्षा विभाग के अधिकारियों, शिक्षकों, स्वयंसेवकों और प्रदेशवासियों की सामूहिक प्रतिबद्धता एवं जनभागीदारी का परिणाम है। राज्य सरकार का लक्ष्य साक्षरता तक सीमित न रहकर प्रत्येक नागरिक को गुणवत्तापूर्ण शिक्षा, डिजिटल साक्षरता और आजीवन सीखने के अवसर उपलब्ध कराना है।

लेखक के बारे मेंविशाल चौबेविशाल चौबे नवभारतटाइम्स ऑनलाइन में कार्यरत हैं। विशाल उत्तर प्रदेश और उत्तराखंड की राजनीति, क्राइम, शासन और व्यवस्था समेत अन्य मुद्दों की खबरें लिखते हैं। पत्रकारिता के क्षेत्र में 4 साल का अनुभव हासिल कर चुके हैं। उन्होंने अप्रैल 2025 में नवभारत टाइम्स ऑनलाइन ज्वॉइन किया था। विशाल चौबे ने टाइम्स ग्रुप से पहले लाइव यूपी न्यूज 24 और दैनिक भास्कर में काम किया है। उन्हें इससे पहले मध्य प्रदेश विधानसभा इलेक्शन और यूपी नगर निकाय चुनाव में रिपोर्टिंग करने का भी मौका मिला। विशेषज्ञता- अपराध जगत से जुड़ी खबरों को तहकीकात के साथ पेश करने का खासा अनुभव है। इसके अलावा सियासी उठापटक से जुड़े राजनीतिक विश्‍लेषण और ओपनियन भी करते रहते हैं। पत्रकारिता अनुभव: डिजिटल मीडिया में 4 साल से कार्यरत शिक्षा- विशाल चौबे ने लखनऊ यूनिवर्सिटी के लखनऊ पब्लिक कॉलेज ऑफ प्रोफेशनल स्ट्डीज कॉलेज से पत्रकारिता और जनसंचार में ग्रेजुएशन किया है। इसके बाद उन्होंने सिद्धार्थ यूनिवर्सिटी से पॉलिटिकल साइंस में MA किया है। विशाल चौबे मूलरूप से महराजगंज जिले के रहने वाले हैं।... और पढ़ें",hi,8/12/26 13:45,8/14/26 11:16,Dehradun,health_education|politics_governance,उत्तराखंड|धामी|पुष्कर सिंह धामी|मुख्यमंत्री|राज्य सरकार|विधानसभा,newspaper4k,526
3a90a4da582a9b4028cd3996afe1593cafb3d0bb,https://hindi.news18.com/photogallery/uttarakhand/bageshwar-gartang-gali-uttarkashi-link-tibet-history-local18-10743530.html,https://hindi.news18.com/photogallery/uttarakhand/bageshwar-gartang-gali-uttarkashi-link-tibet-history-local18-10743530.html,news18_hindi_uttarakhand,News18 Hindi,rss,"Gartang Gali : 136 मीटर लंबा लकड़ी का स्काईवॉक, कभी इस पर दौड़ते थे याक, जानिए उत्तरकाशी में कहां?",Gartang Gali Uttarkashi : उत्तरकाशी जिले की गरतांग गली पर्यटकों के लिए एक आकर्षण का केंद्र बन गई है. यह 136 मीटर लंबा लकड़ी का स्काईवॉक रोमांच और इतिहास का अनोखा संगम सामने लाता है. चट्टान को काटकर तैयार किए गए इस मार्ग पर चलते हुए नीचे दिखाई देने वाली गहरी खाई और आसपास का पहाड़ी दृश्य रोमांच से भर देता है. पर्वतारोही विजय नेगी लोकल 18 से बताते हैं कि माना जाता है कि इसका निर्माण पेशावरी पठानों ने किया था. गरतांग गली कभी भारत-तिब्बत व्यापार मार्ग का हिस्सा थी. खड़ी चट्टान पर बना लकड़ी का रास्ता दुर्गम पहाड़ी इलाके को पार करने में मदद करता था. 1962 के भारत-चीन युद्ध के बाद इस मार्ग को बंद कर दिया गया था.,,hi,8/12/26 13:37,8/14/26 11:13,Uttarkashi,,,,0
635f5792c50da825bb140e93b083c0a90b49242a,https://hindi.news18.com/news/uttarakhand/haridwar-kanwar-yatra-2026-garbage-7000-metric-ton-ganga-ghats-cleanliness-drive-local18-10743483.html,https://hindi.news18.com/news/uttarakhand/haridwar-kanwar-yatra-2026-garbage-7000-metric-ton-ganga-ghats-cleanliness-drive-local18-10743483.html,news18_hindi_uttarakhand,News18 Hindi,rss,"कांवड़ यात्रा 2026: हरिद्वार के गंगा घाटों पर कचरे का पहाड़, चेंजिंग रूम में मिलीं पेशाब भरी बोतलें, ड्रोन और सोलर डस्टबिन से हो रही सफाई","Haridwar Cleanliness Drive: हरिद्वार में 12 दिवसीय कांवड़ मेला संपन्न होते ही गंगा घाटों पर 7,000 मीट्रिक टन कचरे का विशाल ढेर लग गया है. हरकी पैड़ी से लेकर पूरे शहर की बदहाल स्थिति को सुधारने के लिए नगर निगम ने 1,000 अतिरिक्त सफाई कर्मचारियों, 80 वाहनों और ड्रोन मॉनिटरिंग के साथ 18 अगस्त तक 'महा-सफाई अभियान' शुरू किया है. जमा हुए कचरे को रीसाइकिल किया जाएगा, जिसमें छोड़े गए कपड़ों से कपास तैयार की जाएगी.",,hi,8/12/26 13:23,8/14/26 11:13,Haridwar,tourism_religion,,,0
44b2738f05e05f00b0661bc3e079106c5a819dd4,https://www.etvbharat.com/hi/state/uttarakhand-congress-to-hold-major-meeting-in-delhi-on-august-17-uts26081205731,https://etvbharat.com/hi/state/uttarakhand-congress-to-hold-major-meeting-in-delhi-on-august-17-uts26081205731,gnews_uttarakhand_hi,ETV Bharat,gnews,"उत्तराखंड कांग्रेस की 17 अगस्त को दिल्ली में बड़ी बैठक, चुनावी रणनीति और कार्यक्रमों पर होगा मंथन","उत्तराखंड कांग्रेस की 17 अगस्त को दिल्ली में बड़ी बैठक, चुनावी रणनीति और कार्यक्रमों पर होगा मंथन  ETV Bharat","देहरादून: उत्तराखंड में आगामी 2027 में होने वाले विधानसभा चुनाव के मद्देनजर राजनीतिक पार्टियां चुनावी तैयारियों को धार देने में जुटी हुई हैं. एक तरफ, राजनीतिक दलों के राष्ट्रीय नेताओं का उत्तराखंड दौरा जारी है. दूसरी तरफ, चुनाव कार्यक्रमों की रूपरेखा तैयार कर राजनीतिक दल धरातल पर नजर भी आने लगे हैं. भाजपा की ओर से आगामी डेढ़ महीने के लिए संगठनात्मक कार्यक्रम जारी किए जा चुके हैं. उधर 17 अगस्त को प्रदेश कांग्रेस कमेटी की दिल्ली में महत्वपूर्ण बैठक होने जा रही है. जिसमें संगठनात्मक कार्यक्रम तय किए जाएंगे.

उत्तराखंड में भाजपा और कांग्रेस के लिए आगामी विधानसभा चुनाव बड़ी चुनौती बन गया है. भाजपा के लिए एक बार फिर चुनाव जीत कर चुनावी हैट्रिक लगाने की चुनौती है. जबकि लगातार दो बार से सत्ता से बाहर कांग्रेस के लिए सत्ता में आना बड़ा चैलेंज है. यही वजह है कि भाजपा और कांग्रेस दोनों ही पार्टियां अपने संगठन को मजबूत करने के साथ ही संगठनात्मक कार्यक्रमों पर विशेष जोर दे रही है. ताकि बूथ स्तर तक के कार्यकर्ताओं को आगामी चुनाव से पहले मजबूत किया जा सके. चुनाव जीतने का सबसे बड़ा फॉर्मूला बूथ से ही जुड़ा होता है. यही वजह है कि राजनीतिक पार्टियां, 'बूथ जीता तो चुनाव जीता' फॉर्मूले पर काम कर रही है.

इसी क्रम में 5 अगस्त को दिल्ली में भाजपा के राष्ट्रीय अध्यक्ष नितिन नवीन की अध्यक्षता में उत्तराखंड प्रदेश कोर कमेटी की बैठक हुई थी. बैठक में अगस्त और सितंबर महीने के लिए संगठनात्मक कार्यक्रमों पर मंथन करते हुए कार्यक्रम जारी किए गए. इसके तहत प्रदेशभर में 'तिरंगा यात्रा' और 'हर घर तिरंगा' अभियान चलाया जा रहा है.

यही नहीं, 16 अगस्त को कुमाऊं मंडल के सभी जिला अध्यक्षों और मंडल अध्यक्षों की बैठक हल्द्वानी में होगी. साथ ही लोकसभावार बैठक, बूथ सशक्तिकरण अभियान, शक्ति केंद्रों की बैठक, भाजपा के वरिष्ठ कार्यकर्ताओं से मुलाकात और बैठकों के साथ तमाम संगठनात्मक कार्य किए जाएंगे. ऐसे में भाजपा की ओर से आगामी चुनावी कार्यक्रम तय किए जाने के बाद अब उत्तराखंड कांग्रेस भी जल्द ही चुनावी कार्यक्रम तय करने जा रही है. ताकि कांग्रेस आगामी चुनाव में भाजपा को कड़ी टक्कर दे सकें.

इसी क्रम में कांग्रेस की 17 अगस्त को दिल्ली में बड़ी बैठक होने जा रही है. ज्यादा जानकारी देते हुए कांग्रेस के प्रदेश अध्यक्ष गणेश गोदियाल ने कहा कि,

आगामी कार्यक्रम तय किए जाने हैं. इसके लिए आगामी 17 अगस्त को दिल्ली में बैठक होने जा रही है. बैठक में आगामी एक से डेढ़ महीने के लिए रणनीति तैयार की जाएगी. राष्ट्रीय नेतृत्व से ये भरोसा मिला है कि राहुल गांधी, प्रियंका गांधी और राष्ट्रीय अध्यक्ष मल्लिकार्जुन खड़गे और भी कार्यक्रम उत्तराखंड में करेंगे. प्रदेश कांग्रेस जितने भी कार्यक्रम मांगेगी, उतने कार्यक्रम राष्ट्रीय नेताओं के दिए जाएंगे.

-गणेश गोदियाल, अध्यक्ष, उत्तराखंड कांग्रेस-

गणेश गोदियाल ने कहा कि, आगामी चुनाव को लेकर कांग्रेस की तैयारी तो है ही, लेकिन उससे बड़ी तैयारी जनता की है. प्रदेश की जनता चुनाव को लेकर तैयार बैठी हुई है. बस मौके का इंतजार कर रही है. लोग एक- एक दिन गिन रहे हैं. भाजपा के इस तानाशाही, भ्रष्टाचारी और अत्याचारी सरकार के खिलाफ एक एक दिन कैसे गुजरे, लोग इंतजार में बैठे हैं. प्रदेश का सबसे बड़ा मुद्दा बेरोजगारी, नौकरियों को बेचने का कारोबार, पेपर बेचने का कारोबार समेत अन्य तमाम मुद्दे हैं. जिनको लेकर कांग्रेस जनता के बीच जाएगी.

ये भी पढ़ें:

रुद्रपुर में कांग्रेस अध्यक्ष की बैठक, मिशन 2027 पर हुई चर्चा, चुनाव के प्रमुख मुद्दों पर हुआ मंथन

दिल्ली के बाद देहरादून में भाजपा की बड़ी बैठक, सीएम ने कार्यकर्ताओं से किया संवाद

दिल्ली में उत्तराखंड बीजेपी कोर ग्रुप की बैठक, क्या कुछ रहा खास, एक क्लिक में जानिए",hi,8/12/26 13:06,8/14/26 11:15,Dehradun|Nainital|Udham Singh Nagar,recruitment_jobs|politics_governance,उत्तराखंड|कुमाऊं|विधानसभा,newspaper4k,595
0afd0fd0a312b220add49f8435797f8d5e45e28a,https://www.etvbharat.com/hi/bharat/nine-minority-institutions-including-seven-madrasas-got-recognition-under-uttarakhand-minority-education-authority-utn26081205685,https://etvbharat.com/hi/bharat/nine-minority-institutions-including-seven-madrasas-got-recognition-under-uttarakhand-minority-education-authority-utn26081205685,gnews_uttarakhand_hi,ETV Bharat,gnews,"उत्तराखंड में मदरसा बोर्ड खत्म, नई व्यवस्था में 7 मदरसों समेत 9 अल्पसंख्यक संस्थानों को मिली मान्यता","उत्तराखंड में मदरसा बोर्ड खत्म, नई व्यवस्था में 7 मदरसों समेत 9 अल्पसंख्यक संस्थानों को मिली मान्यता  ETV Bharat","उत्तराखंड में मदरसा बोर्ड खत्म, नई व्यवस्था में 7 मदरसों समेत 9 अल्पसंख्यक संस्थानों को मिली मान्यता
1 जुलाई से लागू नई व्यवस्था के तहत अल्पसंख्यक शिक्षण संस्थानों को उत्तराखंड अल्पसंख्यक शिक्षा प्राधिकरण के अधीन पंजीकरण कराना जरूरी है. विभाग का कहना है कि मानक पूरे करने वाले संस्थानों को प्राधिकरण से जोड़ा जा रहा है.
देहरादून: उत्तराखंड में मदरसा शिक्षा व्यवस्था को लेकर बड़ा बदलाव लागू होने के बाद अब अल्पसंख्यक शिक्षण संस्थानों को नई व्यवस्था के तहत पंजीकृत और मान्यता प्राप्त कराने की प्रक्रिया चल रही है. बीती एक जुलाई 2026 से प्रदेश में मदरसा बोर्ड की व्यवस्था समाप्त कर दी गई है. इसके बाद मदरसों समेत सभी अल्पसंख्यक शिक्षण संस्थानों को 'उत्तराखंड अल्पसंख्यक शिक्षा प्राधिकरण' के अधीन पंजीकरण और मान्यता की प्रक्रिया पूरी करनी होगी.
सरकार की ओर से तैयार की गई नई व्यवस्था का उद्देश्य प्रदेश में संचालित अल्पसंख्यक शिक्षण संस्थानों के लिए एक समान नियामक ढांचा तैयार करना है. नई व्यवस्था लागू होने के बाद सामने आए आंकड़ों के मुताबिक, फिलहाल प्रदेश में 7 मदरसों समेत कुल 9 अल्पसंख्यक शिक्षण संस्थानों को मान्यता मिल चुकी है.
हालांकि, प्रदेश में पंजीकृत मदरसों की संख्या इसके मुकाबले काफी ज्यादा हैं. ऐसे में आने वाले समय में बड़ी संख्या में मदरसों और अन्य अल्पसंख्यक शिक्षण संस्थानों को नई व्यवस्था के तहत लाना विभाग के लिए अहम चुनौती माना जा रहा है. उत्तराखंड अल्पसंख्यक कल्याण विभाग के विशेष सचिव डॉ. पराग मधुकर धकाते ने बताया कि,
""अल्पसंख्यक शिक्षण संस्थानों की ओर से नई व्यवस्था को लेकर अच्छी प्रतिक्रिया मिल रही है. जो संस्थान निर्धारित मानकों को पूरा कर रहे हैं, उन्हें उत्तराखंड अल्पसंख्यक शिक्षा संस्थान प्राधिकरण से जोड़ा जा रहा है. विभाग की ओर से संस्थानों को मान्यता प्रक्रिया पूरी करने में आवश्यक सहयोग भी दिया जा रहा है.""- पराग मधुकर धकाते, विशेष सचिव, उत्तराखंड अल्पसंख्यक कल्याण विभाग
""मदरसा संचालकों के साथ लगातार समन्वय बनाया जा रहा है. संचालकों को नई व्यवस्था, मान्यता की प्रक्रिया और निर्धारित मानकों के बारे में जानकारी दी जा रही है. विभाग का प्रयास है कि पात्र संस्थानों को अनावश्यक परेशानी न हो और जो संस्थान आवश्यक मानकों को पूरा करते हैं, उनकी मान्यता की प्रक्रिया समय पर पूरी की जा सके.""- पराग मधुकर धकाते, विशेष सचिव, उत्तराखंड अल्पसंख्यक कल्याण विभाग
उत्तराखंड अल्पसंख्यक शिक्षा प्राधिकरण के अंदर आएंगे सभी मदरसे: दरअसल, उत्तराखंड में मदरसा बोर्ड समाप्त होने के बाद अब मदरसों की व्यवस्था पहले की तरह बोर्ड के अधीन नहीं रहेगी. नई व्यवस्था में अल्पसंख्यक शिक्षण संस्थानों को एक प्राधिकरण के दायरे में लाने की तैयारी है. इसका मतलब ये है कि अब संस्थानों को निर्धारित नियमों और शैक्षिक मानकों का पालन करना होगा.
सरकार की ओर से ये भी स्पष्ट किया गया है कि मान्यता के लिए आवेदन करने वाले संस्थानों की निर्धारित मानकों के आधार पर जांच की जाएगी. इस पूरी प्रक्रिया में शिक्षा व्यवस्था के मानकों पर विशेष जोर दिया जा रहा है. सरकार का प्रयास है कि अल्पसंख्यक संस्थानों में पढ़ने वाले विद्यार्थियों को भी ऐसी शिक्षा व्यवस्था उपलब्ध हो, जिसमें धार्मिक और पारंपरिक शिक्षा के साथ आधुनिक विषयों को पर्याप्त महत्व मिले.
नई व्यवस्था के तहत संस्थानों में शिक्षा की गुणवत्ता, जरूरी संसाधन, शिक्षकों की व्यवस्था और अन्य निर्धारित मानकों को पूरा करने पर जोर रहेगा. मदरसा बोर्ड समाप्त किए जाने के बाद सबसे बड़ा सवाल ये है कि प्रदेश के सभी मदरसों को नई व्यवस्था में कैसे शामिल किया जाएगा?
बड़ी संख्या में मान्यता प्रक्रिया से बाहर हैं मदरसे: उपलब्ध आंकड़ों के मुताबिक, बड़ी संख्या में मदरसे अभी मान्यता की प्रक्रिया से बाहर हैं. कुछ संस्थानों की ओर से मान्यता के लिए आवेदन किया गया है. जबकि, कुछ संस्थानों को निर्धारित प्रक्रिया और मानकों को पूरा करना बाकी है. ऐसे में विभाग के सामने आने वाले समय में मान्यता की प्रक्रिया को तेजी से आगे बढ़ाने की चुनौती रहेगी.
वहीं, कुछ स्थानों पर मान्यता के लिए सामने आए आवेदनों की जांच में संस्थानों के निर्धारित मानकों पर खरा नहीं उतरने की स्थिति भी सामने आई है. इसका मतलब साफ है कि सिर्फ आवेदन करने से मान्यता मिलना तय नहीं है. संस्थानों को प्राधिकरण और शिक्षा विभाग की ओर से निर्धारित शर्तों को पूरा करना होगा. जहां कमियां मिलेंगी, वहां संस्थानों को उन्हें दूर करने की जरूरत होगी.
""विभाग का उद्देश्य किसी संस्थान को परेशान करना नहीं है, बल्कि सभी अल्पसंख्यक शिक्षण संस्थानों को एक व्यवस्थित व्यवस्था के तहत लाना है. इसी वजह से मदरसा संचालकों के साथ समन्वय बनाकर उन्हें प्रक्रिया पूरी करने में मदद दी जा रही है. विभाग की कोशिश है कि मानकों को पूरा करने वाले संस्थानों को जल्द से जल्द प्राधिकरण के साथ जोड़ा जाए.""- पराग मधुकर धकाते, विशेष सचिव, उत्तराखंड अल्पसंख्यक कल्याण विभाग
नई व्यवस्था के तहत सभी अल्पसंख्यक शिक्षण संस्थानों को एक छत के नीचे लाने की बात कही जा रही है. यानी संस्थान चाहे किसी भी अल्पसंख्यक समुदाय से संबंधित हो, यदि वो शैक्षिक संस्थान के रूप में संचालित है, तो उसे निर्धारित व्यवस्था के तहत पंजीकरण और मान्यता की प्रक्रिया से गुजरना होगा. इससे संस्थानों की निगरानी और शैक्षिक मानकों को एक समान तरीके से लागू करने में मदद मिलने की उम्मीद है.
विभाग की ओर से ये भी स्पष्ट किया गया है कि पंजीकरण नहीं कराने वाले संस्थानों के खिलाफ नियमों के तहत कार्रवाई की जाएगी. यानी नई व्यवस्था में मान्यता लेना सिर्फ एक विकल्प नहीं रहेगा. बल्कि, निर्धारित नियमों के तहत संस्थानों को अपनी स्थिति स्पष्ट करनी होगी. शिक्षा विभाग की ओर से मान्यता और पंजीकरण की प्रक्रिया पूरी नहीं करने वाले संस्थानों के खिलाफ नियमानुसार कार्रवाई की जा सकती है.
अभी तक 9 अल्पसंख्यक शिक्षण संस्थानों को मिली मान्यता: फिलहाल, 7 मदरसों समेत कुल 9 अल्पसंख्यक शिक्षण संस्थानों को मान्यता मिलना इस प्रक्रिया की शुरुआती प्रगति है, लेकिन प्रदेश में मौजूद संस्थानों की संख्या को देखते हुए यह आंकड़ा अभी काफी कम है. यही वजह है कि आने वाले दिनों में मान्यता की प्रक्रिया में तेजी लाने और ज्यादा से ज्यादा संस्थानों को नई व्यवस्था के दायरे में लाने पर विभाग का फोकस रहेगा.
नई व्यवस्था की समयसीमा भी इस पूरी प्रक्रिया को अहम बनाती है. संस्थानों को निर्धारित अवधि में पंजीकरण और मान्यता की प्रक्रिया पूरी करनी है. इसके बाद जो संस्थान प्रक्रिया से बाहर रहेंगे, उनके खिलाफ नियमानुसार कार्रवाई की स्थिति बन सकती है. ऐसे में अगले कुछ हफ्ते मदरसा संचालकों और विभाग दोनों के लिए महत्वपूर्ण रहने वाले हैं.
ये भी पढ़ें-
- उत्तराखंड अल्पसंख्यक शिक्षा प्राधिकरण के प्रावधानों को चुनौती देती याचिका पर सुनवाई, जानिए क्या हुआ?
- हरिद्वार के मदरसों की सुस्त चाल, 271 में से सिर्फ 47 ने रजिस्ट्रेशन के लिए किया आवेदन
- सरकारी अनुदान बंद के बाद उत्तराखंड में अब कैसे चलेंगे मदरसे? जानिए सरकार का नया प्लान
- मदरसा बोर्ड भंग होने के बाद हरिद्वार जिले में मान्यता प्रक्रिया तेज, 26 मदरसों ने किया आवेदन",hi,8/12/26 12:40,8/14/26 11:14,Dehradun|Haridwar,health_education,उत्तराखंड,trafilatura,1107
c5a1a8e7a72c74a03d62f0f4317b2df997ea87e8,https://hindi.news18.com/news/uttarakhand/dehradun-niepvd-visually-impaired-students-protest-laptop-scholarship-hostel-demands-local18-10743247.html,https://hindi.news18.com/news/uttarakhand/dehradun-niepvd-visually-impaired-students-protest-laptop-scholarship-hostel-demands-local18-10743247.html,news18_hindi_uttarakhand,News18 Hindi,rss,"Gen-G प्रोटेस्ट के बीच देहरादून में दृष्टिहीन छात्रों ने भी खोला मोर्चा, प्रिंसिपल समझाने के साथ धमकाने लगे, फिर...","Dehradun Latest News: देहरादून के NIEPVD में पिछले कई दिनों से अपनी मांगों को लेकर प्रदर्शन कर रहे दृष्टिबाधित छात्रों ने फिलहाल आंदोलन रोक दिया है. छात्रों और संस्थान के प्रशासन के बीच बातचीत हुई, जिसके बाद प्रशासन ने उनकी मांगों पर तय समयसीमा में कार्रवाई का भरोसा दिया है.",,hi,8/12/26 12:00,8/14/26 11:13,Dehradun,protest_agitation,,,0
cdd3d75019e81c3606cec381c3507da381155801,https://www.prabhatkhabar.com/national/uttarakhand-mukhyamantri-yuva-bhavishya-nirman-yojana/amp,https://prabhatkhabar.com/national/uttarakhand-mukhyamantri-yuva-bhavishya-nirman-yojana,gnews_protest_youth,Prabhat Khabar,gnews,मुख्यमंत्री युवा भविष्य निर्माण योजना-2026 का जल्द होगा शुभारंभ,मुख्यमंत्री युवा भविष्य निर्माण योजना-2026 का जल्द होगा शुभारंभ  Prabhat Khabar,"उत्तराखंड के युवाओं को प्रतियोगी परीक्षाओं की तैयारी के लिए बेहतर अवसर उपलब्ध कराने की दिशा में राज्य सरकार की महत्वपूर्ण पहल मुख्यमंत्री युवा भविष्य निर्माण योजना-2026 अब धरातल पर उतरने जा रही है. योजना को मुख्यमंत्री पुष्कर सिंह धामी पहले ही अनुमोदन प्रदान कर चुके हैं. योजना का शीघ्र ही मुख्यमंत्री द्वारा विधिवत शुभारंभ किया जाएगा.

युवाओं को विभिन्न प्रतियोगी परीक्षाओं की तैयारी के लिए गुणवत्तापूर्ण मार्गदर्शन एवं अध्ययन सामग्री उपलब्ध कराने तथा इस दिशा में एक समर्पित योजना शुरू करने का निर्णय लिया गया था. इसी निर्णय के क्रम में मुख्यमंत्री युवा भविष्य निर्माण योजना-2026 को स्वीकृति दी गई है.

योजना के तहत राज्य के विश्वविद्यालयों तथा शासकीय एवं अशासकीय सहायता प्राप्त महाविद्यालयों में उच्च शिक्षा प्राप्त कर रहे विद्यार्थियों को विभिन्न प्रतियोगी परीक्षाओं की तैयारी के लिए निःशुल्क ऑनलाइन कोचिंग उपलब्ध कराई जाएगी.

इसमें सिविल सर्विसेज (UPSC/PSC), रक्षा सेवाओं (CDS), बैंकिंग, रेलवे, SSC सहित अन्य प्रतियोगी परीक्षाओं तथा प्रतिष्ठित उच्च शिक्षण संस्थानों में प्रवेश और पात्रता निर्धारण के लिए आयोजित होने वाली CAT, MAT, GATE, NET और CSIR-NET जैसी परीक्षाओं की तैयारी शामिल है.

योजना के माध्यम से राज्य के युवाओं को घर बैठे गुणवत्तापूर्ण कोचिंग और मार्गदर्शन उपलब्ध हो सकेगा. विशेष रूप से दूरस्थ पर्वतीय क्षेत्रों में अध्ययन कर रहे विद्यार्थियों के लिए यह पहल महत्वपूर्ण साबित होगी. इससे आर्थिक संसाधनों की कमी के कारण महंगी कोचिंग का लाभ नहीं उठा पाने वाले विद्यार्थियों को भी प्रतियोगी परीक्षाओं की बेहतर तैयारी का अवसर मिलेगा.

मुख्यमंत्री धामी द्वारा योजना के विधिवत शुभारंभ के लिए जल्द ही तिथि निर्धारित की जाएगी. शुभारंभ के साथ ही योजना के तहत विद्यार्थियों को ऑनलाइन कोचिंग उपलब्ध कराने की प्रक्रिया प्रारंभ होगी.

रजनीश आनंद प्रभात खबर में सीनियर चीफ कंटेंट राइटर के पद पर कार्यरत हैं और पत्रकारिता के क्षेत्र में 25 वर्षों से अधिक का अनुभव रखती हैं.फिलहाल वे प्रभात खबर के ओरिजिनल, नेशनल, इंटरनेशनल और खेल कैटेगरी के लिए राइटिंग का काम करती हैं. उनकी पहचान फैक्ट बेस्ट रिपोर्टिंग, रिसर्च बेस्ड स्टोरी और एक्सप्लेनर लेखन के लिए है.

राजनीति, सामाजिक सरोकार, ग्रामीण विकास, महिला मुद्दों, इतिहास, खेल, जनजातीय समाज और सार्वजनिक नीतियों से जुड़े विषयों पर उनकी विशेष रुचि रही है. वैसे मुद्दे जो समाज के हाशिये पर मौजूद समुदायों और आम लोगों के जीवन को प्रभावित करते हैं, लेकिन मुख्यधारा की बहस में अपेक्षाकृत कम जगह पाते हैं, ऐसे विषयों पर भी लेखन में रुचि रखती हैं.

रजनीश आनंद कई प्रतिष्ठित पत्रकारिता फेलोशिप से जुड़ी रही हैं. इन्क्लूसिव मीडिया–यूएनडीपी फेलोशिप के तहत उन्होंने झारखंड के पश्चिमी सिंहभूम (चाईबासा) जिले में माहवारी स्वच्छता और किशोरियों एवं महिलाओं के स्वास्थ्य संबंधी चुनौतियों पर अध्ययन एवं रिपोर्टिंग की. झारखंड सरकार मीडिया फेलोशिप के दौरान महिला सशक्तिकरण, सरकारी योजनाओं के प्रभाव और सामाजिक बदलाव के विभिन्न आयामों पर काम किया. इसके अलावा सेव द चिल्ड्रन फेलोशिप के तहत बच्चों के अधिकार, शिक्षा, सुरक्षा और बाल कल्याण से जुड़े मुद्दों पर गहन रिपोर्टिंग की है.

आदिवासी समाज, विशेषकर मुंडा जनजाति के इतिहास, संस्कृति और समकालीन चुनौतियों पर उनका काम उल्लेखनीय माना जाता है. उन्होंने भूमि, पहचान, परंपरा, सामाजिक बदलाव और आदिवासी समुदायों के अधिकारों से जुड़े विषयों पर व्यापक फील्ड रिपोर्टिंग की है.हाल के वर्षों में उन्होंने झारखंड में ऊर्जा संक्रमण (Energy Transition) और जस्ट ट्रांजिशन की अवधारणा पर भी काम किया है. विशेष रूप से कोयला आधारित अर्थव्यवस्था वाले क्षेत्रों में रोजगार, आजीविका और सामाजिक प्रभावों से जुड़ी चुनौतियों पर उनकी रिपोर्टिंग ने महत्वपूर्ण सवाल उठाए हैं.

रजनीश आनंद झारखंड की राजधानी रांची में रहती हैं और इलाहाबाद विश्वविद्यालय से स्नातक हैं. उन्होंने वर्ष 2000 में पत्रकारिता की शुरुआत झारखंड जागरण दैनिक से की. इसके बाद प्रभात खबर, हिंदुस्तान, रांची एक्सप्रेस और दैनिक जागरण सहित कई प्रमुख समाचार संस्थानों के लिए रिपोर्टिंग और स्वतंत्र लेखन किया. प्रिंट मीडिया के दैनिक, साप्ताहिक, पाक्षिक और सांध्य प्रकाशनों में काम करने के साथ-साथ वे वर्ष 2012 से डिजिटल पत्रकारिता में सक्रिय हैं.",hi,8/12/26 11:42,8/14/26 11:18,,health_education|politics_governance,उत्तराखंड|धामी|पुष्कर सिंह धामी|मुख्यमंत्री|राज्य सरकार,newspaper4k,626
2c85ab59896c86990e66a5ce858cad611384c9c1,https://timesofindia.indiatimes.com/city/dehradun/women-trainers-protest-over-5-months-unpaid-dues-in-uttarakhands-bageshwar/amp_articleshow/133181211.cms,https://timesofindia.indiatimes.com/city/dehradun/women-trainers-protest-over-5-months-unpaid-dues-in-uttarakhands-bageshwar/amp_articleshow/133181211.cms,gnews_dehradun_en,The Times of India,gnews,Women trainers protest over 5 months’ unpaid dues in Uttarakhand’s Bageshwar,Women trainers protest over 5 months’ unpaid dues in Uttarakhand’s Bageshwar  The Times of India,"| TNN | Aug 12, 2026, 17:13 IST

By Yogesh Nagarkoti

Tired of too many ads?go ad free now

BAGESHWAR: Women trainers engaged under a government-backed skill development programme in Bageshwar have alleged that they were not paid their promised remuneration and expenses despite conducting training sessions for nearly five months.

The trainers, working under the Recognition of Prior Learning (RPL) and Entrepreneurship Development Programme (EDP), protested at the labour enforcement officer’s office on Wednesday. They said they began training women in March after being assured Rs 10,000 in remuneration, along with reimbursement for travel, food, training-centre and sewing-machine expenses.

For 30-year-old Savita Kandpal of Matena village in Garur, reaching the training centre was a daily challenge. She said the journey took nearly two hours each way through forested stretches where encounters with wild animals were a concern. Despite rain and difficult terrain, she continued travelling to the centre and conducting four to five hours of training.

“After working for five months, we are now being told that we will get only Rs 10,000. We were assured that travel, food, training-centre and sewing-machine expenses would also be reimbursed. Who will pay the remaining dues?” she asked.

Another trainer, 50-year-old Neema Devi, alleged that women had faced similar problems earlier. “We are asked to work first and told about the payment later. This has happened to me before too. Is this not exploitation?” she said.

Tired of too many ads?go ad free now

A person associated with the NGO implementing the programme, speaking on condition of anonymity, claimed that around Rs 11 lakh was due to women trainers across the district. The figure could not be independently verified.

Labour Enforcement Officer Monika Chilwal said the department had taken up the matter with the implementing company and directed it to clear the pending payments. She said the dues would be credited to the trainers’ accounts soon.

Former Congress MLA Lalit Farswan also met the protesting women at the labour office. He questioned the decision to award such programmes to companies from outside Uttarakhand and demanded an inquiry into their implementation across the state.",en,8/12/26 11:33,8/14/26 11:21,Bageshwar,protest_agitation|environment_disaster|politics_governance,uttarakhand,newspaper4k,351
c68c59d35687758b00a3d50cd6ae81d4c89165bb,https://www.amarujala.com/dehradun/congress-state-president-ganesh-godiyal-said-country-youth-are-distressed-by-policies-of-bjp-government-2026-08-12,https://amarujala.com/dehradun/congress-state-president-ganesh-godiyal-said-country-youth-are-distressed-by-policies-of-bjp-government-2026-08-12,gnews_protest_youth,Amar Ujala,gnews,"Uttarakhand: कांग्रेस प्रदेश अध्यक्ष गणेश गोदियाल बोले, भाजपा सरकार की नीतियों से परेशान है देश का युवा","Uttarakhand: कांग्रेस प्रदेश अध्यक्ष गणेश गोदियाल बोले, भाजपा सरकार की नीतियों से परेशान है देश का युवा  Amar Ujala","Uttarakhand: कांग्रेस प्रदेश अध्यक्ष गणेश गोदियाल बोले, भाजपा सरकार की नीतियों से परेशान है देश का युवा
कांग्रेस प्रदेश अध्यक्ष गणेश गोदियाल का कहना है कि देश का युवा भाजपा सरकार की नीतियों से परेशान है।
खबरें लगातार पढ़ने के लिए अमर उजाला एप डाउनलोड करें
या 
 वेबसाइट पर पढ़ना जारी रखने के लिए वीडियो विज्ञापन देखें
अगर आपके पास प्रीमियम मेंबरशिप है तो
विस्तार
उत्तराखंड प्रदेश कांग्रेस कमेटी के अध्यक्ष गणेश गोदियाल कहते हैं कि हर जगह युवा सरकार की नीतियों से परेशान हैं। कोई भी राज्य इससे अछूता नहीं है। सभी राज्यों में हालात एक जैसे हैं। हमारे नेता राहुल गांधी चाहे झारखंड हो, उत्तराखंड हो या देश का कोई भी अन्य राज्य वह युवाओं के साथ खड़े हैं।
ये भी पढे़ं...Uttarakhand: सीएम धामी से मिले शेफ केशव नेगी, दिल्ली होटल अग्निकांड केस में थे फंसे, सहयोग के लिए जताया आभार
गोदियाल ने कहा कि वे उनकी भावनाओं का समर्थन करते हैं और चाहते हैं कि सरकार पेपर लीक जैसे मुद्दों पर आंदोलन कर रहे युवाओं की समस्याओं का संतोषजनक समाधान करे। उनकी हमेशा से यही मांग रही है और वे लगातार युवाओं के साथ खड़े रहे हैं।",hi,8/12/26 11:27,8/14/26 10:15,,exam_paper_leak|protest_agitation|politics_governance,uttarakhand|उत्तराखंड|धामी,trafilatura,190
93c249e04519c9da4e120bcd2a7d1397ea4a2e4a,https://www.aajtak.in/amp/india/uttarakhand/story/uttarakhand-mukhyamantri-yuva-bhavishya-nirman-yojana-free-coaching-ntcpsc-dskc-2620753-2026-08-12,https://aajtak.in/amp/india/uttarakhand/story/uttarakhand-mukhyamantri-yuva-bhavishya-nirman-yojana-free-coaching-ntcpsc-dskc-2620753-2026-08-12,gnews_uttarakhand_hi,AajTak,gnews,मुख्यमंत्री युवा भविष्य निर्माण योजना: उत्तराखंड में छात्रों को मिलेगी फ्री ऑनलाइन कोचिंग,मुख्यमंत्री युवा भविष्य निर्माण योजना: उत्तराखंड में छात्रों को मिलेगी फ्री ऑनलाइन कोचिंग  AajTak,"उत्तराखंड सरकार राज्य के युवाओं को प्रतियोगी परीक्षाओं की बेहतर तैयारी कराने के लिए 'मुख्यमंत्री युवा भविष्य निर्माण योजना-2026' शुरू करने जा रही है. मुख्यमंत्री पुष्कर सिंह धामी इस योजना को पहले ही मंजूरी दे चुके हैं और जल्द ही इसका आधिकारिक उद्घाटन किया जाएगा.

इस योजना का मुख्य मकसद युवाओं को प्रतियोगी परीक्षाओं के लिए स्टडी मटीरियल और सही मार्गदर्शन देना है, ताकि वे अपने भविष्य को बेहतर बना सकें.

यह योजना उत्तराखंड के सरकारी और सहायता प्राप्त कॉलेजों और यूनिवर्सिटीज के छात्रों के लिए शुरू की जा रही है, जिसके तहत उन्हें UPSC, राज्य PSC, CDS, बैंकिंग, रेलवे और SSC जैसी प्रतियोगी परीक्षाओं की बिल्कुल मुफ़्त ऑनलाइन कोचिंग दी जाएगी. इसके साथ ही, CAT, MAT, GATE, NET और CSIR-NET जैसी उच्च शिक्षा और पात्रता परीक्षाओं की तैयारी करने वाले छात्रों को भी इस योजना का पूरा लाभ मिलेगा.

घर बैठे होगा पढाई

योजना के माध्यम से राज्य के युवाओं को घर बैठे बेहतर कोचिंग और मार्गदर्शन उपलब्ध होगा. खासतौर पर दूरदराज के पहाड़ी इलाकों में पढ़ाई कर रहे विद्यार्थियों के लिए यह पहल महत्वपूर्ण साबित होगी, इससे आर्थिक संसाधनों की कमी के कारण महंगी कोचिंग का लाभ नहीं उठा पाने वाले छात्रों को भी प्रतियोगी परीक्षाओं की बेहतर तैयारी का मौका मिलेगा.

मुख्यमंत्री धामी द्वारा योजना के शुभारंभ के लिए जल्द ही डेट फाइनल किया जाएगा. इसकी शुरुआत के साथ ही योजना के तहत छात्रों को ऑनलाइन कोचिंग उपलब्ध कराने की प्रक्रिया शुरू होगी.

---- समाप्त ----",hi,8/12/26 11:11,8/14/26 11:14,,protest_agitation|health_education|politics_governance,उत्तराखंड|उत्तराखंड सरकार|धामी|पुष्कर सिंह धामी|मुख्यमंत्री,newspaper4k,239
7a12bc249002b841fb638b5a4ba6c51943eca9ca,https://hindi.news18.com/news/uttarakhand/dehradun-doon-viral-sketch-artist-prince-kumar-celebrity-sketches-local18-10742981.html,https://hindi.news18.com/news/uttarakhand/dehradun-doon-viral-sketch-artist-prince-kumar-celebrity-sketches-local18-10742981.html,news18_hindi_uttarakhand,News18 Hindi,rss,"चेहरा एक, तस्वीर बनाने का अंदाज बिल्कुल अलग, गानों से लेकर बायोग्राफी तक स्केच में समेट देते हैं देहरादून के प्रिंस","Prince Kumar Sketch Artist: देहरादून के एक युवा आर्टिस्ट का हुनर इन दिनों सोशल मीडिया पर लोगों का ध्यान खींच रहा है. प्रिंस कुमार की खासियत सिर्फ यह नहीं है कि वह शानदार स्केच बनाते हैं, बल्कि वह अपनी कला में एक नया प्रयोग भी करते हैं. उन्होंने पंजाबी सिंगर परमिश वर्मा की ऐसी तस्वीर तैयार की, जिसे देखकर लोग हैरान रह गए. इस स्केच में पेंट या साधारण रंगों की जगह सिंगर के अपने गानों का इस्तेमाल किया गया है. यही नहीं, प्रिंस कई सेलिब्रिटीज के स्केच बनाकर उन्हें तोहफे के तौर पर दे चुके हैं और आम लोगों के चेहरे पर मुस्कान लाने के लिए भी बाजार में रैंडम स्केच बनाते हैं.",,hi,8/12/26 11:11,8/14/26 11:13,Dehradun,,,,0
cca05266e762111fb866208fe8bbc710163a5c94,https://www.jagran.com/uttarakhand/dehradun-city-jal-jeevan-mission-transforms-uttarakhand-tap-water-to-homes-40338298.html,https://jagran.com/uttarakhand/dehradun-city-jal-jeevan-mission-transforms-uttarakhand-tap-water-to-homes-40338298.html,gnews_dhami_govt,jagran.com,gnews,"पहाड़ का सूखा मिटाकर घर-घर पहुंचा 'जल', उत्तराखंड में रंग ला रही धामी सरकार की 'जल जीवन मिशन' क्रांति","पहाड़ का सूखा मिटाकर घर-घर पहुंचा 'जल', उत्तराखंड में रंग ला रही धामी सरकार की 'जल जीवन मिशन' क्रांति  jagran.com","पहाड़ का सूखा मिटाकर घर-घर पहुंचा 'जल', उत्तराखंड में रंग ला रही धामी सरकार की 'जल जीवन मिशन' क्रांति
उत्तराखंड में जल जीवन मिशन ने विषम भौगोलिक परिस्थितियों के बावजूद 15 लाख से अधिक ग्रामीण परिवारों तक शुद्ध पेयजल पहुंचाया है। मुख्यमंत्री धामी के नेतृ ...और पढ़ें
HighLights
- 15 लाख से अधिक ग्रामीण परिवारों को मिला शुद्ध नल जल।
- सभी सरकारी स्कूलों, स्वास्थ्य केंद्रों में नल से जल सुविधा।
- जल स्रोतों के संरक्षण और सामुदायिक भागीदारी पर विशेष ध्यान।
डिजिटल टीम, देहरादून। विषम भौगोलिक परिस्थितियों, उबड़-खाबड़ रास्तों और दुर्गम पहाड़ियों से घिरे उत्तराखंड में कभी पीने के पानी का इंतजाम करना किसी जंग जीतने जैसा होता था। कड़ाके की ठंड हो या झुलसाने वाली गर्मी, ग्रामीण महिलाओं को पानी का एक मटका भरने के लिए मीलों पैदल सफर तय करना पड़ता था। लेकिन आज देवभूमि उत्तराखंड की यह तस्वीर तेजी से बदल चुकी है। केंद्र सरकार की दूरदर्शी पहल 'जल जीवन मिशन' और मुख्यमंत्री पुष्कर सिंह धामी के दृढ संकल्प से राज्य के कोने-कोने में 'हर घर नल से जल' पहुंच रहा है।
कठिन पर्वतीय इलाकों की परवाह किए बिना धामी सरकार ने जिस गति से जल जीवन मिशन के बुनियादी ढांचे को धरातल पर उतारा है, उसी का नतीजा है कि राज्य के 15 लाख से अधिक ग्रामीण परिवारों में से अधिकांश को सुरक्षित और शुद्ध पेयजल उपलब्ध कराया जा चुका है।
उत्तराखंड में जल जीवन मिशन की मौजूदा स्थिति
पहाड़ की जीवनशैली को आसान बनाना हमारी प्राथमिकताः सीएम धामी
      ""उत्तराखंड की कठिन भौगोलिक परिस्थितियों के कारण हमारी माताओं और बहनों को पानी के लिए अत्यधिक संघर्ष करना पड़ता था। प्रधानमंत्री नरेंद्र मोदी जी के 'हर घर जल' के विजन को साकार करने के लिए हमारी सरकार ने हर चुनौती को पार करते हुए पहाड़ों की चोटी तक पाइपलाइन पहुंचाई है। हमारा लक्ष्य केवल नल लगाना नहीं, बल्कि घर-घर तक स्वच्छ, कीटाणुरहित और पर्याप्त पानी पहुंचाना है। जल स्रोतों के संरक्षण और रेन वाटर हार्वेस्टिंग को भी इस मिशन से जोड़ा गया है। धामी सरकार देवभूमि के हर नागरिक को जीवन की बुनियादी सुविधाएं आसानी से उपलब्ध कराने के लिए कटिबद्ध है।",hi,8/12/26 11:06,8/14/26 11:17,Dehradun,health_education|politics_governance,उत्तराखंड|देवभूमि|धामी|पुष्कर सिंह धामी|मुख्यमंत्री,trafilatura,346
67ea9ca37525a0a9c3fd420c9cd3367c266be8da,https://hindi.news18.com/photogallery/uttarakhand/rishikesh-best-places-to-visit-ganga-aarti-mandir-ghat-jhule-sunset-local18-10742956.html,https://hindi.news18.com/photogallery/uttarakhand/rishikesh-best-places-to-visit-ganga-aarti-mandir-ghat-jhule-sunset-local18-10742956.html,news18_hindi_uttarakhand,News18 Hindi,rss,"Rishikesh best places : घाटों पर तैरते दीपक, सड़क किनारे पेड़...ऋषिकेश की जान हैं ये 8 चीजें, दिन खत्म होने का अंदाज भी देखने लायक","Rishikesh best places to visit : भले ही ऋषिकेश पहचान गंगा, पहाड़ और मंदिरों से हैं, लेकिन इस शहर की एक खूबसूरती उन छोटी-छोटी चीजों में भी नजर आती है, जो यहां घूमते हुए अचानक दिख जाती हैं. शाम होते ही घाटों पर दीपों की रोशनी, घंटियों की आवाज और गंगा की लहरें मिलकर पूरा माहौल बदल देती हैं. किसी शांत मंदिर का कोना हो या घंटियों से गूंजता परिसर, हर जगह अपने आपमें अलग है. पेड़ों के बीच से दिखाई देती पहाड़ों की झलक किसी का भी दिल जीतने के लिए काफी है. सीढ़ियों के पास बहती गंगा, किनारे बैठे लोग और सामने नजर आते पहाड़ मिलकर किसी रोमांटिक फिल्मी फ्रेम बना देते हैं. ऋषिकेश में दिन खत्म होने का अंदाज भी देखने लायक होता है.",,hi,8/12/26 11:04,8/14/26 11:13,Dehradun,,,,0
3e943b9522347b4d235047847bd39e5b4d1c908e,https://hindi.news18.com/news/uttarakhand/rudraprayag-30-seater-bus-carrying-168-passengers-lakhimpur-kheri-to-punjab-bus-seized-in-rudrapur-overloading-local18-10742931.html,https://hindi.news18.com/news/uttarakhand/rudraprayag-30-seater-bus-carrying-168-passengers-lakhimpur-kheri-to-punjab-bus-seized-in-rudrapur-overloading-local18-10742931.html,news18_hindi_uttarakhand,News18 Hindi,rss,"भाई ट्रेन नहीं, बस है ये! 30 सीटर में ठूंस-ठूंसकर भरे इतने लोग, 4 घंटे तक चलती रही गिनती",Ajab Gajab News : ये जो भीड़ दिख रही है ना वो ट्रेन का इंतजार नहीं कर बल्कि एक बस से निकली. लखीमपुर खीरी से पंजाब जा रही 30 सीटर बस से जब यात्रियों ने उतरना शुरू किया तो अधिकारियों का सिर चकरा गया. आइए जानते हैं पूरा मामला.,,hi,8/12/26 10:48,8/14/26 11:13,,,,,0
4090d4ec8d57af014779ceec161929625dd5e8d9,https://hindi.news18.com/news/nation/kal-ka-mausam-bay-of-bengal-low-pressure-area-intensifies-rain-expected-from-delhi-up-to-mp-imd-alert-bengal-odisha-13th-august-weather-news-local18-10742877.html,https://hindi.news18.com/news/nation/kal-ka-mausam-bay-of-bengal-low-pressure-area-intensifies-rain-expected-from-delhi-up-to-mp-imd-alert-bengal-odisha-13th-august-weather-news-local18-10742877.html,news18_hindi_uttarakhand,News18 Hindi,rss,"Kal Ka Mausam: बंगाल की खाड़ी से उठ रही आफत, दिल्ली-यूपी से एमपी तक बरसेंगे बादल, इन राज्यों में IMD का अलर्ट","Kal ka Mausam: बंगाल की खाड़ी से लेकर मध्य और उत्तर-पश्चिमी भारत तक कई मौसमी सिस्टम सक्रिय हैं, जिसके चलते अगले कुछ दिनों में देश के कई राज्यों में बारिश का दौर जारी रहने वाला है. IMD ने पश्चिम बंगाल और ओडिशा में भारी से बहुत भारी बारिश के साथ कुछ स्थानों पर बेहद भारी बारिश की चेतावनी दी है. छत्तीसगढ़ में भी भारी से बहुत भारी बारिश हो सकती है. यूपी, उत्तराखंड, बिहार, झारखंड, राजस्थान, मध्य प्रदेश, महाराष्ट्र, गुजरात, कर्नाटक और दक्षिण भारत के कई राज्यों में भारी बारिश का अलर्ट है.",,hi,8/12/26 10:42,8/14/26 11:13,,,उत्तराखंड,,0
c749ca8d97f545ba17865a6eb78dc196ec3bbfe3,https://devbhoomimedia.com/cm-dhami-firm-on-jal-jeevan-mission-har-ghar-jal-target-to-be-met-within-the-deadline/,https://devbhoomimedia.com/cm-dhami-firm-on-jal-jeevan-mission-har-ghar-jal-target-to-be-met-within-the-deadline,devbhoomi_media,Devbhoomi Media,rss,"जल जीवन मिशन को लेकर CM धामी सख्त, समयसीमा में पूरा होगा हर घर जल का लक्ष्य","मुख्यमंत्री ने जल जीवन मिशन की प्रगति की समीक्षा की शेष कार्यों को निर्धारित समयसीमा में पूरा करने तथा पेयजल योजनाओं के नियमित संचालन एवं रख-रखाव पर विशेष जोर मुख्यमंत्री पुष्कर सिंह धामी ने बुधवार को सचिवालय में जल जीवन मिशन की प्रगति, वित्तीय स्थिति, योजनाओं के संचालन एवं रख-रखाव तथा आगामी कार्ययोजना की समीक्षा […]","मुख्यमंत्री ने जल जीवन मिशन की प्रगति की समीक्षा की

शेष कार्यों को निर्धारित समयसीमा में पूरा करने तथा पेयजल योजनाओं के नियमित संचालन एवं रख-रखाव पर विशेष जोर

मुख्यमंत्री पुष्कर सिंह धामी ने बुधवार को सचिवालय में जल जीवन मिशन की प्रगति, वित्तीय स्थिति, योजनाओं के संचालन एवं रख-रखाव तथा आगामी कार्ययोजना की समीक्षा की। बैठक में जलापूर्ति योजनाओं की प्रगति, ग्रामीण परिवारों तक नल से जल की पहुंच एवं सत्यापन, जल गुणवत्ता, वित्तीय प्रबंधन तथा योजनाओं के नियमित संचालन से संबंधित विभिन्न विषयों पर चर्चा की गई।

मुख्यमंत्री ने हर घर जल का लक्ष्य शत-प्रतिशत पूरा करने तथा शेष पात्र ग्रामीण परिवारों को निर्धारित समयसीमा में नल कनेक्शन से जोड़ने के निर्देश दिए। उन्होंने कहा कि जल जीवन मिशन की सफलता केवल नल कनेक्शन की संख्या से नहीं, बल्कि प्रत्येक घर तक नियमित, पर्याप्त, सुरक्षित एवं गुणवत्तापूर्ण पेयजल पहुंचने से तय होगी। पूर्ण हो चुकी योजनाओं का स्थलीय सत्यापन भी कराया जाए।

मुख्यमंत्री ने निर्माणाधीन एवं लंबित पेयजल योजनाओं को मिशन मोड में निर्धारित समयसीमा के भीतर पूरा करने तथा जिलाधिकारियों को संबंधित विभागों के साथ समन्वय कर शीघ्र समाधान सुनिश्चित करने के निर्देश दिये। उन्होंने कहा कि प्रत्येक योजना की भौतिक एवं वित्तीय प्रगति की नियमित समीक्षा की जाए।

मुख्यमंत्री ने पर्वतीय क्षेत्रों में पेयजल स्रोतों के संरक्षण एवं पुनर्जीवीकरण, वर्षा जल संचयन तथा जल स्रोतों के पुनर्भरण पर विशेष ध्यान देने के निर्देश दिए। प्रत्येक जनपद में जलापूर्ति संबंधी तकनीकी समस्याओं के त्वरित समाधान की व्यवस्था विकसित करने तथा योजनाओं के संचालन एवं रख-रखाव की स्थायी व्यवस्था सुनिश्चित करने के निर्देश दिये।

मुख्यमंत्री ने जनपदवार लक्ष्य, समयसीमा और जवाबदेही तय करने तथा अनावश्यक विलंब पाए जाने पर संबंधित कार्यदायी संस्था एवं जिम्मेदार अधिकारियों की जवाबदेही तय करने के भी निर्देश दिये।

बैठक में बताया गया कि राज्य में जल जीवन मिशन के अंतर्गत 16,555 योजनाओं में से 15,540 योजनाएं पूरी हो चुकी हैं। राज्य की औसत प्रगति 92.46 प्रतिशत है तथा 1,015 योजनाएं प्रगति पर हैं। ग्रामीण परिवारों तक नल से जल की पहुंच की समीक्षा के दौरान बताया गया कि 14.48 लाख में से 14.20 लाख परिवारों को कनेक्शन दिये जा चुके हंैं। बैठक में जानकारी दी गई कि 14,979 गांवों में से 9,796 गांव में हर नल से जल का सत्यापन हो चुका है।

बैठक में अवस्थापना अनुश्रवण परिषद के उपाध्यक्ष विश्वास डाबर, प्रमुख सचिव आर.के.सुधांशु, सचिव पेयजल रणवीर सिंह चैहान, अपर सचिव रोहित मीणा, सुश्री झरना कमठान एवं संबंधित अधिकारी उपस्थित थे।",hi,8/12/26 10:40,8/14/26 11:13,,,धामी|पुष्कर सिंह धामी|मुख्यमंत्री|सचिवालय,newspaper4k,399
976004e62a09c02b216e8d730637008397c5b385,https://www.abplive.com/states/up-uk/uttarakhand-two-brothers-return-home-stranded-russia-for-97-days-cm-dhami-facilitated-return-ann-3174062,https://abplive.com/states/up-uk/uttarakhand-two-brothers-return-home-stranded-russia-for-97-days-cm-dhami-facilitated-return-ann-3174062,gnews_dhami_govt,ABP News,gnews,"रूस में 97 दिन फंसे उत्तराखंड के दो भाई लौटे घर, CM धामी ने कराई वापसी","रूस में 97 दिन फंसे उत्तराखंड के दो भाई लौटे घर, CM धामी ने कराई वापसी  ABP News","रूस में 97 दिन फंसे उत्तराखंड के दो भाई लौटे घर, CM धामी ने कराई वापसी
Uttarakhand News In Hindi: अच्छी नौकरी के लालच में रूस गए दो भाईयों को मुख्यमंत्री पुष्कर सिंह धामी की दखलंदाजी के 97 दिनों बाद सुरक्षित अपने परिवार के बीच पहुंचा दिया गया है.
करीब तीन महीने के डर, बेचैनी और अनिश्चितता के बाद आखिरकार पिथौरागढ़ के दो भाई अपने घर लौट आए हैं. मुख्यमंत्री पुष्कर सिंह धामी की सीधी दखलंदाजी और राज्य सरकार के लगातार प्रयास से रूस में करीब 97 दिनों से फंसे आनंद सिंह कार्की और भूपेंद्र सिंह कार्की अब सुरक्षित अपने परिवार के बीच हैं.
दोनों भाइयों के घर पहुंचते ही मुख्यमंत्री धामी ने खुद फोन कर उनका हाल-चाल जाना और पूरे घटनाक्रम के बारे में विस्तार से बातचीत की. इतने लंबे इंतजार के बाद अपने बेटों को सही सलामत देखकर परिवार की आंखें नम हो गईं.
ट्रैवल एजेंसी ने अच्छी नौकरी का लालच देकर वसूले 8 लाख रुपए
यह पूरा प्रकरण एक धोखे की कहानी है, जानकारी के मुताबिक सितारगंज की एक ट्रैवल एजेंसी ने दोनों भाइयों को विदेश में अच्छी नौकरी दिलाने का लालच दिया. परिवार के अनुसार इस झांसे में आकर उनसे करीब 8 लाख रुपये वसूले गए और फिर उन्हें रूस भेज दिया गया. दोनों भाई 5 मई 2026 को भारत से रवाना होकर अगले ही दिन यानी 6 मई को मॉस्को पहुंचे थे. लेकिन वहां पहुंचते ही असली सच्चाई सामने आई. परिजनों के अनुसार जिस काम का वादा करके उन्हें भेजा गया था वह काम तो नहीं मिला ,बल्कि उनकी मर्जी के खिलाफ उन्हें बिना किसी मेहनताने के दूसरे कामों में लगा दिया गया.
हालात इतने बदतर थे कि दोनों युवकों को अपनी मर्जी से कहीं आने जाने की भी इजाजत भी नहीं थी. काम करने से इनकार करने पर उन्हें धमकियां दी जाती थीं. धीरे-धीरे परिवार से संपर्क भी टूटने लगा, जिससे घर में चिंता का माहौल बढ़ता गया. परिवार के लिए सबसे डरावना पल तब आया जब आखिरी बार बात होने पर बेटों ने बताया कि जिस इमारत में उन्हें रखा गया है, उसके आसपास ड्रोन या मिसाइल हमले की आशंका है.
मुख्यमंत्री के संज्ञान में आने के 97 दिन बाद दोनों लौटे घर
जैसे ही यह मामला मुख्यमंत्री धामी के संज्ञान में आया, उन्होंने इसे बेहद गंभीरता से लेते हुए अधिकारियों को तुरंत दोनों युवकों की सुरक्षित वापसी सुनिश्चित करने के निर्देश दिए. इसके बाद राज्य सरकार का अमला हरकत में आया और विदेश मंत्रालय व रूस स्थित भारतीय दूतावास के साथ लगातार तालमेल बिठकर वापसी की प्रक्रिया को गति दी गई. जिसके बाद 97 दिन के लंबे अंतराल के बाद आखिरकार दोनों भाई सुरक्षित घर लौट गए.
इस मौके पर मुख्यमंत्री धामी ने कहा कि उतराखंड का कोई भी नागरिक चाहे दुनिया के किसी भी कोने में मुश्किल में हो, राज्य सरकार उसकी मदद के लिए हर मुमकिन कोशिश करेगी. उन्होंने साफ शब्दों में कहा कि प्रदेशवासियों की सुरक्षा, स्वाभिमान और हित की हिफाजत करना सरकार की सबसे बड़ी जिम्मेदारी है. साथ ही उन्होंने बताया कि ऐसे संवेदनशील मामलों में राज्य सरकार हमेशा केंद्र सरकार, विदेश मंत्रालय और भारतीय दूतावास के साथ मिलकर हरसंभव सहायता पहुंचाने का प्रयास करती है.",hi,8/12/26 9:40,8/14/26 11:17,Pithoragarh,politics_governance,uttarakhand|उत्तराखंड|धामी|पुष्कर सिंह धामी|मुख्यमंत्री|राज्य सरकार,trafilatura,518
89da8256e804f0743e61cb51a92a184ae48e6fdc,https://hindi.news18.com/news/uttarakhand/rishikesh-sawan-kanwar-yatra-heavy-crowd-garbage-cleanliness-problem-in-ghats-and-roads-local18-10742345.html,https://hindi.news18.com/news/uttarakhand/rishikesh-sawan-kanwar-yatra-heavy-crowd-garbage-cleanliness-problem-in-ghats-and-roads-local18-10742345.html,news18_hindi_uttarakhand,News18 Hindi,rss,"गंगा किनारे आस्था का सैलाब, लेकिन घाटों पर गंदगी का अंबार, ऋषिकेश की सफाई व्यवस्था पर फूटा लोगों का गुस्सा","Rishikesh News: सावन में ऋषिकेश हर साल की तरह इस बार भी शिवभक्तों और पर्यटकों से भरा हुआ है. गंगा घाटों से लेकर बाजारों और सड़कों तक दिनभर श्रद्धालुओं की आवाजाही बनी हुई है, लेकिन बढ़ती भीड़ के बीच शहर की एक तस्वीर चिंता बढ़ा रही है. कई जगह सड़क किनारे और घाटों के आसपास कूड़ा जमा दिखाई दे रहा है. प्लास्टिक की बोतलें, खाने-पीने के पैकेट और दूसरे कचरे के ढेर शहर की सफाई व्यवस्था पर सवाल खड़े कर रहे हैं. स्थानीय लोगों का कहना है कि भीड़ के हिसाब से सफाई व्यवस्था बढ़ाए जाने की जरूरत है.",,hi,8/12/26 8:20,8/14/26 11:13,Dehradun,,,,0
0868bf8e78ac8d1f3b96edb326edde9c032c6d67,https://www.aajtak.in/amp/education/news/story/ranchi-protest-water-cannon-history-india-ngix-dskc-2620497-2026-08-12,https://aajtak.in/amp/education/news/story/ranchi-protest-water-cannon-history-india-ngix-dskc-2620497-2026-08-12,gnews_protest_youth,AajTak,gnews,"आग बुझाने के ल‍िए बनी थी वाटर कैनन, जिसे अंग्रेजों ने आंदोलनकारियों पर चलाया और अब पुलिस करती है इस्तेमाल","आग बुझाने के ल‍िए बनी थी वाटर कैनन, जिसे अंग्रेजों ने आंदोलनकारियों पर चलाया और अब पुलिस करती है इस्तेमाल  AajTak","झारखंड में अलग-अलग भर्ती परीक्षाओं में धांधली का आरोप लगाते हुए हजारों छात्रों ने विधानसभा का घेराव किया. लेकिन जैसे ही छात्र विधानसभा के पास पहुंचे उनपर प्रशासन ने वाटर कैनन चलाया. लेकिन इन दौरान वहां से जो तस्वीरें सामने आई है, वह हैरान कर देने वाली थी. छात्र वहां से भागे नहीं बल्कि डांस करने लगे. इस घटना के बाद से लोगों के मन में एक सवाल तो जरूर उठा होगा कि आखिर इसका आइडिया आया कहा से है? पहली बार इसकी शुरुआत कब हुई और पहली बार इसका इस्तेमाल कब हुआ था? प्रदर्शनों और आंदोलनों के दौरान भीड़ को तितर-बितर करने के लिए सुरक्षा बलों द्वारा वाटर कैनन (पानी की बौछार) का इस्तेमाल एक आम तरीका है. कानून-व्यवस्था बनाए रखने के लिए गैर-घातक हथियार के रूप में इस्तेमाल होने वाली इस तकनीक का अपना एक दिलचस्प इतिहास है.

कब हुआ था वाटर कैनन का आविष्कार?

रांची में छात्रों के ऊपर इस्तेमाल किया जाने वाला वाटर कैनन मूल रूप से अग्निशमन विभाग की वाटर होज और पंपिंग प्रणाली से आया है. 19वीं सदी के आखिर में आग बुझाने के लिए तेज दबाव से पानी छोड़ने वाली पानी की तोपें को विकसित किया गया था. हालांकि, 1930 के दशक की शुरुआत में जर्मनी में पुलिस और इंजीनियरों ने इसी तकनीक को वाहन पर लगाकर भीड़ नियंत्रण के लिए इस्तेमाल करना शुरू किया. इस तरह अग्निशमन में इस्तेमाल होने वाली तकनीक धीरे-धीरे पुलिस के भीड़ नियंत्रण वाले हथियार में बदल गई.

दुनिया में पहला इस्तेमाल

दंगों और प्रदर्शनों को रोकने के लिए दुनिया में पहली बार ट्रक-माउंटेड वाटर कैनन का इस्तेमाल 1930 के दशक की शुरुआत में जर्मनी (बर्लिन) में किया गया था. इसके बाद 1960 के दशक में अमेरिका में नागरिक अधिकारों (Civil Rights) के आंदोलनों के टाइम पर किया गया था.

भारत में कब से शुरू हुआ है इसका इस्तेमाल?

दावा किया जाता है कि भारत में ब्रिटिश काल के दौरान आंदोलनकारियों को नियंत्रित करने के लिए फायर ब्रिगेड के पानी के टैंकरों और होज का इस्तेमाल किया जाता था. आजाद भारत में पुलिस बलों ने भीड़ नियंत्रण के लिए आधुनिक वाटर कैनन वाहनों का इस्तेमाल करती थी. रक्षा अनुसंधान एवं विकास संगठन (DRDO) ने भारतीय पुलिस और अर्धसैनिक बलों के लिए आधुनिक वॉटर कैनन और ‘वज्र’ जैसे दंगा-रोधी वाहन विकसित किए.

यह कैसे काम करता है और इससे क्या होता है?

वाटर कैनन एक विशेष प्रकार का भारी-भरकम वाहन होता है जिस पर हाई प्रेशर का वाटर पंप और गन (नोजल) लगा होता है. ऑपरेटर वाहन के अंदर बैठकर ही जॉयस्टिक के जरिए छत पर लगी कैनन को घुमाता और फायर करता है. इसके जरिए अत्यधिक उच्च दबाव के साथ पानी की तेज बौछार छोड़ी जाती है, जो भीड़ को शारीरिक रूप से पीछे धकेल देती है. वहीं, कई आधुनिक वाटर कैनन में पानी के साथ लाल या नीले रंग का डाई मिलाया जाता है, ताकि उपद्रवियों की आसानी से पहचान करके उन्हें बाद में पकड़ा जा सके. इसके अलावा भीड़ को तितर-बितर करने के लिए इसमें माइल्ड टियर गैस (आंसू गैस) या मिर्च का घोल भी मिलाया जाता है.

पुलिस विभाग को कितनी वाटर कैनन मिलती हैं?

अब सवाल ये भी खड़ा होता है कि आखिर पुलिस विभाग को आखिर कितने वाटर कैनन मिलते हैं? तो बता दें कि भारत में पुलिस और कानून-व्यवस्था राज्य का विषय है, केंद्रीय कोटा या तय संख्या नहीं. गृह मंत्रालय (MHA) किसी राज्य पुलिस विभाग के लिए वाटर कैनन की कोई एक निश्चित या अनिवार्य संख्या तय नहीं करता है. केंद्र सरकार की 'मॉडर्नाइजेशन ऑफ पुलिस फोर्स'(MPF) जो अब राज्यों और केंद्र शासित प्रदेशों को पुलिस आधुनिकीकरण सहायता (ASUMP) के नाम से जाना जाता है योजना के तहत राज्य सरकारों को बजट मिलता है, जिससे राज्य अपनी जरूरत के हिसाब से DRDO या निजी कंपनियों से वाटर कैनन गाड़ियां खरीदते हैं.

---- समाप्त ----",hi,8/12/26 6:50,8/14/26 11:18,,recruitment_jobs|exam_paper_leak|protest_agitation|politics_governance,राज्य सरकार|विधानसभा,newspaper4k,623
42a8b2f8f3bdfe25e9e98dfaaed8c7ec2eafc922,https://hindi.news18.com/photogallery/dharm/uttarakhand-famous-goludevta-temples-chitai-dana-gairad-goljyu-nyay-ke-devta-mandir-local18-10741696.html,https://hindi.news18.com/photogallery/dharm/uttarakhand-famous-goludevta-temples-chitai-dana-gairad-goljyu-nyay-ke-devta-mandir-local18-10741696.html,news18_hindi_uttarakhand,News18 Hindi,rss,"उत्तराखंड के इन मंदिरों में लगती है अनोखी अदालत, कागज पर अर्जी लिखकर न्याय मांगते हैं भक्त, मन्नत पूरी तो चढ़ती है घंटी","Golu Devta Mandir: उत्तराखंड की लोक आस्था में गोलू देवता का नाम बेहद खास है. कुमाऊं क्षेत्र में उन्हें न्याय के देवता के रूप में पूजा जाता है और मान्यता है कि उनके दरबार में सच्चे मन से की गई फरियाद जरूर सुनी जाती है. यही वजह है कि उत्तराखंड के अलग-अलग जिलों में बने गोलू देवता के मंदिरों में दूर-दूर से श्रद्धालु पहुंचते हैं. इन मंदिरों की एक खास पहचान यहां दिखाई देने वाली हजारों घंटियां हैं, जिन्हें भक्त अपनी मनोकामना पूरी होने के बाद अर्पित करते हैं. कई जगह लोग अपनी परेशानी और न्याय से जुड़ी बात कागज या स्टांप पेपर पर लिखकर भी देवता के सामने रखते हैं. चंपावत का ग्वाल देवता मंदिर हो, अल्मोड़ा का चितई और गैराड़ मंदिर या नैनीताल और हल्द्वानी के गोलू देवता मंदिर, हर जगह आस्था से जुड़ी अलग कहानी देखने को मिलती है.",,hi,8/12/26 6:00,8/14/26 11:13,Nainital|Almora|Champawat,tourism_religion,उत्तराखंड|कुमाऊं,,0
42d7ef2252323326ae209e4c4be4961c568eb6ce,https://www.etvbharat.com/amp/hi/state/special-cbi-court-dehradun-orders-framing-of-charges-against-suman-khalid-and-sabia-in-uksssc-paper-leak-case-uts26081201235,https://etvbharat.com/amp/hi/state/special-cbi-court-dehradun-orders-framing-of-charges-against-suman-khalid-and-sabia-in-uksssc-paper-leak-case-uts26081201235,gnews_uksssc,ETV Bharat,gnews,"UKSSSC पेपर लीक: सुमन, खालिद और साबिया पर तय होंगे आरोप, विशेष सीबीआई कोर्ट ने माने पर्याप्त आधार","UKSSSC पेपर लीक: सुमन, खालिद और साबिया पर तय होंगे आरोप, विशेष सीबीआई कोर्ट ने माने पर्याप्त आधार  ETV Bharat","देहरादून: उत्तराखंड अधीनस्थ सेवा चयन आयोग (UKSSSC) की स्नातक स्तरीय परीक्षा में अनियमित साधनों के इस्तेमाल से जुड़े मामले में देहरादून स्थित विशेष CBI न्यायालय ने तीन आरोपियों के खिलाफ आरोप तय करने के लिए पर्याप्त आधार माना है. अदालत ने मामले में आरोपी सुमन, मोहम्मद खालिद और साबिया के खिलाफ आरोप तय किए जाने की प्रक्रिया आगे बढ़ाने के निर्देश दिए हैं. मामले में आरोप गठन के लिए 18 अगस्त 2026 की तारीख तय की गई है.

यूकेएसएसएससी पेपर लीक में तय होंगे आरोप: जानकारी के अनुसार अदालत के समक्ष रखे गए रिकॉर्ड के मुताबिक, 21 सितंबर 2025 को UKSSSC की स्नातक स्तरीय परीक्षा आयोजित की जा रही थी. मामले के आरोपी मोहम्मद खालिद भी इस परीक्षा में अभ्यर्थी था. जांच में सामने आया कि परीक्षा के दौरान प्रश्नपत्र के तीन पेज की तस्वीरें खींचकर व्हाट्सएप के जरिए आरोपी सुमन के मोबाइल नंबर पर भेजी गईं. इसके बाद सुमन ने कुछ बहुविकल्पीय प्रश्नों के उत्तर व्हाट्सएप के जरिए भेजे.

सुमन ने पहले अनभिज्ञता का दिया था तर्क:आरोपी सुमन की ओर से अदालत में दलील दी गई कि उसे यह जानकारी नहीं थी कि जिस दिन प्रश्न भेजे गए, उस दिन UKSSSC की परीक्षा हो रही थी. उसका कहना था कि मोहम्मद खालिद ने व्हाट्सएप पर बताया था कि उसकी बहन का पेपर है और उससे 20 बहुविकल्पीय प्रश्नों के उत्तर देने को कहा था. बाद में बातचीत के दौरान उसे पता चला कि उस दिन UKSSSC की स्नातक स्तरीय परीक्षा थी.

CBI ने दलील का किया विरोध: CBI की ओर से इस तर्क का विरोध किया गया. अभियोजन के मुताबिक, सुमन को भेजे गए प्रश्नपत्र के पेज पर परीक्षा का QR कोड अंकित था. इसके अलावा प्रश्नपत्र और उसके उत्तरों से जुड़े व्हाट्सएप संदेश सुमन ने अपने मोबाइल से तत्काल डिलीट कर दिए और पुलिस को सूचना देने के बजाय यह जानकारी बॉबी पंवार को भेजी.

परीक्षा केंद्र पर खालिद की गतिविधियों का भी जिक्र: अदालत के रिकॉर्ड में बताया गया है कि मोहम्मद खालिद का परीक्षा केंद्र आदर्श बाल सदन इंटर कॉलेज, बहादुरपुर जट में था. परीक्षा केंद्र पर 15 कैमरे लगाए गए थे. आरोप है कि परीक्षा शुरू होने के बाद खालिद ने प्रश्नपत्र के तीन पेज की फोटो खींची और करीब 11:30 बजे वॉशरूम गया. इसके बाद प्रश्नपत्र के पेज व्हाट्सएप के जरिए सुमन तक पहुंचे और सुमन ने कुछ प्रश्नों के उत्तर भेजे.

विशेष न्यायालय ने अनुचित साधन इस्तेमाल से जुड़ा कृत्य माना: विशेष न्यायाधीश CBI मदन राम की अदालत ने केस डायरी और अन्य दस्तावेजों के अवलोकन के बाद कहा कि आरोपियों के खिलाफ प्रथम दृष्टया पर्याप्त सामग्री मौजूद है. अदालत के मुताबिक, सुमन को भेजे गए प्रश्नपत्र के पेज वास्तविक परीक्षा के प्रश्नपत्र थे और उनके उत्तर भेजना प्रतियोगी परीक्षा में अनुचित साधनों के इस्तेमाल से जुड़ा कृत्य माना गया है.

18 अगस्त को आरोप गठन की कार्यवाही होगी: सीबीआई ने जांच के बाद मोहम्मद खालिद, साबिया और सुमन के खिलाफ भारतीय न्याय संहिता की धारा 61(2), 238, 241 और 318(4) और उत्तराखंड प्रतियोगी परीक्षा (भर्ती में अनुचित साधनों की रोकथाम और निवारण के उपाय) अधिनियम, 2023 की धारा 12(1) और 12(2) के तहत आरोप पत्र दाखिल किया है. अब इस मामले में 18 अगस्त 2026 को आरोप गठन की कार्यवाही होगी.

ये भी पढ़ें:

UKSSSC पेपर लीक मामले में आरोपी खालिद के खिलाफ एक और मुकदमा दर्ज, जानिए क्या किया था झोल!

UKSSSC पेपर लीक केस, सीबीआई ने की पहली गिरफ्तारी, असिस्टेंट प्रोफेसर अरेस्ट

UKSSSC पेपर लीक मामला, सीबीआई ने कोर्ट में दाखिल की चार्जशीट, जानिए किसे बनाया मुख्य आरोपी

बॉबी पंवार से CBI ने 9 घंटे तक की पूछताछ, बाहर निकलते ही धामी सरकार पर बरसे

UKSSSC पेपर लीक केस, खालिद और साबिया की न्यायिक हिरासत बढ़ी, SIT ने किए बड़े खुलासे

खालिद को लेकर एग्जाम सेंटर पहुंची पुलिस, रिक्रिएट किया सीन, जानिए क्या कुछ निकला",hi,8/12/26 4:41,8/14/26 10:14,Dehradun,recruitment_jobs|exam_paper_leak|investigation_justice,UKSSSC|अधीनस्थ सेवा चयन आयोग|उत्तराखंड|धामी|यूकेएसएसएससी,newspaper4k,625
7269d9a95ec2d2e145a5a34a7310cc20aeb98518,https://www.livehindustan.com/uttarakhand/uksssc-paper-leak-mastermind-mohammed-khalid-and-suman-may-get-life-imprisonment-cbi-submit-report-to-court-201786501924744.amp.html,https://livehindustan.com/uttarakhand/uksssc-paper-leak-mastermind-mohammed-khalid-and-suman-may-get-life-imprisonment-cbi-submit-report-to-court-201786501924744.amp.html,gnews_uksssc,Hindustan,gnews,"UKSSSC पेपर लीक में सुमन और खालिद को हो सकती है उम्रकैद, CBI के सबूतों पर कोर्ट की मुहर","UKSSSC पेपर लीक में सुमन और खालिद को हो सकती है उम्रकैद, CBI के सबूतों पर कोर्ट की मुहर  Hindustan","UKSSSC paper Leak: उत्तराखंड में यूकेएसएसएससी पेपर लीक(UKSSSC paper leak) मामले में सीबीआई कोर्ट ने तीन लोगों पर आरोप तय करने को साक्ष्य प्रथमदृष्टया पर्याप्त माने हैं। इन लोगों में मुख्य आरोपी मोहम्मद खालिद, उसकी बहन साबिया और सह आरोपी सहायक प्रोफेसर सुमन शामिल हैं। इस मामले की अगली सुनवाई अब 18 अगस्त को होगी।
पेपर लीक मामले में यदि सीबीआई की ओर से आरोपित मोहम्मद खालिद, साबिया और सुमन पर कोर्ट आरोप तय कर देती है, तो उनके विरुद्ध उत्तराखंड के सख्त नकल विरोधी कानून के तहत केस चलेगा। दोष सिद्ध होने पर उन्हें 10 वर्ष से लेकर आजीवन कारावास तक की सजा हो सकती है। साथ ही एक करोड़ से 10 करोड़ रुपये तक जुर्माने का भी प्रावधान है।
उत्तराखंड प्रतियोगी परीक्षा (भर्ती में अनुचित साधनों की रोकथाम व निवारण के उपाय) अधिनियम, 2023 के तहत पेपर लीक, नकल कराने, साजिश रचने व परीक्षा की गोपनीयता भंग करने जैसे अपराध गैर-जमानती और गंभीर श्रेणी में आते हैं। दोष सिद्ध होने पर आरोपियों की परीक्षा में धांधली से अर्जित संपत्ति जब्त की जा सकती है। यदि अभ्यर्थी की संलिप्तता साबित होती है, तो उसे दो से पांच वर्ष तक प्रतियोगी परीक्षाओं से बैन कर सकते हैं। आरोप पत्र दाखिल होने के बाद यह प्रतिबंध 10 वर्ष तक बढ़ सकता है।
विशेष न्यायाधीश मदन राम की कोर्ट ने मंगलवार को माना कि तीनों आरोपियों की संलिप्तता के पर्याप्त सबूत हैं। वहीं, सुनवाई में बचाव पक्ष ने दलील दी कि सुमन को पता नहीं था कि प्रश्न असल भर्ती परीक्षा के हैं। सीबीआई के लोक अभियोजकों ने कोर्ट को बताया कि पेपर पर विशिष्ट क्यूआर कोड था। कोर्ट ने माना कि सुमन प्रतियोगी परीक्षाओं की प्रक्रिया से परिचित थी। बता दें कि 21 सितंबर 2025 को भर्ती परीक्षा के दौरान खालिद नियम विरुद्ध मोबाइल फोन परीक्षा केंद्र में ले गया था।
सीबीआई जांच में जो चौंकाने वाले तथ्य सामने आए हैं, वो बताते हैं कि यह पेपर लीक सिर्फ एक सामान्य नकल नहीं, बल्कि बेहद शातिराना तरीके से रची गई आपराधिक साजिश थी। मुख्य आरोपी मोहम्मद खालिद आदर्श बाल सदन इंटर कॉलेज, बहादुरपुर जट स्थित परीक्षा केंद्र में मोबाइल फोन ले जाने में कामयाब रहा। परीक्षा शुरू होने के बाद उसने कक्षा में प्रश्नपत्र के कुछ पन्नों की तस्वीरें खींचीं। इसके बाद कक्षा निरीक्षक से वॉशरूम जाने की अनुमति ली। केंद्र के वॉशरूम में जैमर नहीं लगा था। खालिद ने इसी खामी का फायदा उठाकर प्रश्नपत्र के तीन पन्नों की तस्वीरें खींचीं और उन्हें बाहर भेज दिया।
जांच में यह भी सामने आया कि पेपर मिलने के कुछ ही मिनट में सह आरोपी सुमन ने उसके उत्तर तैयार कर व्हाट्सएप के जरिए खालिद को भेज दिए थे। पकड़े जाने के डर से उसने प्रश्नपत्र की तस्वीरें और संदेश मोबाइल से डिलीट कर दिए। हालांकि, सीबीआई की जांच में सामने आए तकनीकी साक्ष्यों के कारण यह कोशिश काम नहीं आई।
उत्तराखंड अधीनस्थ सेवा चयन आयोग की स्नातक स्तरीय परीक्षा का पेपर लीक कांड प्रदेश के इतिहास में युवाओं के सबसे बड़े और निर्णायक आंदोलन का गवाह बना। मामला सामने आने के बाद पूरे उत्तराखंड से बेरोजगार युवा और छात्र संगठनों में आक्रोश फैल गया था। राजधानी का परेड ग्राउंड कई दिन तक आंदोलन का केंद्र बना रहा। बाद में युवाओं के हित में सरकार ने 21 सितंबर 2025 को हुई परीक्षा रद्द कर दी। मामले की गंभीरता को देखते हुए जांच सीबीआई को सौंपी गई।",hi,8/12/26 2:42,8/14/26 11:16,,recruitment_jobs|exam_paper_leak|investigation_justice|protest_agitation,UKSSSC|अधीनस्थ सेवा चयन आयोग|उत्तराखंड|यूकेएसएसएससी,trafilatura,553
76ec2a699b845add9a7168af265055659d8688af,https://www.amarujala.com/dehradun/warning-habit-of-staying-on-an-empty-stomach-could-lead-to-gallstones-rishikesh-uttarakhand-news-2026-08-12,https://amarujala.com/dehradun/warning-habit-of-staying-on-an-empty-stomach-could-lead-to-gallstones-rishikesh-uttarakhand-news-2026-08-12,amar_ujala_uttarakhand,Amar Ujala,rss,"सावधान: खाली पेट की आदत कहीं न बना दे पित्त की थैली में पथरी, अनियमित खानपान, तला-भुना भोजन बढ़ा रहा परेशानी",वजन कम करने या व्यस्त दिनचर्या के चलते लंबे समय तक भूखे रहना और फिर एक साथ अधिक खाना सेहत पर भारी पड़ सकता है।,"सावधान: खाली पेट की आदत कहीं न बना दे पित्त की थैली में पथरी, अनियमित खानपान, तला-भुना भोजन बढ़ा रहा परेशानी
खाली पेट की आदत कहीं पित्त की थैली में पथरी बना सकती है। राजकीय उपजिला चिकित्सालय में रोजाना 7 से 10 मरीज पित्त की पथरी की शिकायत लेकर पहुंच रहे हैं।
खबरें लगातार पढ़ने के लिए अमर उजाला एप डाउनलोड करें
या 
 वेबसाइट पर पढ़ना जारी रखने के लिए वीडियो विज्ञापन देखें
अगर आपके पास प्रीमियम मेंबरशिप है तो
विस्तार
वजन कम करने या व्यस्त दिनचर्या के चलते लंबे समय तक भूखे रहना और फिर एक साथ अधिक खाना सेहत पर भारी पड़ सकता है। बदलती जीवनशैली और खानपान की आदतों के बीच पित्त की थैली में पथरी के मामले बढ़ने की चिंता सामने आ रही है। राजकीय उपजिला चिकित्सालय में प्रतिदिन करीब 7 से 10 लोग पित्त की थैली में पथरी की समस्या लेकर पहुंच रहे हैं।
चिकित्सकों के मुताबिक अनियमित खानपान, लंबे समय तक भोजन न करना, अत्यधिक तैलीय एवं वसायुक्त भोजन, जंक फूड, मोटापा और तेजी से वजन कम करने की कोशिश पथरी के जोखिम को बढ़ाने वाले प्रमुख कारकों में शामिल हैं। राजकीय उपजिला चिकित्सालय में तैनात वरिष्ठ सर्जन डॉ. लोकेश सलूजा बताते हैं कि पित्त की थैली में पथरी की शिकायत बच्चों में भी देखने को मिल रही है।
इसका प्रमुख कारण अत्यधिक जंकफूड का सेवन है। इसके अलावा वजन कम करने के लिए अत्यधिक समय तक भूखा रहना, भोजन में कम गुणवत्ता वाले तेल का प्रयोग भी इसके प्रमुख कारण हैं। पित्त की थैली यानी गॉल ब्लैडर यकृत (लीवर) के नीचे स्थित एक छोटी थैली होती है, जो पित्त को जमा करके रखती है। भोजन के बाद यह पित्त को आंत में छोड़ती है, जिससे वसा के पाचन में मदद मिलती है। जब पित्त में कोलेस्ट्रॉल या अन्य पदार्थों का संतुलन बिगड़ता है अथवा थैली पर्याप्त रूप से खाली नहीं होती तो धीरे-धीरे पथरी बनने की स्थिति पैदा हो सकती है।
भूखे रहने और पथरी का क्या है संबंध
डॉ. सलूजा बताते हैं कि लंबे समय तक भोजन न करने पर पित्त की थैली नियमित रूप से खाली नहीं हो पाती। वहीं, बहुत तेजी से वजन घटाने या बेहद कम कैलोरी वाला आहार लेने की स्थिति में लीवर से पित्त में अतिरिक्त कोलेस्ट्रॉल पहुंच सकता है और गॉल ब्लैडर के खाली होने की प्रक्रिया प्रभावित हो सकती है। यही कारण है कि क्रैश डाइट और तेजी से वजन घटाने की कोशिश पित्त की पथरी के जोखिम को बढ़ा सकती है।
                                                                                                                                 
                                                
                                                                                                                                 
                                                
                                                                                                                                 
                                                
                                                                                                                                 
                                                
                                                                                                                                 
                                                
                                                                                                                                 
                                                
                                                                                                                                 
                                                ये भी पढे़ं...Chamoli: तमक नाला बना सिरदर्द, एक दशक में तीन बार बह चुका पुल, हर साल पानी में बह रही है आवाजाही की व्यवस्था
दर्द को नजरअंदाज करना पड़ सकता है भारी
                                                                                                                                 
                                                
                                                                                                                                 
                                                
                                                                                                                                 
                                                
                                                                                                                                 
                                                डॉ. सलूजा बताते हैं कि पित्त की पथरी कई लोगों में बिना किसी लक्षण के भी रह सकती है। जब पथरी पित्त नली को अवरुद्ध करती है तो पेट के ऊपरी दाहिने हिस्से में तेज दर्द, मितली या उल्टी जैसी शिकायत हो सकती है। यह दर्द कई घंटे तक रह सकता है और अक्सर भारी भोजन के बाद सामने आता है। यदि पेट दर्द के साथ बुखार, ठंड लगना, लगातार उल्टी, आंखों या त्वचा का पीला पड़ना, गहरे रंग का पेशाब या कई घंटे तक बना रहने वाला तेज दर्द हो, तो इसे सामान्य गैस या अपच समझकर टालना नहीं चाहिए। ऐसी स्थिति में तत्काल चिकित्सकीय जांच जरूरी है, क्योंकि पित्त की नली में रुकावट से गंभीर जटिलताएं हो सकती हैं।
क्या करें
-लंबे समय तक बिना भोजन के न रहें और अनियमित खानपान से बचें।
-वजन कम करना हो तो क्रैश डाइट के बजाय धीरे और सुरक्षित तरीके से वजन घटाएं।
-तले-भुने, अत्यधिक वसायुक्त और जंक फूड का सेवन सीमित करें।
-भोजन में फल, सब्जियां, दालें और साबुत अनाज जैसे फाइबर युक्त खाद्य पदार्थ शामिल करें।
-नियमित शारीरिक गतिविधि और संतुलित आहार को दिनचर्या का हिस्सा बनाएं।
-बार-बार पेट दर्द, खासकर दाहिनी ऊपरी तरफ दर्द होने पर चिकित्सक से जांच कराएं।",hi,8/12/26 1:45,8/14/26 11:13,Chamoli,,,trafilatura,642
046d7ea9cc1d1fa58366a60cd0723fe75e8dfaa5,https://www.amarujala.com/dehradun/visually-impaired-students-protest-ends-students-agreed-after-reviewing-the-written-assurance-niepvd-dehradun-2026-08-12,https://amarujala.com/dehradun/visually-impaired-students-protest-ends-students-agreed-after-reviewing-the-written-assurance-niepvd-dehradun-2026-08-12,amar_ujala_uttarakhand,Amar Ujala,rss,"Dehradun News: आंदोलनरत दिव्यांग छात्रों का प्रदर्शन खत्म, लिखित आश्वासन का अध्ययन करने के बाद माने","लैपटॉप, छात्रावास, मैदान और जिम समेत विभिन्न मांगों को लेकर आंदोलनरत दिव्यांग छात्रों का प्रदर्शन मंगलवार को समाप्त हो गया।","Dehradun News: आंदोलनरत दिव्यांग छात्रों का प्रदर्शन खत्म, लिखित आश्वासन का अध्ययन करने के बाद माने
देहरादून के स्कूल में दृष्टिबाधित छात्रों का आंदोलन खत्म हो गया। छात्रों ने लिखित आश्वासन मिलने के बाद आंदोलन खत्म कर दिया।
खबरें लगातार पढ़ने के लिए अमर उजाला एप डाउनलोड करें
या 
 वेबसाइट पर पढ़ना जारी रखने के लिए वीडियो विज्ञापन देखें
अगर आपके पास प्रीमियम मेंबरशिप है तो
विस्तार
लैपटॉप, छात्रावास, मैदान और जिम समेत विभिन्न मांगों को लेकर आंदोलनरत दिव्यांग छात्रों का प्रदर्शन मंगलवार को समाप्त हो गया। छात्रों को संस्थान की ओर से मिले लिखित आश्वासन का अध्ययन करने के बाद छात्रों ने यह फैसला लिया।
राष्ट्रीय दृष्टि दिव्यांगजन सशक्तीकरण संस्थान (एनआईईपीवीडी) के मॉडल स्कूल फॉर विजुअल डिसएबिलिटीज (एमएसवीडी) के छात्र अपनी मांगों को लेकर बीती तीन अगस्त से आंदोलन कर रहे थे। मंगलवार को संस्थान के निदेशक डॉॅ. विनोद कैन ने वीडियो जारी करते हुए बताया कि छात्रों की सभी मांगों पर उच्च अधिकारियों के साथ विस्तार से चर्चा की गई।
ये भी पढे़ं...Chamoli: तमक नाला बना सिरदर्द, एक दशक में तीन बार बह चुका पुल, हर साल पानी में बह रही है आवाजाही की व्यवस्था
छात्रों की सभी मांगों को मान लिया गया है। सामाजिक न्याय व अधिकारिता मंत्रालय के सहयोग से मामले के समाधान के लिए तत्काल प्रशासनिक कदम उठाए गए। छात्रों की मांगों पर गंभीरता से विचार करने के बाद सक्षम प्राधिकारी की ओर से कई महत्वपूर्ण प्रस्तावों को मंजूरी दी गई, जिनके तहत संस्थान में विभिन्न सुधारात्मक बदलाव लागू किए जा चुके हैं। संस्थान प्रशासन ने कहा कि एमएसवीडी देशभर में दृष्टिबाधित छात्रों की शिक्षा और सशक्तिकरण के क्षेत्र में अपनी उत्कृष्ट शैक्षणिक गुणवत्ता के लिए जाना जाता है।",hi,8/12/26 1:40,8/14/26 11:13,Dehradun|Chamoli,protest_agitation|health_education,,trafilatura,274
f663ab86db7b9870bf28715a618eda10cbea58b9,https://www.amarujala.com/photo-gallery/dehradun/amar-ujala-tiranga-padyatra-in-dehradun-maa-tujhe-pranam-event-people-immersed-in-patriotic-songs-watch-photos-2026-08-12,https://amarujala.com/photo-gallery/dehradun/amar-ujala-tiranga-padyatra-in-dehradun-maa-tujhe-pranam-event-people-immersed-in-patriotic-songs-watch-photos-2026-08-12,amar_ujala_uttarakhand,Amar Ujala,rss,"अमर उजाला तिरंगा पदयात्रा: मां तुझे प्रणाम; सैकड़ों बच्चों और लोगों ने दिया देशभक्ति का संदेश, फूलों से स्वागत",अमर उजाला की ओर से मां तुझे प्रणाम कार्यक्रम के तहत बुधवार को भव्य तिरंगा पदयात्रा निकाली गई।,"अमर उजाला की ओर से मां तुझे प्रणाम कार्यक्रम के तहत बुधवार को भव्य तिरंगा पदयात्रा निकाली गई। परेड ग्राउंड से घंटाघर होते हुए यह यात्रा परेड ग्राउंड पर समाप्त हुई। इस यात्रा में शहर के दर्जनों स्कूलों के छात्रों, एनसीसी कैडेट्स और विभिन्न समााजिक संगठन के लोग शामिल रहे। करीब 600 की तादात में यात्रा में शामिल हुए लोगों ने देशभक्ति का संदेश दिया।
अमर उजाला तिरंगा पदयात्रा: मां तुझे प्रणाम; सैकड़ों बच्चों और लोगों ने दिया देशभक्ति का संदेश, फूलों से स्वागत
मां तुझे प्रणाम कार्यक्रमों की श्रंखला में परेड ग्राउंड से तिरंगा पदयात्रा निकाली गई। देशभक्ति के तरानों पर कदमताल करते लोग आगे बढ़े।",hi,8/12/26 1:11,8/14/26 11:13,,,,trafilatura,107
990ddd1d4884b56a8ef05fd14adf8d5d1086fe80,https://thenewsmill.com/2026/06/sikh-leader-urges-uttarakhand-government-to-act-against-disruptive-elements/,https://thenewsmill.com/2026/06/sikh-leader-urges-uttarakhand-government-to-act-against-disruptive-elements,gnews_uttarakhand_en,The News Mill,gnews,Sikh leader urges Uttarakhand government to address community threats,Sikh leader urges Uttarakhand government to address community threats  The News Mill,"The Jathedar of Sri Akal Takht Sahib, Giani Kuldip Singh Gargajj, has called on the Uttarakhand government to take action against individuals allegedly threatening Sikhs, according to a statement released on June 27. A “mischievous person” from Uttarakhand reportedly threatened Sikhs with a repetition of the June 1984 events.

Giani Kuldip Singh Gargajj said such individuals pose a serious threat to the country’s peace, harmony, and communal brotherhood. He said, “He should not forget that he is openly challenging the Sikh community, whose sacrifices and martyrdoms played a major role in enabling the country to enjoy freedom today,” warning that these expressions could have serious consequences.

He added, “That statement clearly shows how deeply anti-Sikh hatred is rooted in the minds of certain disruptive elements in the country.” Sikhs were advised to remain cautious and not be provoked during their travels.

Giani Kuldip Singh Gargajj specifically urged the Uttarakhand government to control such disruptive elements. He stated, “Repeated attempts by some mischievous elements in Uttarakhand to question Sikhs’ right to wear the Kakaars should be stopped.”

The Jathedar emphasised the state government’s responsibility for ensuring the safety of Sikhs and Punjabis travelling to Uttarakhand. He noted, “It is a very serious matter that some local individuals first targeted Sikhs on pilgrimage because of their religious symbols and attire and later gave the issue a communal colour and created tensions between the two communities.”

He called on the government to identify these disruptive individuals and take strict action against them, warning that if these behaviours are not halted, “Sikhs may be compelled to take a strong decision regarding travel to Uttarakhand.”

Furthermore, Giani Kuldip Singh Gargajj directed the Shiromani Gurdwara Parbandhak Committee (SGPC) to initiate strict legal action in Amritsar against the individual responsible for the threats and anti-Sikh remarks, stating that such individuals should be taught a lesson.",en,8/12/26 1:07,8/14/26 11:19,,,uttarakhand|uttarakhand government,newspaper4k,308
cc3770d3c8c6b6f6dff10f38bf2e6df54a647b69,https://hindi.news18.com/news/nation/aaj-ka-mausam-live-imd-monsoon-alert-19-states-heavy-rain-storm-90-kmph-weather-forecast-august-12-local18-10741038.html,https://hindi.news18.com/news/nation/aaj-ka-mausam-live-imd-monsoon-alert-19-states-heavy-rain-storm-90-kmph-weather-forecast-august-12-local18-10741038.html,news18_hindi_uttarakhand,News18 Hindi,rss,"Aaj Ka Mausam: बंगाल की खाड़ी में बना नया सिस्टम, अगले 48 घंटे 19 राज्यों में आफत बनेगी बारिश, IMD ने किया अलर्ट","Aaj Ka Mausam Live: देश में मानसून एक बार फिर एक्टिव हो गया है. देश के कई राज्यों में मूसलाधार बारिश जारी है. इस बीच मौसम विभाग (IMD) ने 12 अगस्त को 19 राज्यों में भारी बारिश और आंधी का अलर्ट जारी किया है. पूर्वी राजस्थान में बेहद भारी बारिश की संभावना है. दिल्ली, यूपी, बिहार, झारखंड, पंजाब, हरियाणा, मध्य प्रदेश और पहाड़ी राज्यों में भी मौसम बिगड़ सकता है. यूपी में 80 किलोमीटर प्रति घंटे तक की आंधी चलने का अनुमान है. कई इलाकों में भारी बारिश के साथ तेज हवाएं परेशानी बढ़ा सकती हैं. मौसम विभाग के अनुसार कम दबाव का क्षेत्र और मानसून टर्फ बारिश को ताकत दे रहे हैं. बंगाल की खाड़ी में नया सिस्टम बनने से आने वाले दिनों में भी बारिश जारी रह सकती है.",,hi,8/12/26 0:53,8/14/26 11:13,,,,,0
6e084e71fcbbb623386040dfae5b88e68e56d6c5,https://www.amarujala.com/dehradun/uttarakhand-news-tet-is-mandatory-for-promotion-from-lt-to-lecturer-post-2026-08-12,https://amarujala.com/dehradun/uttarakhand-news-tet-is-mandatory-for-promotion-from-lt-to-lecturer-post-2026-08-12,amar_ujala_uttarakhand,Amar Ujala,rss,"उत्तराखंड: एलटी से प्रवक्ता पद पर पदोन्नति के लिए TET अनिवार्य, शिक्षक बोले-एक साल तक चुप्पी साधे रहा विभाग",सहायक अध्यापक एलटी से प्रवक्ता पद पर पदोन्नति के लिए टीईटी अनिवार्य है।,"उत्तराखंड: एलटी से प्रवक्ता पद पर पदोन्नति के लिए TET अनिवार्य, शिक्षक बोले-एक साल तक चुप्पी साधे रहा विभाग
एलटी से प्रवक्ता पद पर पदोन्नति के लिए टीईटी अनिवार्य है। शिक्षक का कहना है कि मामले में एक साल तक विभाग चुप्पी साधे रहा।
खबरें लगातार पढ़ने के लिए अमर उजाला एप डाउनलोड करें
या 
 वेबसाइट पर पढ़ना जारी रखने के लिए वीडियो विज्ञापन देखें
अगर आपके पास प्रीमियम मेंबरशिप है तो
विस्तार
सहायक अध्यापक एलटी से प्रवक्ता पद पर पदोन्नति के लिए टीईटी अनिवार्य है। राजकीय शिक्षक संघ ने विभाग की ओर से एक साल बाद इस पर स्थिति स्पष्ट किए जाने पर नाराजगी जताई। संगठन का कहना है कि सर्वोच्च न्यायालय का फैसला एक सितंबर 2025 को आया है। जबकि विभाग की ओर से अब स्थिति स्पष्ट की गई है।
राजकीय शिक्षक संघ के प्रांतीय अध्यक्ष रविंद्र राणा व महामंत्री डॉ.अंकित जोशी के मुताबिक सर्वोच्च न्यायालय के निर्णय में टीईटी की आवश्यकता और पदोन्नति संबंधी अहम निर्देश थे। विभाग के पास इसके अनुपालन को लेकर स्थिति स्पष्ट करने का पर्याप्त समय था। आरोप है कि विभाग अब तक इस मामले में चुप्पी साधे रहा। इस स्थिति को एक वर्ष पहले ही स्पष्ट कर दिया जाता तो शिक्षक को इसकी तैयारी के लिए पूरा समय मिलता। शिक्षक संघ ने कहा, यदि टीईटी आवश्यक थी, तो यू-टीईटी नियमावली में संशोधन प्रक्रिया क्यों नहीं शुरू की गई। ऐसा किए जाने से अब तक कई शिक्षक टीईटी उत्तीर्ण कर चुके होते।
ये भी पढे़ं...चारधाम यात्रा: 114 दिनों में दर्शनार्थियों का संख्या 47 लाख पार; सीएम बोले- सबकी सुरक्षा हमारी प्राथमिकता
ये हैं शिक्षक संघ की प्रमुख मांगें
एलटी से प्रवक्ता पद पर टीईटी की अनिवार्यता के संबंध में विभाग स्पष्ट एवं लिखित आदेश जारी करें। टीईटी की अनिवार्यता का वैधानिक आधार बताया जाए। एक सितंबर 2025 के सर्वोच्च न्यायालय के निर्णय के बाद विभाग की ओर से की गई कार्यवाही सार्वजनिक हो। विभागीय स्तर पर निर्णय न लिए जाने का प्रतिकूल असर सेवारत शिक्षकों की पदोन्नति पर न पड़े। पदोन्नति को लंबित रखने के बजाए प्रकरण का निपटारा कर पदोन्नति प्रक्रिया को आगे बढ़ाया जाए।",hi,8/12/26 0:50,8/14/26 11:13,,protest_agitation|tourism_religion,उत्तराखंड,trafilatura,343
85be7908b690958af8a2eb59599fd89a5ba63446,https://www.amarujala.com/dehradun/haridwar-news-9-lakh-drone-showpiece-for-two-years-purchased-to-connect-farmers-with-modern-agriculture-2026-08-12,https://amarujala.com/dehradun/haridwar-news-9-lakh-drone-showpiece-for-two-years-purchased-to-connect-farmers-with-modern-agriculture-2026-08-12,amar_ujala_uttarakhand,Amar Ujala,rss,"Haridwar: नौ लाख का ड्रोन दो साल से शोपीस, जांच हवा-हवाई, किसानों को आधुनिक कृषि से जोड़ने के लिए था खरीदा गया",किसानों को आधुनिक कृषि से जोड़ने के लिए नौ लाख रुपये से खरीदे गए ड्रोन के नहीं उड़ने के डीएम मयूर दीक्षित के जांच के आदेश हवा-हवाई साबित हो रहे हैं।,"Haridwar: नौ लाख का ड्रोन दो साल से शोपीस, जांच हवा-हवाई, किसानों को आधुनिक कृषि से जोड़ने के लिए था खरीदा गया
जमालपुर कलां सहकारी समिति में ड्रोन से स्प्रे न होने का मामला सामने आया है। नौ लाख का ड्रोन दो साल से शोपीस बना है। डीएम ने जिला सहायक निबंधक सहकारी समितियां को जांच के आदेश दिए हैं।
खबरें लगातार पढ़ने के लिए अमर उजाला एप डाउनलोड करें
या 
 वेबसाइट पर पढ़ना जारी रखने के लिए वीडियो विज्ञापन देखें
अगर आपके पास प्रीमियम मेंबरशिप है तो
विस्तार
किसानों को आधुनिक कृषि से जोड़ने के लिए नौ लाख रुपये से खरीदे गए ड्रोन के नहीं उड़ने के डीएम मयूर दीक्षित के जांच के आदेश हवा-हवाई साबित हो रहे हैं। ढाई माह में भी ड्रोन प्रकरण की जांच नहीं हो पाई है, जबकि, जांच कर रहे अधिकारी ट्रांसफर होकर रिलीव भी हो चुके हैं।
शासन के निर्देश पर जमालपुर कलां सहकारी समिति की ओर से 31 मार्च 2024 को किसानों के खेतों में खड़ी फसल पर दवा, खाद एवं कीटनाशकों के छिड़काव के लिए ड्रोन खरीदा गया था ताकि किसानों की फसलों पर स्प्रे करने में आसानी हो सके। उन्हें स्प्रे करने के लिए मेहनत भी कम करनी पड़े। ड्रोन से फसलों पर स्प्रे करने के लिए समिति के एक कर्मचारी को ट्रेनिंग दी गई। ट्रेनिंग पर 30 हजार रुपये खर्च हुए। लाखों रुपये खर्च करने के दो साल बाद भी किसी खेत में स्प्रे नहीं किया गया।
इसका खुलासा तब हुआ था जब सीतापुर निवासी गन्ना विकास समिति ज्वालापुर के उपाध्यक्ष विशेष चौहान की ओर से आठ मई को अपनी फसलों पर ड्रोन से स्प्रे कराने के लिए आवेदन किया गया। समिति की ओर से हाथ खड़े कर आवेदन वापस कर दिया गया था।
विशेष चौहान की ओर से 29 मई को डीएम मयूर दीक्षित से शिकायत करने पर जिला सहायक निबंधक सहकारी समितियां मोनिका चुनेरा को जांच कर कार्रवाई के आदेश दिए थे। जिला सहायक निबंधक ने अपर जिला सहकारी अधिकारी केशव प्रसाद को जांच सौंपी थी। उन्होंने समिति में जाकर जांच के लिए दस्तावेज भी हासिल किए थे लेकिन अब तक जांच का कुछ अता-पता नहीं है। केशव प्रसाद हरिद्वार का जनपद से ट्रांसफर भी हो चुका है और रिलीव भी कर दिया गया है। ऐसे में डीएम के समिति में हुए ड्रोन भ्रष्टाचार पर कार्रवाई के आदेश बेअसर साबित हो रहे हैं।
जांच में मिली थी ड्रोन की बैटरी गायब
अपर जिला सहकारी अधिकारी केशव प्रसाद ने जांच के दौरान बातचीत में बताया था कि ड्रोन की बैटरी गायब है, इसलिए ड्रोन को फसलों पर स्प्रे के लिए नहीं उड़ाया जा रहा है। उन्होंने बताया था कि ड्रोन देने वाले कंपनी से बैटरी की जानकारी मांगी गई है लेकिन इसके बाद ड्रोन की जांच ठंडे बस्ते में चली गई। जांच हुई या नहीं यह भी जिला सहायक निबंधक नहीं बता पा रही हैं।
जमालपुर कलां सहकारी समिति बहादराबाद के ड्रोन संबंधी जांच रिपोर्ट आई है या नहीं, अभी मुझे जानकारी नहीं है। - मोनिका चुनेरा, जिला सहायक निबंधक, हरिद्वार
ये भी पढे़ं...Chamoli: तमक नाला बना सिरदर्द, एक दशक में तीन बार बह चुका पुल, हर साल पानी में बह रही है आवाजाही की व्यवस्था
सहकारी समिति किसानों की संस्था है। किसानों के पैसे से नौ लाख रुपये का ड्रोन खरीद लिया गया लेकिन उसे किसानों के काम में नहीं लिया जा रहा है। पैसे की बर्बादी की गई है। मैंने सूचना के अधिकार अधिनियम में जांच रिपोर्ट मांगी है। जरूरत पड़ने पर मामले की मुख्यमंत्री से भी शिकायत की जाएगी। - विशेष चौहान, शिकायतकर्ता",hi,8/12/26 0:46,8/14/26 11:13,Haridwar|Chamoli,protest_agitation,मुख्यमंत्री,trafilatura,578
9ddad0f591ed49cfe7293a5655efa7457a6aac5a,https://hindi.news18.com/news/uttarakhand/dehradun-uttarakhand-aaj-ka-mausam-12-august-heavy-rain-alert-tehri-bageshwar-imd-warning-local18-10740635.html,https://hindi.news18.com/news/uttarakhand/dehradun-uttarakhand-aaj-ka-mausam-12-august-heavy-rain-alert-tehri-bageshwar-imd-warning-local18-10740635.html,news18_hindi_uttarakhand,News18 Hindi,rss,"उत्तराखंड मौसम: 12 अगस्त को टिहरी-बागेश्वर में भारी बारिश की चेतावनी, लैंडस्लाइड से सड़कें बंद, स्कूल ठप","Uttarakhand Aaj Ka Mausam 12 August: मौसम विभाग (IMD) ने आज उत्तराखंड के टिहरी और बागेश्वर जिलों में भारी बारिश का अलर्ट जारी किया है. इसके साथ ही उत्तरकाशी, रुद्रप्रयाग, चमोली, देहरादून और पिथौरागढ़ जैसे पर्वतीय जिलों में आकाशीय बिजली चमकने और बारिश के तेज दौर की चेतावनी दी गई है. चमोली की नीति घाटी में बादल फटने से बीआरओ का पुल बह गया है और पिथौरागढ़ में लैंडस्लाइड के कारण सड़कें बंद व स्कूल ठप हैं. मैदानी क्षेत्र हरिद्वार के खानपुर में 108 एमएम बारिश दर्ज की गई है. 14 अगस्त से देहरादून, नैनीताल व बागेश्वर समेत प्रदेश भर में और खतरनाक मूसलाधार बारिश का अनुमान है.",,hi,8/11/26 23:45,8/14/26 11:13,Dehradun|Haridwar|Nainital|Tehri Garhwal|Chamoli|Rudraprayag|Uttarkashi|Pithoragarh|Bageshwar,infrastructure|environment_disaster,uttarakhand|उत्तराखंड,,0
b6cdac736d089071788ee91f99ba7f8145439821,https://hindi.news18.com/astro/daily-horoscope-today-cancer-horoscope-kark-rashifal-12-august-signs-of-gaining-profit-in-business-local18-10740320.html,https://hindi.news18.com/astro/daily-horoscope-today-cancer-horoscope-kark-rashifal-12-august-signs-of-gaining-profit-in-business-local18-10740320.html,news18_hindi_uttarakhand,News18 Hindi,rss,"Kark Rashifal: कर्क राशि वालों के लिए आज का दिन रहेगा खास, व्यापार में लाभ के मिलने के संकेत, ज्योतिष ने दी खास जानकारी","Today Kark Rashifal: कर्क राशि वालों का आज दिनांक 12 अगस्त 2026, बुधवार का दिन खास होने वाला है. आज इन राशि वालों को भावनात्मक रूप से मजबूत बनाने के साथ कामकाज में भी सकारात्मक परिणाम दे सकता है. आइए जानते हैं कि कर्क राशि वालों का आज का पूरा दिन कैसा रहेगा.",,hi,8/11/26 18:33,8/14/26 11:13,,,,,0
0e88dad3c65fe661b84eede6cdd4518dd6cff0e7,https://hindi.news18.com/news/uttarakhand/haridwar-why-streets-empty-shiva-devotees-crowds-local18-10740698.html,https://hindi.news18.com/news/uttarakhand/haridwar-why-streets-empty-shiva-devotees-crowds-local18-10740698.html,news18_hindi_uttarakhand,News18 Hindi,rss,Haridwar News : शिव भक्तों से अचानक क्यों सूनी हो गईं हरिद्वार की सड़कें? 2 दिन में सवा करोड़ कांवड़ियों ने भरा जल,"Haridwar Kanwar Yatra : हरिद्वार में 30 जुलाई से शुरू हुई कावड़ यात्रा पर विराम लग गया है. सुबह 11 बजे तक सड़कों पर शिव भक्तों की गाड़ियां नजर आ रही थीं, लेकिन जैसे-जैसे दिन चढ़ता गया कावड़ियों का जत्था कम होता गया. 11 दिनों तक चली इस कांवड़ यात्रा में कई रंग देखने को मिले. हरिद्वार के अंदरूनी मार्गो से लेकर मुख्य मार्ग पर शिव भक्तों की संख्या कम हो चुकी है. हरिद्वार मेला क्षेत्र में उमड़ी भीड़ भी अब छंट चुकी है. बीते दो दिनों में करीब सवा करोड़ से अधिक शिवभक्त हरिद्वार से जल लेकर अपने-अपने गंतव्य को रवाना हुए.",,hi,8/11/26 17:19,8/14/26 11:13,Haridwar,tourism_religion,,,0
ca765081261f54221f7465559b809a19abc732e8,https://timesofindia.indiatimes.com/city/dehradun/why-ask-questions-with-2-answers-hc-seeks-govt-response-on-state-exam/articleshow/133161142.cms,https://timesofindia.indiatimes.com/city/dehradun/why-ask-questions-with-2-answers-hc-seeks-govt-response-on-state-exam/articleshow/133161142.cms,gnews_dehradun_en,The Times of India,gnews,"‘Why ask questions with 2 answers’, HC seeks govt response on state exam","‘Why ask questions with 2 answers’, HC seeks govt response on state exam  The Times of India","Uttarakhand high court

Dehradun: Uttarakhand high court has sought responses from the State Subordinate Service Selection Commission (UKSSSC) and the state govt over questions with two correct answers in the recruitment examination for lekhpal, patwari and village development officer (VDO) posts, observing that “the commission should seek expert advice before framing questions for recruitment examinations”. The court also said the recruitment process would remain subject to the final outcome of the writ petition. The observation came during the hearing of a petition filed by Tehri resident Samdhir Singh and several other candidates challenging the answer key issued for the examination. The petitioners alleged that certain questions in the test had more than one valid answer and disputed the commission’s decision to accept only one option. According to the petition, the UKSSSC had issued an advertisement in 2025 for recruitment to the posts. The initial examination was subsequently cancelled after its question paper was allegedly leaked, following which the commission conducted a re-examination on June 14. The candidates claimed that some questions in the re-examination also contained “ambiguity”. After the UKSSSC uploaded the answer key on its website and invited objections, they challenged the answers to the disputed questions. The commission, however, “rejected” their objections, stating that “the answers provided in the answer key were correct and the candidates’ answers were wrong”. The petitioners contended that candidates who had chosen either of the valid options should have been awarded marks. They questioned the basis on which the commission had determined a particular option to be the correct answer and sought an explanation for denying marks to candidates who had selected the other valid option. The candidates also urged the court to order an inquiry into the matter, including the preparation of the disputed questions and the manner in which their objections were examined. During Monday’s hearing, Justice Pankaj Purohit directed the UKSSSC and the state govt to file their responses within four weeks. The court listed the matter for hearing thereafter.

End of Article",en,8/11/26 17:00,8/14/26 11:21,Dehradun|Tehri Garhwal,recruitment_jobs|exam_paper_leak|investigation_justice,UKSSSC|uttarakhand,newspaper4k,333
f20c34e0682dfe3503021753cc90db382a81e909,https://www.amarujala.com/dehradun/uksssc-paper-leak-way-cleared-to-frame-charges-against-three-individuals-accused-of-using-unfair-means-2026-08-11,https://amarujala.com/dehradun/uksssc-paper-leak-way-cleared-to-frame-charges-against-three-individuals-accused-of-using-unfair-means-2026-08-11,gnews_uksssc,Amar Ujala,gnews,UKSSSC Paper Leak: तीन के खिलाफ आरोप तय करने का रास्ता साफ; अनुचित साधनों के इस्तेमाल का आरोप,UKSSSC Paper Leak: तीन के खिलाफ आरोप तय करने का रास्ता साफ; अनुचित साधनों के इस्तेमाल का आरोप  Amar Ujala,"UKSSSC Paper Leak: तीन के खिलाफ आरोप तय करने का रास्ता साफ; अनुचित साधनों के इस्तेमाल का आरोप
अदालत के रिकॉर्ड के अनुसार 21 सितंबर 2025 को आयोजित स्नातक स्तरीय परीक्षा में मोहम्मद खालिद भी अभ्यर्थी था। परीक्षा के दौरान खालिद ने प्रश्नपत्र के तीन पन्नों की फोटो खींची और उन्हें व्हाट्सएप के जरिये सुमन के मोबाइल नंबर पर भेजा।
खबरें लगातार पढ़ने के लिए अमर उजाला एप डाउनलोड करें
या 
 वेबसाइट पर पढ़ना जारी रखने के लिए वीडियो विज्ञापन देखें
अगर आपके पास प्रीमियम मेंबरशिप है तो
विस्तार
उत्तराखंड अधीनस्थ सेवा चयन आयोग की स्नातक स्तरीय परीक्षा में अनुचित साधनों के इस्तेमाल के मामले में विशेष न्यायाधीश (सीबीआई) देहरादून मदन राम की अदालत ने सुमन, मोहम्मद खालिद और साबिया के खिलाफ आरोप तय करने के लिए पर्याप्त आधार माना है। अदालत ने पत्रावली को आरोप विरचन के लिए 18 अगस्त को पेश करने के निर्देश दिए हैं।
अदालत के समक्ष सुमन की ओर से बचाव में कहा गया कि वह प्रश्नपत्र लीक करने या परीक्षा में अनुचित साधनों के इस्तेमाल में शामिल नहीं थी। उसका कहना था कि मोहम्मद खालिद ने व्हाट्सऐप पर बताया था कि उसकी बहन की परीक्षा है और उससे 20 बहुविकल्पीय प्रश्नों के उत्तर मांगे थे। सुमन ने प्राप्त प्रश्नों में से कुछ के उत्तर खालिद के नंबर पर भेजे थे। बाद में बातचीत के दौरान उसे पता चला कि उस दिन उत्तराखंड अधीनस्थ सेवा चयन आयोग की स्नातक स्तरीय परीक्षा हो रही थी।
सीबीआई ने इस दलील का विरोध करते हुए कहा कि सुमन को भेजे गए प्रश्नपत्र के पन्नों पर परीक्षा का क्यूआर कोड अंकित था। इसके बावजूद उसने प्रश्नपत्र और उत्तर वाले व्हाट्सएप संदेश अपने मोबाइल से तत्काल डिलीट कर दिए और घटना की जानकारी पुलिस को देने के बजाय बाॅबी पंवार को भेजी।
अदालत के रिकॉर्ड के अनुसार 21 सितंबर 2025 को आयोजित स्नातक स्तरीय परीक्षा में मोहम्मद खालिद भी अभ्यर्थी था। खालिद का परीक्षा केंद्र बहादुरपुर जट स्थित आदर्श बाल सदन इंटर कॉलेज था, जहां 432 अभ्यर्थी पंजीकृत थे। रिकॉर्ड के मुताबिक परीक्षा के दौरान खालिद ने प्रश्नपत्र के तीन पन्नों की फोटो खींची और उन्हें व्हाट्सएप के जरिये सुमन के मोबाइल नंबर पर भेजा। सुमन ने करीब 11:35 बजे उनमें से कुछ प्रश्नों के उत्तर खालिद के नंबर पर भेजे। इसके बाद सुमन ने खालिद को फोन किया, जिसे उसकी बहन साबिया ने उठाया। बातचीत में परीक्षा को लेकर सवाल-जवाब भी हुए।
                                                                                                                                 
                                                
                                                                                                                                 
                                                
                                                                                                                                 
                                                
                                                                                                                                 
                                                
                                                                                                                                 
                                                
                                                                                                                                 
                                                
                                                                                                                                 
                                                अदालत ने कहा कि बातचीत और उपलब्ध दस्तावेजों से यह संभावना सामने आती है कि सुमन को खालिद के परीक्षा में बैठने की जानकारी नहीं थी, लेकिन परीक्षा की तारीख की सुबह उसे मिले संदेशों से यह स्पष्ट था कि उस दिन कोई प्रतियोगी परीक्षा हो रही थी। उसके मोबाइल पर भेजे गए प्रश्नपत्र के पन्नों से भी यह स्पष्ट था कि वे वास्तविक परीक्षा के प्रश्नपत्र थे और उन पर क्यूआर कोड अंकित था। सीबीआई की जांच के बाद मोहम्मद खालिद, साबिया और सुमन के खिलाफ उत्तराखंड प्रतियोगी परीक्षा (भर्ती में अनुचित साधनों की रोकथाम व निवारण के उपाय) अधिनियम के तहत आरोपपत्र दाखिल किया गया है। अदालत ने माना कि आरोप तय करने के लिए पर्याप्त आधार मौजूद हैं।",hi,8/11/26 16:50,8/14/26 11:16,Dehradun,recruitment_jobs|exam_paper_leak|investigation_justice|protest_agitation,UKSSSC|अधीनस्थ सेवा चयन आयोग|उत्तराखंड,trafilatura,514
d46c418ea8e4d41b75a2038ec95d3388c16ce3bc,https://pioneeredge.in/mundan-dehradun-gairsain-march-for-gairsain-as-capital/,https://pioneeredge.in/mundan-dehradun-gairsain-march-for-gairsain-as-capital,gnews_dehradun_en,Pioneer Edge,gnews,"Mundan, Dehradun-Gairsain march for Gairsain as capital","Mundan, Dehradun-Gairsain march for Gairsain as capital  Pioneer Edge","PIONEER EDGE NEWS SERVICE/Dehradun

The Rajdhani Gairsain Samiti (RGS) on Tuesday has announced a fresh phase of its agitation demanding that Gairsain be declared the permanent capital of Uttarakhand. The committee will organise a mass mundan programme outside the Vidhan Sabha at 9 AM on August 13, followed by a Dehradun-Gairsain march from the Assembly premises at 9:30 AM on August 15.

The agitation has intensified after protests in Delhi, Dehradun, Karnaprayag, Chaukhutia and Rudraprayag, besides a relay hunger strike of more than 100 days at the protest site in Dehradun.

Committee chief convenor and former IAS officer Vinod Prasad Raturi said that the protest would continue until Gairsain is declared the permanent capital. He said that the movement was linked to the identity and interests of the people of Uttarakhand and accused successive governments of delaying the issue.

As part of the next phase, he said that the mass head-shaving on August 13 would symbolise its resolve and protest against the government. The Dehradun-Gairsain Maha Padyatra will then begin from outside the Assembly at 9:30 AM on August 15, with the committee describing it as a major escalation of its campaign, Rautri said.",en,8/11/26 16:48,8/14/26 10:15,Dehradun|Rudraprayag,investigation_justice|protest_agitation,uttarakhand,newspaper4k,194
bfa1853d3c1a4ac45172ec4c3e788786f270faf6,https://www.thestatesman.com/india/uttarakhands-five-star-luxury-hotels-under-scrutiny-following-complaints-1503626552.html,https://thestatesman.com/india/uttarakhands-five-star-luxury-hotels-under-scrutiny-following-complaints-1503626552.html,gnews_uttarakhand_en,The Statesman,gnews,Uttarakhand’s five-star luxury hotels under scrutiny following complaints,Uttarakhand’s five-star luxury hotels under scrutiny following complaints  The Statesman,"With Bumrah unavailable for the two-Test series, India’s pace attack has an inexperienced look beyond Mohammed Siraj.
The Uttarakhand government has brought major five-star luxury hotels under scrutiny as it began surprise raids at several premises to ensure the quality of food served to tourists and local residents in Dehradun and Mussoorie.
The state Food Safety Department said surprise raids and inspections of food items at luxury hotels were conducted following complaints about the use of analogue paneer and adulterated food items. It said the inspections would continue in the coming days.
Advertisement
According to officials of the Food Safety Department, a special drive was launched to inspect the kitchens of luxury hotels in Dehradun and other parts of the state, unlike the routine raids that are more often conducted at non-five-star establishments.
Advertisement
Under the drive, a team of departmental officials conducted its first raid and carried out an intensive inspection of food safety standards at major hotels and five-star establishments located along Dehradun-Mussoorie Road on Monday.
The five-star luxury hotels raided included Taj Hotel, Fairfield, JW Marriott, Hyatt Centric, Hyatt Regency and other large establishments of similar stature in the hotel industry.
The raids were conducted on the orders of Food Safety and Drug Administration Commissioner Vinay Shankar Pandey following complaints received against these hotels.
The commissioner said the drive was aimed at ascertaining the quality of food items and effectively curbing irregularities and adulteration in the name of analogue paneer and other non-dairy products.
He said that during the inspections, the department thoroughly examined the kitchens of all five-star hotels, stores, food storage facilities, quality of raw materials, standards of packaged food items, food-handling practices and hygiene arrangements.
Samples of spices and other food items were collected from Hyatt Regency and JW Marriott and sent to testing laboratories in accordance with food safety standards.
Pandey and other officials said action would be taken against the hotels after the laboratory reports were received.
A senior department official said notices were also issued regarding packaged products, including gulkand, imported oregano and fennel seeds, found at the Hyatt Regency store. The notices directed the manufacturers to provide the necessary documents supporting the quality of the food items.
Officials added that as departmental action against the hotels was underway, their managements were directed to strictly follow prescribed food safety and hygiene standards in the purchase and use of food materials.
“Providing pure and quality food items to the people of the state is our top priority. The government will not allow any compromise on food quality norms, no matter how big or small the establishment. A common shop or a five-star hotel will be treated equally in the application of food safety rules. No hotel or shop will be spared,” Pandey said.
The Food Safety Commissioner stressed that the department would take complaints from the public regarding the use or sale of analogue paneer, non-dairy products or any adulterated or substandard food materials very seriously. Effective action would be taken against erring hotels as per the norms of the Food Safety and Standards Act.
Advertisement",en,8/11/26 14:35,8/14/26 11:20,Dehradun,exam_paper_leak,uttarakhand|uttarakhand government,trafilatura,514
7abb41f88dd1cad3145f3b60888c53929fb9c5ae,https://hindi.news18.com/news/uttarakhand/bageshwar-why-so-heat-monsoon-city-surrounded-by-hills-local18-10740437.html,https://hindi.news18.com/news/uttarakhand/bageshwar-why-so-heat-monsoon-city-surrounded-by-hills-local18-10740437.html,news18_hindi_uttarakhand,News18 Hindi,rss,"मानसून में भी क्यों पीछा छोड़ नहीं रही गर्मी, बागेश्वर में ये कैसी आफत? वजह जान रह जाओगे हैरान","Bageshwar ki local news : पहाड़ों के बीच बसे उत्तराखंड के बागेश्वर में अलग हवा बहती है. बारिश के बाद जहां कई इलाकों में लोग गर्म कपड़े निकाल लेते हैं, बागेश्वर वाले पसीने से तरबतर हो उठते हैं. बागेश्वर जिला मुख्यालय में बारिश रुकते ही गर्मी और उमस महसूस होने लगती है. यह इलाका पहाड़ियों के बीच एक घाटी में है. घाटी में बसे होने की वजह से यहां मौसम का प्रभाव आसपास के ऊंचाई वाले इलाकों से अलग है. बागेश्वर के हरीश सोनी लोकल 18 से बताते हैं कि यहां आसपास की पहाड़ियों की वजह से हवा का सामान्य प्रवाह भी ऊंचाई वाले क्षेत्रों से अलग है.",,hi,8/11/26 14:12,8/14/26 11:13,Bageshwar,,उत्तराखंड,,0
a6a15fa910e92f3184facee9fa770bfee5e4d68c,https://hindi.news18.com/news/uttarakhand/bageshwar-how-to-use-river-stones-construction-irrigation-agriculture-local18-10740017.html,https://hindi.news18.com/news/uttarakhand/bageshwar-how-to-use-river-stones-construction-irrigation-agriculture-local18-10740017.html,news18_hindi_uttarakhand,News18 Hindi,rss,"Bageshwar News : घर बनाने से लेकर कटाव रोकने तक...वरदान से कम नहीं पहाड़ी नदियों के ये पत्थर, कैसे बन जाते इतने गोल?","River stones use : पहाड़ों में बहने वाली नदियां और बरसाती नाले अपने साथ तबाही के साथ कुछ अनमोल चीजें भी लाते हैं. बारिश और भूस्खलन के दौरान बड़ी-बड़ी चट्टानें टूटकर नदियों और गधेरों में गिरती हैं. दूसरी चट्टानों से टकराव और घर्षण से इनके किनारे धीरे-धीरे घिसकर चिकने और गोल हो जाते हैं. यही पत्थर पहाड़ी ग्रामीण जीवन के लिए वरदान हैं. बागेश्वर के रमेश पर्वतीय लोकल 18 से बताते हैं कि इनका उपयोग मकानों की नींव भरने, पत्थर की दीवारें खड़ी करने और आंगन को मजबूत बनाने में होता आया है. खेतों की मेड़ों को मजबूत करने के लिए भी इनका सहारा लिया जाता है. कई पहाड़ी इलाकों में घराटों के निर्माण और आसपास की जलधारा को नियंत्रित करने में भी इन पत्थरों का इस्तेमाल होता है.",,hi,8/11/26 13:38,8/14/26 11:13,Bageshwar,environment_disaster,,,0
6155e6892948b53cefbb11a2ef75f2753b6769bb,https://hindi.news18.com/photogallery/lifestyle/tips-and-tricks-moss-removal-home-remedy-bageshwar-sunita-tamta-local18-10740155.html,https://hindi.news18.com/photogallery/lifestyle/tips-and-tricks-moss-removal-home-remedy-bageshwar-sunita-tamta-local18-10740155.html,news18_hindi_uttarakhand,News18 Hindi,rss,"Moss Removal Remedy : चुटकियों में साफ होगी फर्श पर जमी जिद्दी काई, बागेश्वर की सुनीता ने बताई ऐसी ट्रिक","Moss removal home remedy : बरसात के मौसम में घरों में काई जमना आम है. कई बारे ये खतरनाक हो जाती हैं. इनसे होने वाली फिसलन को रोकना आसान नहीं है. अगर समय रहते काई की सफाई न की जाए, तो यह तेजी से फैलती है, और फर्श की सुंदरता भी खराब कर देती है, लेकिन अब ऐसा नहीं होगा. लोकल 18 से बागेश्वर की गृहणी सुनीता टम्टा बताती हैं कि बरसात के मौसम में थोड़ी-सी सावधानी पूरे परिवार की सुरक्षा के लिए जरूरी है. काई साफ करने के लिए सूखा चूना एक आसान और सस्ता उपाय है. ब्लीचिंग पाउडर का उपयोग करते समय बच्चों और पालतू जानवरों को दूर रखें. इसका इस्तेमाल खुली और हवादार जगह पर करना ज्यादा सुरक्षित है.",,hi,8/11/26 12:34,8/14/26 11:13,Bageshwar,,,,0
7433550754b00a65fcbb469eeb847492603fd568,https://hindi.news18.com/news/uttarakhand/dehradun-ganga-water-level-warning-level-heavy-rain-sdrf-rescue-operation-local18-10740135.html,https://hindi.news18.com/news/uttarakhand/dehradun-ganga-water-level-warning-level-heavy-rain-sdrf-rescue-operation-local18-10740135.html,news18_hindi_uttarakhand,News18 Hindi,rss,"ऋषिकेश में लगातार बारिश बनी आफत, उफान पर गंगा, लोगों को नदी से दूरी बनाए रखने की सलाह","Rishikesh News: लगातार बारिश के बीच ऋषिकेश में गंगा का जलस्तर बढ़ने से प्रशासन की चिंता भी बढ़ गई है. गंगा के घाटों और आसपास के इलाकों में पुलिस, SDRF और प्रशासन की टीमें लगातार निगरानी कर रही हैं. प्रशासन ने लोगों को सावधानी बरतने की भी हिदायत दी है.",,hi,8/11/26 12:17,8/14/26 11:13,Dehradun,environment_disaster,,,0
67dfa9404535e711a0b5a007753d5e22c4c322b2,https://www.bhaskarenglish.in/local/uttarakhand/news/uttarakhand-ai-tax-evasion-system-revenue-growth-138697175.html,https://bhaskarenglish.in/local/uttarakhand/news/uttarakhand-ai-tax-evasion-system-revenue-growth-138697175.html,gnews_uttarakhand_en,Bhaskar English,gnews,"Uttarakhand govt to use AI to curb tax evasion: System to start in 4-5 months; GST, transport and forest an...","Uttarakhand govt to use AI to curb tax evasion: System to start in 4-5 months; GST, transport and forest an...  Bhaskar English",,en,8/11/26 12:07,8/14/26 11:20,,,uttarakhand,,0
ac289803f3610536979dbe66e585a7d013a0809e,https://www.livehindustan.com/national/story-uttarakhand-congress-leaders-pay-tribute-to-martyrs-on-state-movement-anniversary-201786449445770.html,https://livehindustan.com/national/story-uttarakhand-congress-leaders-pay-tribute-to-martyrs-on-state-movement-anniversary-201786449445770.html,gnews_protest_youth,Hindustan,gnews,"उत्तराखंड राज्य आन्दोलन में मातृ शक्ति, छात्रों व युवाओं ने महत्वपूर्ण भूमिका अदा की: कांग्रेस","उत्तराखंड राज्य आन्दोलन में मातृ शक्ति, छात्रों व युवाओं ने महत्वपूर्ण भूमिका अदा की: कांग्रेस  Hindustan","उत्तराखंड राज्य आन्दोलन में मातृ शक्ति, छात्रों व युवाओं ने महत्वपूर्ण भूमिका अदा की: कांग्रेस
फोटो--महत्वपूर्ण - नव नियुक्त प्रदेश पदाधिकारियों ने कचहरी स्थित शहीद स्थल पर पहुंचकर शहीदों
देहरादून, वरिष्ठ संवाददाता। प्रदेश कांग्रेस के नव नियुक्त प्रदेश पदाधिकारियों ने कचहरी स्थित शहीद स्थल पर पहुंचकर शहीदों को पुष्पांजलि अर्पित कर नमन किया। वक्ताओं ने कहा कि उत्तराखंड राज्य आन्दोलन में मातृ शक्ति, छात्र शक्ति, युवा शक्ति ने महत्वपूर्ण भूमिका का निर्वह्न किया जिसे उत्तराखंड के इतिहास में सदैव याद किया जाता रहेगा।मंगलवार को कांग्रेस के नवनियुक्त प्रदेश कोषाध्यक्ष गोदावरी थापली, प्रदेश उपाध्यक्ष लालचन्द शर्मा, राजकुमार, प्रदेश सचिव सोमेन्द्र बोरा, जगदीश चौहान, भूपेन्द्र नेगी, देवेंद्र पाल सिंह, अमन वेनवाल,सोम प्रकाश वाल्मीकि, अमीचन्द सोनकर,सुरेश कुमार, देवेन्द्र पाल सिंह आदि शहीद स्थल पहुंचे और शहीदों को नमन किया। नव नियुक्त कांग्रेस पदाधिकारियों ने कहा कि शहीदों ने राज्य आन्दोलन में अपना सर्वस्व न्यौछावर कर दिया।
उत्तराखंड राज्य निर्माण का सपना आन्दोलन के शहीदों की शहादत के कारण साकार हो पाया। उत्तराखंड राज्य शहीद आन्दोलकारियों की धरोहर है जिन्होंने राज्य निर्माण के लिए अपना सर्वस्व न्यौछावर कर दिया। राज्य निर्माण आन्दोलन में मसूरी, खटीमा तथा मुज्जफरनगर के गोलीकाण्ड के शहीदों की बड़ी भूमिका रही है जिसने राज्य निर्माण आन्दोलन को मुकाम तक पहुंचाया। उन्होंने कहा कि उत्तराखंड राज्य निर्माण में उत्तराखंड के सभी वर्गों के लोगों की अत्यंत महत्वपूर्ण भूमिका रही है। राज्य निर्माण आन्दोलन के दौरान उन्होंने उत्तराखंड आन्दोलन को तन, मन, धन से पल्लवित और पोषित करने का काम किया है। उत्तराखंड राज्य निर्माण आन्दोलन के दौरान देशभर में निवास करने वाले उत्तराखंडियों ने अपनी आवाज बुलंद की थी। इसलिए उत्तराखंड निर्माण में उनके योगदान को भी नहीं भुलाया जा सकता है। इस दौरान राज्य आन्दोलनकारी एडवोकेट विपुल नौटियाल, प्रभात डंडरियाल, विनोद असवाल, संजय गुरूंग, रंजीत जोशी, अतुल, अजय रावत आदि कांग्रेसजन उपस्थित थे।
लेखक के बारे में
Hindustan | Bureau
हिन्दुस्तान भारत का एक प्रतिष्ठित हिंदी समाचार-पत्र है, जिसकी स्थापना 1936 में महामना पंडित मदन मोहन मालवीय ने की थी। स्वतंत्रता आंदोलन की विरासत को समेटे यह प्रकाशन आज भारत के सर्वाधिक पढ़े जाने वाले हिंदी समाचार-पत्रों में दूसरे स्थान पर है। WAN-IFRA के अनुसार, 2016 में 'हिन्दुस्तान' विश्व के शीर्ष 13 सर्वाधिक प्रसारित अखबारों में शामिल था। हर रोज 5 राज्यों सहित देश की राजधानी दिल्ली और एनसीआर (नोएडा, गाजियाबाद, गुरुग्राम) में 23 संस्करण प्रकाशित होते हैं। ‘पाठक सर्वोपरि’ हिन्दुस्तान की संपादकीय नीति है। समय पर, शोध और गहन खोजबीन के बाद विस्तार से न्यूज रिपोर्ट प्रकाशित की जाती है। हर खबर में सभी पक्षों और दृष्टिकोणों को संतुलित रूप से पेश किया जाता है।
और पढ़ें",hi,8/11/26 11:58,8/14/26 10:15,Dehradun|Udham Singh Nagar,protest_agitation|infrastructure|politics_governance,उत्तराखंड,trafilatura,418
0e5e45596b7a4d23caa2681a653f8decaaa72208,https://hindi.news18.com/photogallery/uttarakhand/rishikesh-rakhi-designs-2026-bolne-wali-cartoon-evil-eye-gold-chain-local18-10739813.html,https://hindi.news18.com/photogallery/uttarakhand/rishikesh-rakhi-designs-2026-bolne-wali-cartoon-evil-eye-gold-chain-local18-10739813.html,news18_hindi_uttarakhand,News18 Hindi,rss,Rishikesh News : एविल आई से लेकर बोलने वाली तक...ऋषिकेश के बाजार में दिल जीत रही ये राखियां,"Rakhi Designs 2026 : रक्षाबंधन का त्योहार नजदीक आते ही उत्तराखंड स्थित ऋषिकेश के बाजारों में रौनक बढ़ने लगी है. दुकानों पर रंग-बिरंगी और अलग-अलग डिजाइन की राखियां सज गई हैं. इस बार लाइट वाली, बोलने वाली, एविल आई और कार्टून डिजाइन वाली राखियां लोगों का ध्यान खींच रही हैं. गोल्ड चेन स्टाइल वाली राखियां भी इस बार बाजार में दिखाई दे रही हैं. इन राखियों का डिजाइन सामान्य राखियों से अलग है. थोड़ा रॉयल और स्टाइलिश लुक वाली राखी तलाश रही बहनों को ये डिजाइन जरूर पसंद आएगा. मोती और स्टोन वाली राखियों की भी बाजार में अच्छी रेंज देखने को मिल रही है. ऐसी राखियां उन लोगों को पसंद आ रही हैं जो तड़क-भड़क की जगह एलिगेंट डिजाइन चाहते हैं.",,hi,8/11/26 11:29,8/14/26 11:13,Dehradun,,उत्तराखंड,,0
55be498e16b052620e9b8b7a0dfa2c40a5b749bc,https://hindi.news18.com/news/uttarakhand/bageshwar-why-sent-handmade-rakhis-every-year-for-soldiers-local18-10739614.html,https://hindi.news18.com/news/uttarakhand/bageshwar-why-sent-handmade-rakhis-every-year-for-soldiers-local18-10739614.html,news18_hindi_uttarakhand,News18 Hindi,rss,"Bageshwar News : 'देश आपको याद कर रहा', बागेश्वर से भेजी जा रहीं सैनिकों के लिए राखी, आंखें नम कर देगा ये रिश्ता","Handmade Rakhi Bageshwar : राखी का त्योहार भाई-बहन के पवित्र रिश्तों के लिए हमेशा से अनूठा रहा है. बागेश्वर रेडक्रॉस सोसायटी हर साल इसी भावना को सीमा पर तैनात जवानों तक पहुंचाती है. इस बार भी त्योहार से पहले जवानों तक राखियां पहुंचाने की तैयारी की जा रही है. कई राखियों को कुमाऊं की ऐपण कला से सजाया जाता है. रेडक्रॉस की सदस्य राजेश्वरी कार्की लोकल 18 से बताती हैं कि ये राखियां ग्वालदम के एसएसबी कैंपस और कुमाऊं रेजीमेंट के जवानों के लिए भेजी जाएंगी. हमारा उद्देश्य केवल राखी भेजना नहीं, बल्कि उन जवानों को यह एहसास कराना है कि त्योहार के मौके पर देशवासी भी उन्हें याद कर रहे हैं, उनके साथ हैं.",,hi,8/11/26 10:41,8/14/26 11:13,Bageshwar,,कुमाऊं,,0
d2a9b51a0b74beefcac58925cdadf226eb148c06,https://navbharattimes.indiatimes.com/state/uttar-pradesh/lucknow/mayawati-advice-gen-z-stay-away-alleged-conspiracies-ruling-opposition-parties-fight-issues/articleshow/133148797.cms,https://navbharattimes.indiatimes.com/state/uttar-pradesh/lucknow/mayawati-advice-gen-z-stay-away-alleged-conspiracies-ruling-opposition-parties-fight-issues/articleshow/133148797.cms,gnews_protest_youth,Navbharat Times,gnews,"'अपने मुद्दों पर खुद लड़ें युवा', मायावती की Gen Z को नसीहत, बोली: सत्ता-विपक्ष के कथित षड्यंत्र से रहें दूर","'अपने मुद्दों पर खुद लड़ें युवा', मायावती की Gen Z को नसीहत, बोली: सत्ता-विपक्ष के कथित षड्यंत्र से रहें दूर  Navbharat Times","लखनऊ: बसपा प्रमुख मायावती ने देश में चल रहे छात्र-युवा आंदोलनों और Gen Z की समस्याओं को लेकर सत्ता पक्ष और विपक्ष पर तीखा हमला बोला। उन्होंने देश के युवाओं से अपील की कि वे अपने मुद्दों को लेकर आंदोलन जरूर करें, लेकिन राजनीतिक दलों के हाथों का मोहरा न बनें। मायावती ने आरोप लगाया कि सत्ता और विपक्ष दोनों छात्र-युवाओं की समस्याओं की आड़ में अपने राजनीतिक स्वार्थ साधने में लगे हैं।

मायावती ने कहा कि पिछले कुछ समय से सत्ता पक्ष और विपक्ष, खासकर भाजपा, कांग्रेस और उनके सहयोगी दल किसी न किसी मुद्दे पर संसद में हंगामा कर रहे हैं। इससे जनहित के जरूरी मुद्दे पीछे छूट रहे हैं। उन्होंने आशंका जताई कि केंद्र और राज्यों में अपनी सरकारों की कमियों से जनता का ध्यान हटाने के लिए इन दलों के बीच किसी तरह का अंदरूनी समझौता भी हो सकता है।

Gen Z भविष्य को लेकर परेशान

उन्होंने कहा कि देश का युवा और खासकर Gen Z आज पढ़ाई, रोजगार, भर्ती, पेपर लीक और भविष्य को लेकर परेशान है। ऐसे में राजनीतिक दलों को युवाओं की समस्याओं का समाधान करना चाहिए, न कि उनके आंदोलनों को अपने राजनीतिक हितों के लिए इस्तेमाल करना चाहिए। मायावती ने दिल्ली के जंतर-मंतर पर पेपर लीक और बेरोजगारी जैसे मुद्दों को लेकर हुए छात्र-युवा आंदोलन का जिक्र करते हुए आरोप लगाया कि कांग्रेस और उसके सहयोगी दलों ने आंदोलन को अपने राजनीतिक हित में इस्तेमाल करने की कोशिश की।

बसपा युवाओं के साथ खड़ी

उन्होंने कहा कि छात्रों और युवाओं की वास्तविक समस्याएं गंभीर हैं और बसपा हमेशा उनके साथ खड़ी रही है। छात्र और युवा अपनी मांगों को लेकर लोकतांत्रिक तरीके से आवाज जरूर उठाएं, लेकिन उन्हें किसी भी राजनीतिक दल के हाथों का मोहरा नहीं बनना चाहिए। उनके मुताबिक, आंदोलन का उद्देश्य युवाओं की समस्याओं का समाधान होना चाहिए, न कि किसी दल को राजनीतिक लाभ पहुंचाना।

रांची में चल रहे छात्र-युवा आंदोलन का भी उल्लेख

बसपा प्रमुख ने झारखंड की राजधानी रांची में चल रहे छात्र-युवा आंदोलन का भी उल्लेख किया। उन्होंने आरोप लगाया कि वहां कांग्रेस और उसके सहयोगी दल छात्रों की समस्याओं पर खुलकर सामने नहीं आ रहे हैं, जबकि भाजपा और उसके समर्थक दल आंदोलन के समर्थन में आगे आ रहे हैं। मायावती ने कहा कि दिल्ली और रांची दोनों जगह छात्र-युवा आंदोलनों में उनकी समस्याओं के समाधान से ज्यादा राजनीतिक स्वार्थ दिखाई दे रहा है।

उन्होंने कहा कि सत्ता पक्ष हो या विपक्ष, दोनों को युवाओं की समस्याओं के समाधान को प्राथमिकता देनी चाहिए। उन्होंने आरोप लगाया कि सरकारी नौकरियों में आरक्षण का लाभ लगातार सीमित होता जा रहा है और इसे निष्प्रभावी करने की कोशिशें हो रही हैं।

बड़े पूंजीपति लगातार मजबूत हो रहे

उन्होंने कहा कि सार्वजनिक क्षेत्र को कमजोर कर निजी क्षेत्र को बढ़ावा दिया जा रहा है। इसका परिणाम यह है कि बड़े पूंजीपति लगातार मजबूत हो रहे हैं, जबकि गरीब, बेरोजगार और वंचित वर्ग पीछे छूटते जा रहे हैं। बसपा प्रमुख ने स्पष्ट किया कि उनकी पार्टी निजी क्षेत्र के खिलाफ नहीं है, लेकिन जिस तरह सरकारी नौकरियों में आरक्षण की व्यवस्था है, उसी तरह निजी क्षेत्र में भी आरक्षण लागू होना चाहिए।

उन्होंने दावा किया कि उत्तर प्रदेश में बसपा की चार सरकारों के दौरान सर्वसमाज के सभी वर्गों के हितों का ध्यान रखा गया और किसी के साथ भेदभाव नहीं किया गया। मायावती ने कहा कि उनकी सरकारों में छात्रों की समस्याओं का समाधान करने के साथ युवाओं की ‘रोटी-रोजी’ का भी विशेष ध्यान रखा गया।

मायावती ने आगामी उत्तर प्रदेश, उत्तराखंड और पंजाब विधानसभा चुनावों का जिक्र करते हुए सर्वसमाज से बसपा को मजबूत करने की अपील की। उन्होंने कहा कि दलित, आदिवासी, पिछड़े, मुस्लिम, किसान, मजदूर, व्यापारी, कर्मचारी, छात्र, युवा और अन्य मेहनतकश वर्गों के हितों की रक्षा के लिए बसपा को सत्ता में लाना जरूरी है।

लेखक के बारे मेंपवन नौटियालपवन नौटियाल नवभारत टाइम्स में उत्तर प्रदेश और उत्तराखंड सेक्शन के लिए बतौर कंसलटेंट राइटर कार्यरत हैं। उन्हें प्रिंट, इलेक्ट्रॉनिक और डिजिटल मीडिया में 14 वर्षों से अधिक का व्यापक पत्रकारीय अनुभव है। मूल रूप से उत्तराखंड (उत्तरकाशी) के रहने वाले पवन को दोनों राज्यों की राजनीति, सामाजिक-आर्थिक मुद्दों, क्राइम और यूटिलिटी खबरों की गहरी समझ है।उन्होंने अपने करियर की शुरुआत 2012 में देहरादून से एक प्रतिष्ठित न्यूज चैनल के साथ की, जहां उन्होंने विधानसभा चुनावों की ग्राउंड रिपोर्टिंग और कई एक्सक्लूसिव इंटरव्यू किए। उन्होंने 2013 की भीषण केदारनाथ आपदा की भी क्रेडिबल ग्राउंड रिपोर्टिंग की है। इसके बाद, उन्होंने 'दैनिक जागरण आई-नेक्स्ट' में 5 वर्षों तक डेस्क और फील्ड की दोहरी जिम्मेदारी संभाली। डिजिटल मीडिया में कदम रखते हुए उन्होंने वनइंडिया-डेलीहंट के साथ करीब 5 साल काम किया, जहां उन्होंने उत्तरकाशी के ऐतिहासिक सिलक्यारा टनल हादसे और धराली आपदा जैसी बड़ी घटनाओं को मौके पर जाकर कवर किया। दिल्ली से मास कम्युनिकेशन में पोस्ट ग्रेजुएशन करने वाले पवन विज्ञान के छात्र रहे हैं, जिससे उनकी खबरों में तार्किक और डेटा-आधारित सटीकता दिखती है।मुख्य विशेषज्ञता (Areas of Expertise)क्षेत्रीय कवरेज: उत्तर प्रदेश और उत्तराखंड की राजनीति, समसामयिक मुद्दे और सामाजिक सरोकार।बीट्स: पॉलिटिकल एनालिसिस, क्राइम, हेल्थ, यूटिलिटी न्यूज और ग्राउंड डिजास्टर रिपोर्टिंग।अनुभव: 14+ वर्ष (प्रिंट, इलेक्ट्रॉनिक और डिजिटल मीडिया)।पेशेवर यात्रा (Professional Experience)करियर की शुरुआत (2012): देहरादून में न्यूज चैनल से शुरुआत; उत्तराखंड विधानसभा चुनाव और केदारनाथ आपदा (2013) की लाइव कवरेज। 'लोकस्वामी' मैगजीन के लिए अहम कवर स्टोरीज।प्रिंट मीडिया (5 वर्ष): 'दैनिक जागरण आई-नेक्स्ट' में बतौर सीनियर सब-एडिटर/रिपोर्टर डेस्क और फील्ड रिपोर्टर के तौर पर काम।डिजिटल मीडिया (5 वर्ष): 'वनइंडिया-डेलीहंट' में यूपी-उत्तराखंड के चुनाव और बड़ी घटनाओं की कमान। उत्तरकाशी सिलक्यारा टनल रेस्क्यू और धराली आपदा की ग्राउंड रिपोर्टिंग।शिक्षा और क्रेडेंशियल (Education &amp; Credentials)पोस्ट ग्रेजुएशन: मास कम्युनिकेशन (नई दिल्ली)।ग्रेजुएशन: साइंस स्ट्रीम (जो उनकी खबरों को एक विश्लेषणात्मक और सटीक दृष्टिकोण देता है)।स्थानीय जुड़ाव: मूल निवासी उत्तरकाशी (उत्तराखंड), जिससे उन्हें पहाड़ी राज्यों की भौगोलिक और राजनीतिक परिस्थितियों की स्वाभाविक और प्रामाणिक समझ है।... और पढ़ें",hi,8/11/26 9:15,8/14/26 11:18,Dehradun|Rudraprayag|Uttarkashi,recruitment_jobs|exam_paper_leak|protest_agitation|infrastructure|environment_disaster|migration_demography|health_education|politics_governance,उत्तराखंड|विधानसभा,newspaper4k,948
9ca3670af53a8bbbf93545bba03d71a6187242f0,https://hindi.news18.com/news/uttarakhand/nainital-raksha-bandhan-waterproof-rakhi-envelope-post-office-initiative-local18-10738687.html,https://hindi.news18.com/news/uttarakhand/nainital-raksha-bandhan-waterproof-rakhi-envelope-post-office-initiative-local18-10738687.html,news18_hindi_uttarakhand,News18 Hindi,rss,"नैनीताल में राखी भेजने का नया इंतजाम, बारिश हो या खराब मौसम... भाई तक सुरक्षित पहुंचेगी 'राखी', जानें कैसे?","Nainital News: रक्षाबंधन करीब आते ही बहनों ने भाइयों तक राखी भेजने की तैयारी शुरू कर दी है, लेकिन नैनीताल में जारी बारिश के बीच डाक से राखी भेजना इस बार थोड़ा आसान होने वाला है. बारिश में राखी और उसके साथ भेजे सामान के भीगने की चिंता को देखते हुए डाक विभाग ने खास इंतजाम किया है. अब बहनें वाटरप्रूफ लिफाफे में राखी पैक कर भेज सकेंगी. खास बात यह है कि इसकी मांग इतनी बढ़ गई है कि शुरुआती स्टॉक भी तेजी से खत्म हो रहा है. आखिर इस खास लिफाफे की कीमत कितनी है, राखी भेजने के लिए डाक विभाग ने क्या व्यवस्था की है और स्पीड पोस्ट से भेजने पर कितना खर्च आएगा, आइए जानते हैं.",,hi,8/11/26 7:48,8/14/26 11:13,Nainital,,,,0
c20c80240ef0ff8671ef1d3e23dc994bd3edd612,https://hindi.news18.com/news/uttarakhand/nainital-corbett-tiger-reserve-gharial-conservation-project-ramganga-river-population-nesting-sites-local18-10738571.html,https://hindi.news18.com/news/uttarakhand/nainital-corbett-tiger-reserve-gharial-conservation-project-ramganga-river-population-nesting-sites-local18-10738571.html,news18_hindi_uttarakhand,News18 Hindi,rss,"Corbett National Park: बाघों के बाद अब घड़ियालों की बारी, कॉर्बेट में शुरू हुआ ऑपरेशन घड़ियाल, खोजे जाएंगे रिवर मॉन्स्टर के ठिकाने","Gharial Conservation Project Ramnagar: कॉर्बेट टाइगर रिजर्व में अब बाघों के साथ रामगंगा नदी के एक और खास वन्यजीव पर वैज्ञानिकों की नजर है. संकटग्रस्त घड़ियालों की आबादी और उनके प्राकृतिक आवास को बचाने के लिए करीब ढाई साल तक चलने वाली खास शोध परियोजना शुरू की गई है. इस दौरान वैज्ञानिक घड़ियालों की संख्या, प्रजनन, नेस्टिंग साइट्स और उनके सामने मौजूद खतरों का अध्ययन करेंगे. कॉर्बेट में कितने घड़ियाल हैं, रामगंगा के किन हिस्सों में उनका बसेरा है और उनके संरक्षण के लिए आगे क्या रणनीति बनेगी, इस अभियान में कई अहम सवालों के जवाब तलाशे जाएंगे.",,hi,8/11/26 7:17,8/14/26 11:13,Nainital,infrastructure,,,0
c0c9112af912d3b1584a813e1e92e173829996d1,https://www.abplive.com/states/up-uk/bsp-chief-mayawati-appeals-to-zen-z-said-stay-away-from-conspiracies-amidst-student-protests-3173477,https://abplive.com/states/up-uk/bsp-chief-mayawati-appeals-to-zen-z-said-stay-away-from-conspiracies-amidst-student-protests-3173477,gnews_protest_youth,ABP News,gnews,"छात्र आंदोलन के बीच मायावती की Gen-Z से अपील, कहा- षडयंत्र से दूर रहें","छात्र आंदोलन के बीच मायावती की Gen-Z से अपील, कहा- षडयंत्र से दूर रहें  ABP News","छात्र आंदोलन के बीच मायावती की Gen-Z से अपील, कहा- षडयंत्र से दूर रहें
UP News: बीएसपी सुप्रीमो और पूर्व मुख्यमंत्री मायावती ने युवाओं की समस्याओं, बेरोजगारी, आरक्षण और निजी क्षेत्र में आरक्षण की जरूरत को लेकर सरकार पर निशाना साधा.
बहुजन समाज पार्टी (BSP) की राष्ट्रीय अध्यक्ष और पूर्व मुख्यमंत्री मायावती ने आज मंगलवार (11 जुलाई) को राजधानी लखनऊ में प्रेस कॉन्फ्रेंस करते हुए देश के Gen Z मतलब युवाओं से सत्ता और विपक्ष के कथित षडयंत्र से दूर रहने की अपील की है. उन्होंने कहा कि युवा अपनी समस्याओं के समाधान के लिए राजनीतिक परिस्थितियों का सावधानीपूर्वक इस्तेमाल करें, क्योंकि सत्ता और विपक्ष उनकी आड़ में स्वार्थ की राजनीति कर नाजायज फायदा उठा सकते हैं.
मायावती ने कहा कि छात्रों और युवाओं में इस समय जबरदस्त रोष है, उन्होंने दावा किया कि बीएसपी सरकार के दौरान छात्रों और नौजवानों को निराश नहीं होने दिया गया था. मायावती ने सरकार पर पब्लिक सेक्टर को कमजोर करने और निजी क्षेत्र को बढ़ावा देने का आरोप लगाया. उन्होंने कहा कि इससे देश के पूंजीपति लगातार मजबूत होते जा रहे हैं, जबकि सर्वसमाज के गरीब और बेरोजगार लोग लगातार पिछड़ते जा रहे हैं.
निजी क्षेत्र में भी आरक्षण दिया जाना चाहिए- मायावती
बीएसपी प्रमुख ने बीजेपी और कांग्रेस पर निशाना साधते हुए कहा कि उनकी पार्टी ने इन दलों की तरह जातिवादी और पूंजीवादी मानसिकता के आधार पर सरकार नहीं चलाई. उन्होंने कहा कि बीएसपी ने हमेशा 'सर्वजन हिताय' के सिद्धांत पर सरकार चलाने का काम किया है. उन्होंने कहा कि दलित, आदिवासी और अन्य पिछड़े वर्गों का आरक्षण अब न के बराबर रह गया है. इसके बावजूद आरएसएस के लोग आरक्षण को निष्प्रभावी बनाने में लगे हुए हैं. मायावती ने मांग की कि सरकारी नौकरियों में मिलने वाले आरक्षण की तरह निजी क्षेत्र में भी आरक्षण दिया जाना चाहिए.
यूपी-उत्तराखंड और पंजाब चुनाव को लेकर मायावती ने की खास अपील
मायावती ने कहा कि कुछ ही समय बाद उत्तर प्रदेश, उत्तराखंड और पंजाब में चुनाव होने वाले हैं। ऐसे राजनीतिक माहौल में उन्होंने सर्वसमाज से बीएसपी को कामयाब बनाने की अपील की. उन्होंने इसे देश और जनहित में समय की मांग बताया. मायावती ने कहा कि बीएसपी को मजबूत करने से सर्वसमाज के लोगों के हितों की रक्षा हो सकेगी और छात्र, आदिवासी, पिछड़े, मुस्लिम, किसान, मजदूर, व्यापारी, कर्मचारी और अल्पसंख्यक समेत समाज के सभी वर्ग खुशहाल जिंदगी बिता सकेंगे.",hi,8/11/26 7:05,8/14/26 11:18,,recruitment_jobs|protest_agitation|politics_governance,उत्तराखंड|मुख्यमंत्री,trafilatura,389
decbffb5f284f6d8768f11cb054cebd7730d09a0,https://hillmail.in/kanwar-yatra-2026-flood-of-faith-gathered-in-haridwar-kanwar-yatra-completed-with-jalabhishek-of-bholenath-on-sawan-shivratri/,https://hillmail.in/kanwar-yatra-2026-flood-of-faith-gathered-in-haridwar-kanwar-yatra-completed-with-jalabhishek-of-bholenath-on-sawan-shivratri,hill_mail,Hill Mail,rss,"कांवड़ यात्रा 2026: हरिद्वार में उमड़ा आस्था का सैलाब, सावन शिवरात्रि पर भोलेनाथ के जलाभिषेक से पूरी हुई कांवड़ यात्रा","सावन का पवित्र महीना भगवान शिव की भक्ति में डूबा हुआ है। मंगलवार, 11 अगस्त को सावन शिवरात्रि के अवसर पर देशभर के शिवालयों में हर-हर महादेव के जयघोष के बीच भगवान शिव का जलाभिषेक किया गया। इसी के साथ हरिद्वार से गंगाजल लेकर अपने-अपने गंतव्य की ओर निकले लाखों कांवड़ियों की धार्मिक यात्रा भी अपने प्रमुख पड़ाव पर पहुंची। हरिद्वार में इस दौरान आस्था, भक्ति और श्रद्धा का अद्भुत संगम देखने को मिला।","सावन का पवित्र महीना भगवान शिव की भक्ति में डूबा हुआ है। मंगलवार, 11 अगस्त को सावन शिवरात्रि के अवसर पर देशभर के शिवालयों में हर-हर महादेव के जयघोष के बीच भगवान शिव का जलाभिषेक किया गया। इसी के साथ हरिद्वार से गंगाजल लेकर अपने-अपने गंतव्य की ओर निकले लाखों कांवड़ियों की धार्मिक यात्रा भी अपने प्रमुख पड़ाव पर पहुंची। हरिद्वार में इस दौरान आस्था, भक्ति और श्रद्धा का अद्भुत संगम देखने को मिला।
कांवड़ यात्रा 2026 की शुरुआत 30 जुलाई से हुई थी। सावन शिवरात्रि को यात्रा का मुख्य समापन दिवस माना गया। कांवड़िए हरिद्वार, गंगोत्री और अन्य पवित्र स्थलों से गंगाजल लेकर पैदल या अन्य साधनों से अपने-अपने क्षेत्रों के शिव मंदिरों तक पहुंचे। इसके बाद शिवरात्रि के दिन विधि-विधान से भगवान शिव का जलाभिषेक किया गया।
हरिद्वार में इस बार कांवड़ मेले के दौरान श्रद्धालुओं की भारी भीड़ देखने को मिली। गंगा घाटों से लेकर हरकी पैड़ी तक भगवा रंग में रंगा वातावरण शिवभक्ति से सराबोर नजर आया। कांवड़िए कंधों पर सजी कांवड़ लेकर ‘बोल बम’ और ‘हर हर महादेव’ के जयकारे लगाते हुए आगे बढ़ते रहे। कई स्थानों पर कांवड़ियों के लिए सेवा शिविर लगाए गए, जहां भोजन, पेयजल, विश्राम और चिकित्सा जैसी सुविधाएं उपलब्ध कराई गईं।
कांवड़ यात्रा केवल धार्मिक यात्रा नहीं, बल्कि भगवान शिव के प्रति अटूट आस्था और संकल्प का प्रतीक मानी जाती है। श्रद्धालु गंगाजल को पवित्र कांवड़ में लेकर लंबी दूरी तय करते हैं और अपने क्षेत्र के शिव मंदिर में पहुंचकर उस जल से भगवान शिव का अभिषेक करते हैं। कई कांवड़िए यात्रा के दौरान कठिन नियमों का पालन करते हुए पैदल यात्रा पूरी करते हैं।
हरिद्वार में इस वर्ष भी प्रशासन की ओर से श्रद्धालुओं की सुविधा और सुरक्षा को लेकर व्यापक व्यवस्थाएं की गईं। घाटों और प्रमुख धार्मिक स्थलों पर पुलिस और प्रशासन की टीमें तैनात रहीं। कांवड़ शिविरों में स्वास्थ्य सुविधाओं के साथ श्रद्धालुओं के लिए आवश्यक व्यवस्थाएं सुनिश्चित की गईं। यात्रा के दौरान गंगा स्नान और जल भरने के लिए आने वाले श्रद्धालुओं को निर्धारित नियमों का पालन करने की अपील भी की गई।
कांवड़ यात्रा के अंतिम चरण में डाक कांवड़ का भी विशेष महत्व रहा। बड़ी संख्या में शिवभक्त तेजी से अपने गंतव्य की ओर रवाना हुए, ताकि सावन शिवरात्रि के शुभ अवसर पर निर्धारित शिवालय में गंगाजल अर्पित कर सकें। शिवभक्तों के लिए यह क्षण पूरे वर्ष की धार्मिक साधना और संकल्प की पूर्णता का प्रतीक रहा।
आकाश में बादलों और मानसून की फुहारों के बीच भी कांवड़ियों का उत्साह कम नहीं हुआ। बारिश के बावजूद भगवा वस्त्र पहने शिवभक्त लगातार ‘बम-बम भोले’ का उद्घोष करते हुए अपनी मंजिल की ओर बढ़ते दिखाई दिए। कई कांवड़ियों ने रास्ते में विश्राम किया, पूजा-अर्चना की और फिर अपनी यात्रा जारी रखी।
हरिद्वार में कांवड़ यात्रा के दौरान इस बार करोड़ों श्रद्धालुओं के पहुंचने की जानकारी सामने आई। सरकारी प्रसारक आकाशवाणी के अनुसार, 10 अगस्त की शाम तक 4 करोड़ 43 लाख 78 हजार से अधिक कांवड़िए हरिद्वार से गंगाजल लेकर रवाना हो चुके थे।
सावन शिवरात्रि के दिन शिवालयों में विशेष पूजा-अर्चना, रुद्राभिषेक और जलाभिषेक का आयोजन हुआ। श्रद्धालुओं ने भगवान शिव को गंगाजल, दूध, बेलपत्र, धतूरा और पुष्प अर्पित कर सुख-समृद्धि की कामना की। हरिद्वार में कांवड़ यात्रा के समापन के साथ ही एक बार फिर यह संदेश सामने आया कि आस्था और भक्ति के इस विशाल पर्व में देश के अलग-अलग हिस्सों से आने वाले श्रद्धालु एक ही भावना से जुड़ते हैं—हर हर महादेव और बोल बम।",hi,8/11/26 7:03,8/14/26 10:09,Haridwar|Uttarkashi,infrastructure|health_education|tourism_religion,,trafilatura,564
2f17e4f9bdae9b98c00beac2ea13d5d264ee98cf,https://hillmail.in/heavy-devastation-due-to-cloud-burst-in-chamoli-bridge-washed-away-in-flood-in-no-time-one-person-missing/,https://hillmail.in/heavy-devastation-due-to-cloud-burst-in-chamoli-bridge-washed-away-in-flood-in-no-time-one-person-missing,hill_mail,Hill Mail,rss,"चमोली में बादल फटने से भारी तबाही, देखते ही देखते सैलाब में बह गया पुल; एक व्यक्ति लापता",उत्तराखंड के चमोली जिले की नीती घाटी में सोमवार शाम बादल फटने के बाद अचानक आए जलसैलाब ने भारी तबाही मचा दी। भारत-चीन सीमा क्षेत्र के पास तमक नाले में अचानक पानी का बहाव इतना तेज हो गया कि कुछ ही पलों में वैली ब्रिज देखते ही देखते सैलाब में बह गया। हादसे के बाद इलाके में अफरा-तफरी मच गई। घटना में एक व्यक्ति के लापता होने की सूचना है। राहत और बचाव दल लापता व्यक्ति की तलाश में जुटे हुए हैं।,"उत्तराखंड के चमोली जिले की नीती घाटी में सोमवार शाम बादल फटने के बाद अचानक आए जलसैलाब ने भारी तबाही मचा दी। भारत-चीन सीमा क्षेत्र के पास तमक नाले में अचानक पानी का बहाव इतना तेज हो गया कि कुछ ही पलों में वैली ब्रिज देखते ही देखते सैलाब में बह गया। हादसे के बाद इलाके में अफरा-तफरी मच गई। घटना में एक व्यक्ति के लापता होने की सूचना है। राहत और बचाव दल लापता व्यक्ति की तलाश में जुटे हुए हैं।
जानकारी के मुताबिक, सोमवार शाम नीती घाटी में अचानक मौसम बदला और क्षेत्र में भारी बारिश के साथ बादल फटने की घटना हुई। इसके बाद तमक नाला उफान पर आ गया। पहाड़ी क्षेत्र से तेज गति से मलबे और पानी का सैलाब नीचे आया, जिसने रास्ते में आने वाली संरचनाओं को अपनी चपेट में ले लिया। इसी दौरान ज्योतिर्मठ-मलारी मार्ग पर तमक नाले के ऊपर बना वैली ब्रिज तेज बहाव में बह गया।
बताया जा रहा है कि यह पुल सीमा सड़क संगठन (BRO) की ओर से तैयार किया गया था और करीब एक महीने पहले ही नीती घाटी में तमक नाले पर बनाया गया था। पुल के बह जाने से नीती घाटी का सड़क संपर्क बुरी तरह प्रभावित हुआ है। सीमा क्षेत्र की रणनीतिक दृष्टि से महत्वपूर्ण सड़क पर आवाजाही भी बाधित हो गई है। प्रशासन ने सुरक्षा के मद्देनजर मलारी की ओर वाहनों की आवाजाही अस्थायी रूप से रोक दी है।
हादसे के दौरान एक वाहन के भी तेज बहाव की चपेट में आने की जानकारी सामने आई है। इसी क्रम में एक BRO कर्मचारी या वाहन चालक के लापता होने की सूचना है। हालांकि राहत और बचाव अभियान जारी है और लापता व्यक्ति के संबंध में अंतिम स्थिति बचाव दल की तलाश के बाद ही स्पष्ट हो सकेगी। SDRF और NDRF की टीमें घटनास्थल की ओर रवाना की गई हैं। स्थानीय प्रशासन और अन्य संबंधित विभाग भी स्थिति पर नजर बनाए हुए हैं।
मुख्यमंत्री पुष्कर सिंह धामी ने भी घटना का संज्ञान लेते हुए प्रशासन को राहत और बचाव कार्यों में तेजी लाने तथा प्रभावित क्षेत्र में आवश्यक सहायता उपलब्ध कराने के निर्देश दिए हैं। प्रशासन की प्राथमिकता लापता व्यक्ति की तलाश करने के साथ-साथ प्रभावित क्षेत्र में लोगों की सुरक्षा सुनिश्चित करना है।
पुल बहने के कारण नीती घाटी के कई क्षेत्रों का जिला मुख्यालय से संपर्क प्रभावित हुआ है। सीमा क्षेत्र में आवाजाही के लिए यह मार्ग बेहद महत्वपूर्ण माना जाता है। ऐसे में पुल के क्षतिग्रस्त होने से स्थानीय लोगों के साथ-साथ सीमा क्षेत्र में तैनात कर्मियों और आवश्यक सेवाओं की आवाजाही पर भी असर पड़ सकता है। अधिकारियों की ओर से स्थिति का आकलन किया जा रहा है और मार्ग को सुरक्षित बनाने के लिए आगे की कार्रवाई की जाएगी।
घटना ने एक बार फिर उत्तराखंड के पहाड़ी क्षेत्रों में अचानक आने वाली बाढ़ और बादल फटने की घटनाओं के खतरे को सामने ला दिया है। तमक नाला जैसे संवेदनशील क्षेत्रों में कुछ ही मिनटों में पानी का स्तर खतरनाक रूप ले सकता है। मौसम विभाग की ओर से भी राज्य के कई जिलों में अचानक बाढ़ के जोखिम को लेकर चेतावनी जारी की गई है, जिसमें चमोली भी शामिल है।
प्रशासन ने लोगों से नदी-नालों और तेज बहाव वाले क्षेत्रों से दूर रहने तथा मौसम खराब होने पर अनावश्यक आवाजाही से बचने की अपील की है। फिलहाल राहत-बचाव टीमें लापता व्यक्ति की तलाश और स्थिति को सामान्य करने में जुटी हैं।",hi,8/11/26 6:50,8/14/26 10:09,Chamoli,infrastructure|environment_disaster|politics_governance,उत्तराखंड|धामी|पुष्कर सिंह धामी|मुख्यमंत्री,trafilatura,561
e4a298e09ddd21a78df3ad3692ae4ed3eece6325,https://hindi.news18.com/photogallery/lifestyle/travel-must-visit-naukuchiatal-nainital-monsoon-tourist-place-nine-corners-mystery-lake-local18-10738346.html,https://hindi.news18.com/photogallery/lifestyle/travel-must-visit-naukuchiatal-nainital-monsoon-tourist-place-nine-corners-mystery-lake-local18-10738346.html,news18_hindi_uttarakhand,News18 Hindi,rss,"कश्मीर वाली शिकारा बोट, 9 कोनों का रहस्य और चारों ओर पहाड़...नैनीताल आएं तो इस खूबसूरत झील का करें दीदार","Naukuchiatal Lake Nainital: नैनीताल घूमने का प्लान बना रहे हैं तो नौकुचियाताल आपके लिए एक ऐसी जगह हो सकती है, जहां झील की खूबसूरती के साथ रहस्य और रोमांच भी देखने को मिलता है. मानसून में बारिश के बाद यहां की पहाड़ियां हरियाली से ढक जाती हैं और झील के ऊपर छाई धुंध पूरा माहौल बदल देती है. लेकिन इस जगह की सबसे खास बात सिर्फ इसका खूबसूरत नजारा नहीं, बल्कि झील से जुड़ी एक ऐसी मान्यता है जो आज भी लोगों की जिज्ञासा बढ़ाती है. इसके अलावा यहां बोटिंग से लेकर कयाकिंग और जिप लाइन जैसी कई रोमांचक गतिविधियां भी की जा सकती हैं. आखिर नौकुचियाताल को इतना खास क्या बनाता है आइए जानते हैं.",,hi,8/11/26 6:31,8/14/26 11:13,Nainital,,,,0
37258c15c9f7278e76920296b46fd928b94d0078,https://hillmail.in/doons-daughter-vaishali-bhandari-wrote-a-new-story-on-the-waves-of-the-sea/,https://hillmail.in/doons-daughter-vaishali-bhandari-wrote-a-new-story-on-the-waves-of-the-sea,hill_mail,Hill Mail,rss,दून की बेटी वैशाली भंडारी ने समंदर की लहरों पर लिखी नई इबारत,"दून की बेटी स्क्वाड्रन लीडर वैशाली भंडारी ने समुद्र की चुनौतीपूर्ण लहरों को पार करते हुए देश और उत्तराखंड का नाम रोशन किया है। वैशाली भारतीय सशस्त्र सेनाओं की उन नौ महिला अधिकारियों के ऐतिहासिक दल का हिस्सा रहीं, जिसने पहली बार संयुक्त रूप से समुद्र की वैश्विक परिक्रमा पूरी कर एक नया कीर्तिमान स्थापित किया। करीब 10 महीने चले इस अभियान में दल ने स्वदेशी नौका आइएनएसवी त्रिवेणी पर सवार होकर लगभग 25,500 नॉटिकल मील की समुद्री दूरी तय की।","दून की बेटी स्क्वाड्रन लीडर वैशाली भंडारी ने समुद्र की चुनौतीपूर्ण लहरों को पार करते हुए देश और उत्तराखंड का नाम रोशन किया है। वैशाली भारतीय सशस्त्र सेनाओं की उन नौ महिला अधिकारियों के ऐतिहासिक दल का हिस्सा रहीं, जिसने पहली बार संयुक्त रूप से समुद्र की वैश्विक परिक्रमा पूरी कर एक नया कीर्तिमान स्थापित किया। करीब 10 महीने चले इस अभियान में दल ने स्वदेशी नौका आइएनएसवी त्रिवेणी पर सवार होकर लगभग 25,500 नॉटिकल मील की समुद्री दूरी तय की।
इस ऐतिहासिक अभियान के दौरान महिला अधिकारियों ने हिंद महासागर, प्रशांत महासागर और दक्षिण अटलांटिक महासागर की चुनौतीपूर्ण परिस्थितियों का सामना किया। अभियान का उद्देश्य केवल समुद्री यात्रा पूरी करना नहीं था, बल्कि भारतीय महिलाओं की क्षमता, साहस, नेतृत्व और आत्मनिर्भरता का प्रदर्शन भी करना था। कठिन मौसम, तेज हवाओं और ऊंची समुद्री लहरों के बीच नौका को सुरक्षित आगे बढ़ाना दल के लिए बड़ी चुनौती रहा।
कई देशों में किया पड़ाव
अभियान के दौरान दल ने दुनिया के विभिन्न हिस्सों में महत्वपूर्ण पड़ाव किए। नौका ऑस्ट्रेलिया के फ्रेमैंटल, न्यूजीलैंड के लिटलटन, अर्जेंटीना के ब्यूनस आयर्स और दक्षिण अफ्रीका के केपटाउन पहुंची। इस दौरान दल ने भूमध्य रेखा को दो बार पार किया। इसके अलावा विश्व के चुनौतीपूर्ण समुद्री क्षेत्रों में शामिल केप लीविन और केप हॉर्न को भी पार किया गया।
समुद्र की बदलती परिस्थितियों के बीच लंबे समय तक नौका पर रहना अपने आप में एक कठिन परीक्षा थी। तेज हवाओं, ऊंची लहरों और प्रतिकूल मौसम के बीच दल ने संयम, अनुशासन और टीमवर्क के साथ अभियान को आगे बढ़ाया। लगभग 10 महीने बाद दल मुंबई पहुंचा, जहां उनकी इस ऐतिहासिक उपलब्धि का भव्य स्वागत किया गया।
रक्षा मंत्री ने किया स्वागत, राष्ट्रपति से भी मिलीं
मुंबई लौटे दल का पिछले माह रक्षा मंत्री राजनाथ सिंह ने स्वागत किया। इसके बाद राष्ट्रपति द्रौपदी मुर्मु ने भी अभियान में शामिल महिला अधिकारियों से मुलाकात की और उनकी असाधारण उपलब्धि की सराहना की। इस उपलब्धि को भारतीय महिलाओं के साहस और देश की समुद्री क्षमताओं के लिए महत्वपूर्ण माना जा रहा है।
वैशाली भंडारी की इस सफलता से देहरादून और उत्तराखंड में भी गर्व का माहौल है। उनके परिवार, शिक्षकों और परिचितों के लिए यह उपलब्धि विशेष मायने रखती है। वैशाली ने अपनी प्रारंभिक शिक्षा दून इंटरनेशनल स्कूल और केंद्रीय विद्यालय ओएनजीसी से प्राप्त की। इसके बाद उन्होंने डीएवी पीजी कॉलेज से स्नातक की पढ़ाई पूरी की।
वायुसेना से समुद्र तक साहस की मिसाल
स्नातक शिक्षा के बाद वैशाली ने हैदराबाद स्थित वायुसेना अकादमी से प्रशिक्षण प्राप्त किया। इसके बाद उन्हें भारतीय वायुसेना की अकाउंट्स शाखा में अधिकारी के रूप में कमीशन मिला। वायुसेना में अपने दायित्वों के साथ उन्होंने इस चुनौतीपूर्ण समुद्री अभियान में हिस्सा लेकर अपने साहस और दृढ़ संकल्प का परिचय दिया।
वैशाली भंडारी की कहानी उन युवतियों के लिए प्रेरणा है, जो पारंपरिक सीमाओं से आगे बढ़कर नई चुनौतियों को स्वीकार करना चाहती हैं। दून की इस बेटी ने आसमान से लेकर समुद्र तक अपने हौसले की पहचान बनाई है। 25,500 नॉटिकल मील की यह यात्रा केवल एक समुद्री परिक्रमा नहीं, बल्कि भारतीय महिलाओं की क्षमता, आत्मविश्वास और जज्बे की भी ऐतिहासिक कहानी बन गई है।",hi,8/11/26 6:26,8/14/26 11:13,Dehradun,protest_agitation|health_education,उत्तराखंड,trafilatura,511
f1053bb2e1c5d32a5786331187eba91291af2581,https://hillmail.in/cm-yogi-took-out-tiranga-yatra-on-the-streets-of-gorakhpur-ravi-kishan-and-sanjay-nishad-also-accompanied-him/,https://hillmail.in/cm-yogi-took-out-tiranga-yatra-on-the-streets-of-gorakhpur-ravi-kishan-and-sanjay-nishad-also-accompanied-him,hill_mail,Hill Mail,rss,"गोरखपुर की सड़कों पर सीएम योगी ने निकाली तिरंगा यात्रा, रवि किशन और संजय निषाद भी रहे साथ",स्वतंत्रता दिवस से पहले देशभक्ति के रंग में रंगे गोरखपुर में सोमवार को भव्य तिरंगा यात्रा निकाली गई। उत्तर प्रदेश के मुख्यमंत्री योगी आदित्यनाथ ने हाथों में तिरंगा लेकर इस यात्रा का नेतृत्व किया। उनके साथ गोरखपुर के सांसद रवि किशन और कैबिनेट मंत्री एवं निषाद पार्टी के अध्यक्ष डॉ. संजय निषाद समेत बड़ी संख्या में कार्यकर्ता और स्थानीय लोग शामिल हुए। यात्रा के दौरान सड़कों पर देशभक्ति के गीत गूंजते रहे और पूरा माहौल राष्ट्रभक्ति से सराबोर नजर आया।,"स्वतंत्रता दिवस से पहले देशभक्ति के रंग में रंगे गोरखपुर में सोमवार को भव्य तिरंगा यात्रा निकाली गई। उत्तर प्रदेश के मुख्यमंत्री योगी आदित्यनाथ ने हाथों में तिरंगा लेकर इस यात्रा का नेतृत्व किया। उनके साथ गोरखपुर के सांसद रवि किशन और कैबिनेट मंत्री एवं निषाद पार्टी के अध्यक्ष डॉ. संजय निषाद समेत बड़ी संख्या में कार्यकर्ता और स्थानीय लोग शामिल हुए। यात्रा के दौरान सड़कों पर देशभक्ति के गीत गूंजते रहे और पूरा माहौल राष्ट्रभक्ति से सराबोर नजर आया।
यह तिरंगा यात्रा भारतीय जनता पार्टी की ओर से चलाए जा रहे ‘हर घर तिरंगा’ अभियान का हिस्सा रही। भाजपा ने 9 से 17 अगस्त तक प्रदेशभर में तिरंगा यात्राओं के आयोजन का निर्णय लिया है। इसी क्रम में लखनऊ के बाद गोरखपुर में भी मुख्यमंत्री योगी आदित्यनाथ खुद यात्रा में शामिल हुए। मुख्यमंत्री के साथ सांसद रवि किशन और मंत्री संजय निषाद के सड़क पर तिरंगा लेकर चलने से कार्यक्रम में बड़ी संख्या में लोगों की भागीदारी देखने को मिली।
क्रांतिकारियों के सम्मान का संदेश
तिरंगा यात्रा शुरू होने से पहले मुख्यमंत्री योगी आदित्यनाथ ने अपने संबोधन में स्वतंत्रता संग्राम के वीर क्रांतिकारियों को याद किया। उन्होंने कहा कि तिरंगा देश के अमर बलिदानियों और स्वतंत्रता सेनानियों के प्रति सम्मान का प्रतीक है। मुख्यमंत्री ने आरोप लगाया कि पिछली सरकारों के समय कई स्वतंत्रता सेनानियों को वह सम्मान नहीं मिला जिसके वे हकदार थे। उन्होंने कहा कि आज देश के क्रांतिकारियों को सम्मान देने और उनके बलिदान को नई पीढ़ी तक पहुंचाने का काम किया जा रहा है।
सीएम योगी ने अपने संबोधन में बिना किसी पार्टी का नाम लिए नेहरू-गांधी परिवार पर भी निशाना साधा। उन्होंने कहा कि पहले एक ही परिवार के नाम पर संस्थाओं और योजनाओं के नाम रखे जाते थे, जबकि आज स्वतंत्रता संग्राम के अनेक नायकों को सम्मान देने पर जोर दिया जा रहा है। उनके मुताबिक तिरंगा यात्रा का उद्देश्य केवल राष्ट्रीय ध्वज लेकर चलना नहीं, बल्कि उन वीरों के प्रति कृतज्ञता व्यक्त करना भी है, जिन्होंने देश की आजादी के लिए अपना जीवन न्योछावर कर दिया।
काकोरी कांड का किया जिक्र
मुख्यमंत्री योगी आदित्यनाथ ने अपने संबोधन में काकोरी कांड का भी उल्लेख किया। उन्होंने कहा कि आजादी के आंदोलन से जुड़ी काकोरी की घटना को अंग्रेजों ने ‘डकैती’ बताया था। उन्होंने इसे क्रांतिकारियों के योगदान को कम करके आंकने वाला दृष्टिकोण बताया। मुख्यमंत्री ने पंडित राम प्रसाद बिस्मिल, अशफाक उल्ला खान, ठाकुर रोशन सिंह और राजेंद्र सिंह लाहिड़ी समेत अनेक क्रांतिकारियों को नमन किया।
सीएम योगी ने कहा कि राष्ट्रीय ध्वज, राष्ट्रगीत और राष्ट्रगान का सम्मान करना स्वतंत्रता सेनानियों के प्रति सम्मान व्यक्त करने का एक माध्यम है। उन्होंने लोगों से अपील की कि वे स्वतंत्रता दिवस के अवसर पर अपने घरों और प्रतिष्ठानों पर तिरंगा फहराएं और राष्ट्र के प्रति सम्मान की भावना को मजबूत करें।
पांच करोड़ घरों पर तिरंगा फहराने का लक्ष्य
मुख्यमंत्री ने बताया कि उत्तर प्रदेश में इस वर्ष पांच करोड़ घरों पर तिरंगा फहराने का लक्ष्य निर्धारित किया गया है। इसके अलावा सरकारी, अर्द्धसरकारी और निजी संस्थानों, उद्योगों तथा व्यापारिक प्रतिष्ठानों में भी राष्ट्रीय ध्वज फहराने का अभियान चलाया जाएगा।
उन्होंने प्रदेशवासियों से तिरंगा यात्रा में भाग लेने, तिरंगा अपने घर ले जाने और ‘सेल्फी विद तिरंगा’ के माध्यम से सोशल मीडिया पर देशभक्ति का संदेश साझा करने की अपील की। मुख्यमंत्री ने कहा कि देश के प्रति सम्मान और राष्ट्रीय ध्वज के प्रति गौरव की भावना प्रत्येक नागरिक का दायित्व है।
गोरखपुर में आयोजित इस तिरंगा यात्रा ने स्वतंत्रता दिवस से पहले शहर में राष्ट्रभक्ति का माहौल बनाया। मुख्यमंत्री योगी आदित्यनाथ, सांसद रवि किशन और मंत्री संजय निषाद की मौजूदगी ने कार्यक्रम को राजनीतिक और सामाजिक दोनों दृष्टियों से खास बना दिया। यात्रा के जरिए सरकार और भाजपा ने लोगों से ‘हर घर तिरंगा’ अभियान से जुड़ने तथा स्वतंत्रता संग्राम के बलिदानियों को याद करने का संदेश दिया।",hi,8/11/26 6:17,8/14/26 11:13,,protest_agitation|politics_governance,कैबिनेट मंत्री|मुख्यमंत्री,trafilatura,624
d26686db720b846e3254fb2296de854f170bbbde,https://www.bhaskar.com/g/local/uttar-pradesh/news/hathras-sabha-akash-anand-mayawati-press-conference-bsp-politics-138694144.html,https://bhaskar.com/g/local/uttar-pradesh/news/hathras-sabha-akash-anand-mayawati-press-conference-bsp-politics-138694144.html,gnews_protest_youth,Dainik Bhaskar,gnews,"मायावती बोलीं–आरक्षण खत्म करने की साजिश कर रहा RSS: छात्रों के आंदोलन को कांग्रेस-सपा ने हाईजैक किया, अब रा...","मायावती बोलीं–आरक्षण खत्म करने की साजिश कर रहा RSS: छात्रों के आंदोलन को कांग्रेस-सपा ने हाईजैक किया, अब रा...  Dainik Bhaskar","मायावती बोलीं–आरक्षण खत्म करने की साजिश कर रहा RSS:छात्रों के आंदोलन को कांग्रेस-सपा ने हाईजैक किया, अब रांची में BJP वही कर रही
- कॉपी लिंक
बसपा सुप्रीमो मायावती ने मंगलवार को आरक्षण और छात्र-युवा आंदोलनों को लेकर भाजपा, कांग्रेस और सपा पर निशाना साधा। उन्होंने आरोप लगाया कि सरकारी नौकरियों में दलित, आदिवासी और अन्य पिछड़े वर्गों का आरक्षण अब लगभग निष्प्रभावी होता जा रहा है और RSS के लोग इसे और निष्प्रभावी बनाने में लगे हैं।
मायावती ने कहा कि पब्लिक सेक्टर को कमजोर कर लगातार प्राइवेट सेक्टर को बढ़ावा दिया जा रहा है। इससे गरीब और बेरोजगार वर्ग पिछड़ रहा है, जबकि बड़े पूंजीपति और धन्नासेठ मजबूत होते जा रहे हैं। उन्होंने कहा कि बसपा निजी क्षेत्र के खिलाफ नहीं है, लेकिन सरकारी नौकरियों की तरह निजी क्षेत्र में भी आरक्षण की व्यवस्था होनी चाहिए।
मायावती ने दावा किया कि बसपा सरकार ने सरकारी सहयोग से स्थापित उद्योगों में भी आरक्षण देने की व्यवस्था लागू की थी।
दलित-आदिवासियों को फिर गुलाम बनाने की साजिश
बसपा प्रमुख ने आरोप लगाया कि सत्ता और विपक्ष की अंदरूनी मिलीभगत से दलितों, आदिवासियों और पिछड़े वर्गों को फिर से ‘गुलाम और लाचार’ बनाने की साजिश चल रही है। उन्होंने इन वर्गों से सतर्क और सावधान रहने की अपील करते हुए कहा कि उन्हें अपने हितों की रक्षा के लिए बसपा से जुड़ना चाहिए और पार्टी को सत्ता में लाना चाहिए।
मायावती ने कहा कि बसपा की सरकारों में सर्वसमाज के किसी वर्ग के साथ भेदभाव और पक्षपात नहीं किया गया। सभी वर्गों का राजनीतिक, आर्थिक और सामाजिक स्तर पर ध्यान रखा गया।
CJP के आंदोलन को कांग्रेस-सपा ने हाईजैक किया
मायावती ने दिल्ली के जंतर-मंतर पर पेपर लीक और बेरोजगारी के मुद्दे पर हुए CJP के आंदोलन का भी जिक्र किया। उन्होंने कहा कि छात्रों, नौजवानों और Gen-Z की समस्याओं से जुड़ा यह आंदोलन गंभीर मुद्दों को उठाता है और बसपा हमेशा छात्र-युवाओं के साथ खड़ी रही है।
उन्होंने आरोप लगाया कि CJP के आंदोलन को कांग्रेस और उसके सहयोगी दलों ने हाईजैक कर लिया। अब उसकी आड़ में संसद भी नहीं चल पा रही है।
मायावती ने कहा कि छात्र और युवा अपनी समस्याओं के समाधान के लिए आंदोलन जरूर करें, लेकिन उन्हें राजनीतिक दलों के हाथों का मोहरा नहीं बनना चाहिए।
रांची में BJP और समर्थक दल छात्रों के आंदोलन में घुसे
मायावती ने कहा कि दिल्ली के जंतर-मंतर का आंदोलन की तरह ही झारखंड की राजधानी रांची में भी छात्र और नौजवान अपनी समस्याओं को लेकर आंदोलन कर रहे हैं।
उन्होंने कहा कि रांची के आंदोलन पर कांग्रेस और उसके समर्थक दल खुलकर नहीं बोल रहे हैं, जबकि अब भाजपा और उसके समर्थक दल छात्रों की आवाज उठाने के लिए आगे आ रहे हैं।
उन्होंने कहा कि ऐसा लगता है कि भाजपा और उसके समर्थक दलों ने भी इस आंदोलन को हाईजैक कर लिया है।
मायावती के मुताबिक, दिल्ली और रांची दोनों जगह छात्र-युवा आंदोलनों के पीछे उनकी समस्याओं के समाधान से ज्यादा राजनीति दिखाई दे रही है। उन्होंने कहा कि राजनीतिक दलों में समस्याओं को हल कराने की गंभीरता नहीं है, बल्कि चुनावी स्वार्थ की संकीर्ण राजनीति हावी है।
सत्ता-विपक्ष के षड्यंत्र से दूर रहें Gen-Z
बसपा प्रमुख ने देशभर के छात्रों, नौजवानों और Gen-Z से अपील की कि वे सत्ता और विपक्ष के कथित षड्यंत्र से दूर रहें।
उन्होंने कहा कि युवा अपनी समस्याओं से निपटने के लिए राजनीतिक दलों का सावधानीपूर्वक इस्तेमाल करें, लेकिन अपनी समस्याओं की आड़ में सत्ता और विपक्ष को संकीर्ण राजनीतिक स्वार्थ साधने का मौका न दें।
BSP सरकारों में लाखों युवाओं को रोजगार दिया
मायावती ने उत्तर प्रदेश में अपनी चार बार की सरकार का जिक्र करते हुए कहा कि बसपा ने छात्रों और नौजवानों को कभी निराश नहीं किया।
उन्होंने कहा कि उनकी सरकार ने छात्रों की समस्याओं का समय पर निदान किया और युवाओं की ‘रोटी-रोजी’ का विशेष ध्यान रखा। सरकारी और निजी क्षेत्र में रोजगार के नए अवसर उपलब्ध कराए गए।
मायावती ने कहा कि सरकारी भर्तियों पर लंबे समय से लगी रोक को हटाकर लाखों लोगों को रोजगार के साधन दिए गए। पुलिस और अन्य विभागों में नए सरकारी पद सृजित कर भी रोजगार दिया गया।
उन्होंने कहा कि आज पढ़ाई और ट्रेनिंग पूरी करने के बाद छात्र-युवा रोजगार चाहते हैं, लेकिन केंद्र और राज्यों की विभिन्न सरकारें उनकी यह जरूरत पूरी नहीं कर पा रही हैं। इसी वजह से युवाओं में जबरदस्त रोष है।
UP, उत्तराखंड और पंजाब चुनाव में बीएसपी का करें सपोर्ट
मायावती ने कहा कि उत्तर प्रदेश, उत्तराखंड और पंजाब में विधानसभा चुनाव होने वाले हैं। उन्होंने सर्वसमाज के लोगों से बसपा को मजबूत और सफल बनाने की अपील की।
उन्होंने कहा कि छात्र, नौजवान, दलित, आदिवासी, पिछड़े, मुस्लिम और अन्य धार्मिक अल्पसंख्यक, किसान, मजदूर, व्यापारी, कर्मचारी और अन्य मेहनतकश वर्ग खुशहाल जिंदगी जी सकें, इसके लिए बसपा को मजबूत करना जरूरी है।
मायावती ने कहा कि बसपा ने यूपी में अपनी 4 बार की सरकार ‘सर्वजन हिताय, सर्वजन सुखाय’ की नीति पर चलाई और सर्वसमाज के साथ बिना भेदभाव काम किया।",hi,8/11/26 6:12,8/14/26 11:18,,recruitment_jobs|exam_paper_leak|protest_agitation|politics_governance,उत्तराखंड|विधानसभा,trafilatura,820
b85bb5b22d25359d76009d74b5ac8cd9e21bb6dd,https://www.abplive.com/states/up-uk/high-court-tough-stance-on-lekhpal-patwari-recruitment-seeks-response-from-government-uksssc-ann-3173400,https://abplive.com/states/up-uk/high-court-tough-stance-on-lekhpal-patwari-recruitment-seeks-response-from-government-uksssc-ann-3173400,gnews_uksssc,ABP News,gnews,"लेखपाल-पटवारी भर्ती पर हाईकोर्ट सख्त, सरकार और UKSSSC से मांगा जवाब","लेखपाल-पटवारी भर्ती पर हाईकोर्ट सख्त, सरकार और UKSSSC से मांगा जवाब  ABP News","लेखपाल-पटवारी भर्ती पर हाईकोर्ट सख्त, सरकार और UKSSSC से मांगा जवाब
Uttarakhand News In Hindi: उत्तराखंड में लेखपाल, पटवारी और ग्राम विकास अधिकारी भर्ती परीक्षा के सवालों पर हाईकोर्ट ने धामी सरकरा और उत्तराखंड अधीनस्थ सेवा चयन आयोग के जवाब मांगा है.
उत्तराखंड में लेखपाल, पटवारी और ग्राम विकास अधिकारी (VDO) भर्ती परीक्षा के सवालों को लेकर उठे विवाद पर हाईकोर्ट ने राज्य सरकार और उत्तराखंड अधीनस्थ सेवा चयन आयोग (UKSSSC) से जवाब तलब किया है. मामला उन प्रश्नों से जुड़ा है, जिनमें अभ्यर्थियों का दावा है कि एक ही सवाल के दो विकल्प सही हो सकते हैं, लेकिन आयोग ने उनमें से केवल एक उत्तर को सही माना. न्यायालय ने मामले में विशेषज्ञों की राय लेने की जरूरत पर भी सवाल उठाया है और सरकार व आयोग को चार सप्ताह के भीतर अपना पक्ष रखने के निर्देश दिए हैं.
आपत्तियां खारिज होने के बाद हाईकोर्ट पहुंचे अभ्यर्थी
मामला वर्ष 2025 में UKSSSC की ओर से जारी लेखपाल, पटवारी और ग्राम विकास अधिकारी पदों की भर्ती प्रक्रिया से जुड़ा है. भर्ती परीक्षा के लिए विज्ञापन जारी होने के बाद परीक्षा आयोजित की गई. इसके बाद प्रश्नपत्र को लेकर अभ्यर्थियों ने कई सवालों पर आपत्तियां दर्ज कराईं. याचिकाकर्ताओं का कहना है कि कुछ प्रश्न ऐसे थे, जिनमें दो विकल्प सही माने जा सकते थे, लेकिन आयोग ने उत्तर कुंजी में केवल एक विकल्प को सही माना.
परीक्षा के बाद UKSSSC ने आंसर-की वेबसाइट पर जारी कर अभ्यर्थियों से आपत्तियां मांगी थीं. अभ्यर्थियों ने उन सवालों पर भी आपत्ति दर्ज कराई, जिनमें उनके मुताबिक एक से अधिक विकल्प सही थे. हालांकि आयोग ने इन आपत्तियों को स्वीकार नहीं किया और अपनी उत्तर कुंजी को सही माना. इसके बाद मामला हाईकोर्ट पहुंचा. याचिकाकर्ताओं की ओर से अदालत में यह सवाल उठाया गया कि जब किसी एक प्रश्न के दो विकल्प तथ्यात्मक रूप से सही हो सकते हैं, तो एक को सही और दूसरे को गलत मानने का आधार क्या है.
जस्टिस पंकज पुरोहित की सिंगल बेंच में सुनवाई
इस मामले की सुनवाई उत्तराखंड हाईकोर्ट के जस्टिस पंकज पुरोहित की सिंगल बेंच ने की. अदालत के सामने मुख्य सवाल केवल किसी एक अभ्यर्थी के उत्तर का नहीं, बल्कि परीक्षा में पूछे गए प्रश्नों और उनके मूल्यांकन की प्रक्रिया का है. याचिकाकर्ताओं ने मांग की है कि जिन प्रश्नों में दो उत्तर सही होने की संभावना है, उनकी विशेषज्ञों से जांच कराई जाए और यदि दोनों विकल्प सही पाए जाते हैं तो अभ्यर्थियों को उसका लाभ दिया जाए.
सुनवाई के दौरान अदालत ने यह बात महत्वपूर्ण मानी कि प्रश्नपत्र तैयार करने से पहले ही विशेषज्ञों की राय ली जानी चाहिए थी. खास तौर पर उन सवालों में जहां एक से ज्यादा उत्तर सही होने की संभावना हो सकती है, वहां विशेषज्ञों की जांच परीक्षा की निष्पक्षता के लिए जरूरी है. अदालत ने राज्य सरकार और UKSSSC को इस मामले में चार सप्ताह के भीतर जवाब दाखिल करने को कहा है. मामले की अगली सुनवाई चार सप्ताह बाद होगी.
याचिका के बाद ही साफ होगी भर्ती प्रक्रिया की तस्वीर
अदालत ने फिलहाल भर्ती प्रक्रिया को लेकर कोई अंतिम फैसला नहीं दिया है. हाईकोर्ट के निर्देश के बाद अब सरकार और UKSSSC के जवाब का इंतजार रहेगा. इन जवाबों के बाद ही यह स्पष्ट होगा कि विवादित प्रश्नों को लेकर आयोग की ओर से अपनाई गई प्रक्रिया सही थी या फिर विशेषज्ञों से दोबारा मूल्यांकन की जरूरत पड़ेगी. यानी फिलहाल भर्ती की आगे की प्रक्रिया इस याचिका पर आने वाले निर्णय से प्रभावित हो सकती है.
एक-एक अंक भी मेरिट पर डालता है बड़ा असर
याचिकाकर्ताओं में टिहरी निवासी समधी/समृद्धि सिंह समेत कई अभ्यर्थी शामिल बताए गए हैं. उनका तर्क है कि प्रतियोगी परीक्षा में एक-एक अंक भी अंतिम चयन में बड़ा अंतर पैदा कर सकता है. ऐसे में यदि किसी प्रश्न के दो विकल्प सही हैं और आयोग केवल एक विकल्प को सही मानता है, तो उसका सीधा असर अभ्यर्थियों की मेरिट पर पड़ सकता है. यही वजह है कि विवाद अब सिर्फ उत्तर कुंजी तक सीमित नहीं रहा, बल्कि परीक्षा प्रक्रिया की निष्पक्षता और प्रश्न तैयार करने की गुणवत्ता पर भी सवाल खड़े कर रहा है.
अब नजर सरकार और UKSSSC के जवाब पर है. चार सप्ताह में दाखिल होने वाले जवाब से यह तय करने में मदद मिलेगी कि विवादित प्रश्नों को लेकर आयोग का निर्णय नियमों और विशेषज्ञ राय के अनुरूप था या अभ्यर्थियों की आपत्तियों में वास्तव में दम है.",hi,8/11/26 5:34,8/14/26 11:16,Tehri Garhwal,recruitment_jobs|exam_paper_leak|investigation_justice|protest_agitation,UKSSSC|uttarakhand|अधीनस्थ सेवा चयन आयोग|उत्तराखंड|धामी|राज्य सरकार,trafilatura,718
e00a2726b360bd0e3d06cf3b673aed870b3ca8e4,https://www.etvbharat.com/hi/state/cm-pushkar-singh-dhami-wife-geeta-dhami-statement-on-land-jihad-religious-conversion-and-love-jihad-uts26081100834,https://etvbharat.com/hi/state/cm-pushkar-singh-dhami-wife-geeta-dhami-statement-on-land-jihad-religious-conversion-and-love-jihad-uts26081100834,gnews_dhami_govt,ETV Bharat,gnews,"सीएम धामी के बाद पत्नी ने उठाया 'जिहाद' का मुद्दा, सरकार के कार्यों का किया बखान","सीएम धामी के बाद पत्नी ने उठाया 'जिहाद' का मुद्दा, सरकार के कार्यों का किया बखान  ETV Bharat","सीएम धामी के बाद पत्नी ने उठाया 'जिहाद' का मुद्दा, सरकार के कार्यों का किया बखान
चंपावत में आयोजित कार्यक्रम में सीएम पुष्कर सिंह धामी की पत्नी गीता धामी ने राज्य सरकार की नीतियों की जमकर तारीफ की.
देहरादून: उत्तराखंड राज्य में आगामी साल 2027 में विधानसभा के चुनाव होने हैं, जिसके मद्देनजर राजनीतिक पार्टियां दमखम से तैयारी में जुटी हुई हैं. इसके साथ ही भाजपा और कांग्रेस दोनों ही पार्टियों जनता के बीच जाकर जनता को अपने पक्ष में करने की कवायद में जुट गई है. सावन के इस पवन पर्व पर मुख्यमंत्री पुष्कर सिंह धामी के विधानसभा क्षेत्र चंपावत में सेवा संकल्प फाउंडेशन की ओर से सावन उत्सव कार्यक्रम का आयोजन किया गया. जिस कार्यक्रम में मुख्यमंत्री पुष्कर सिंह धामी की पत्नी गीता धामी शामिल हुई. सावन उत्सव कार्यक्रम के दौरान गीता धामी ने सीएम धामी के उपलब्धियां का बखान करते हुए लैंड जिहाद, धर्मांतरण और लव जिहाद का मुद्दा छेड़ दिया.
दरअसल, उत्तराखंड में हुई तमाम घटनाओं को लेकर राज्य सरकार ने जिहाद के खिलाफ एक अभियान चला, जिसका असर अभी भी धरातल पर देखने को मिल रहा है. मुख्य रूप से सरकारी जमीनों पर अवैध रूप से बनाए गए धार्मिक स्थलों को हटाने का सिलसिला जारी है. साथ ही प्रदेश भर में वेरिफिकेशन ड्राइव चलाया जा रहा है. सीएम धामी के नक्शे कदम पर ही उनकी पत्नी गीता धामी ने भी महिलाओं को संबोधित करते हुए जिहाद का मुद्दा छेड़ दिया है.
चंपावत में आयोजित कार्यक्रम के दौरान महिलाओं को संबोधित करते हुए गीता धामी ने कहा कि समाज में नियम और कानून होने बहुत जरूरी हैं. यूसीसी के जरिए राज्य सरकार ने बेटियों को समान अधिकार देने का काम किया है, साथ ही लैंड जिहाद से उत्तराखंड को बचाने का काम किया है. गीता धामी ने कहा कि प्रदेश में करीब 10 हजार एकड़ से अधिक भूमि को लोगों ने कब्जा कर लिया था, जिसे लैंड जिहाद का नाम दिया गया. उत्तराखंड के जगह-जगह पर हजारों लोग ऐसे रह रहे हैं जो उत्तराखंड के वासी नहीं है उनकी कोई पहचान नहीं है.
प्रदेश भर में सत्यापन की कार्रवाई चल रही है, जिसमें हजारों लोग सामने आ रहे हैं. ये लोग न सिर्फ सरकारी जमीनों पर कब्जा कर रहे हैं बल्कि लव जिहाद, लैंड जिहाद और धर्मांतरण भी कर रहे हैं. यह लोग अपनी पहचान छिपाकर, हिंदू नाम और हाथों में कलावा बांध कर बहलाने फुसलाने का काम कर रहे हैं. कहीं रेस्टोरेंट चला रहे हैं तो कहीं पहाड़ों की जमीन को किराए लेकर रह रहे हैं. जिन लोगों के पास महीने की 15 हजार रुपए की कमाई नहीं है वो लोग 10 हजार रुपये का किराया दे रहे हैं. साथ ही कहा कि सत्यापन से निकाल कर सामने आ रहा है कि हिंदू नाम से इन सभी लोगों के आधार कार्ड बने हुए हैं, जिनकी संख्या हजारों में है.
ऐसे में सत्यापन कराकर ऐसे लोगों को वहीं भेजा जाएगा, जहां से आए हैं. ऐसे में सभी लोगों को जागरूक होने की जरूरत है. लोग अपने कामों में व्यस्त हैं, लिहाजा मुख्यमंत्री पुष्कर सिंह धामी प्रदेश की जनता के लिए यह काम कर रहे हैं, ताकि आने वाली पीढियां को सुनहरा और सुरक्षित उत्तराखंड दिया जा सकें. साथ ही कहा कि सीएम धामी ने अल्पसंख्यक शिक्षा बोर्ड को बनाकर अवैध मदरसों पर बड़ी कार्रवाई की है. सीएम धामी ने अल्पसंख्यक शिक्षा बोर्ड बनाकर ऐसे मदरसों को बंद करने का काम किया है. इसके अलावा सरकार ने प्रदेश में धर्मांतरण कानून भी लागू किया है.
ये भी पढ़ें:
- विकासनगर मारपीट मामला: उमर अब्दुल्ला ने उत्तराखंड के सीएम से की बात, दोषियों के खिलाफ कार्रवाई का आग्रह
- विकासनगर में दो कश्मीरी शॉल विक्रेताओं के साथ बुरी तरह मारपीट, एक आरोपी गिरफ्तार
- कोटद्वार में विशेष समुदाय की दुकान का नाम 'बाबा' रखने पर विवाद, बजरंग दल ने जताई आपत्ति
- खटीमा: दुष्कर्म का प्रयास और धर्म परिवर्तन का दबाव बनाने वाला आरोपी गिरफ्तार, ये है पूरा मामला",hi,8/11/26 4:39,8/14/26 11:16,Dehradun|Udham Singh Nagar|Pauri Garhwal|Champawat,investigation_justice|politics_governance,उत्तराखंड|धामी|पुष्कर सिंह धामी|मुख्यमंत्री|राज्य सरकार|विधानसभा,trafilatura,641
6af24308b739709c465cd0937e3fd2a9de0545d8,https://www.livemint.com/focus/cm-dhami-says-women-s-empowerment-key-to-uttarakhand-s-development-11786421026813.html,https://livemint.com/focus/cm-dhami-says-women-s-empowerment-key-to-uttarakhand-s-development-11786421026813.html,gnews_uttarakhand_en,livemint.com,gnews,CM Dhami says women’s empowerment key to Uttarakhand’s development,CM Dhami says women’s empowerment key to Uttarakhand’s development  livemint.com,"Uttarakhand chief minister Pushkar Singh Dhami on Monday said women’s empowerment was central to the state’s development and that the government was working to provide women greater opportunities in employment, entrepreneurship and leadership.

Dhami made the remarks while participating in a women’s dialogue programme organised in Bhauwalla, Dehradun, on the occasion of the Teej festival. According to a state government press release, he interacted with women attending the programme, heard their expectations and suggestions, and felicitated women for their contributions in different fields.

Dhami said government policies were more effective when they incorporated people’s experiences and views. He described women as a major force behind Uttarakhand’s development and said the government was committed to its vision of a “Sashakt Nari-Samriddh Uttarakhand” (empowered women, prosperous Uttarakhand).

Focus on livelihoods and leadership

According to the release, Dhami said women in the state were increasingly moving beyond traditional household responsibilities and becoming involved in self-help groups, self-employment, agriculture, horticulture, homestays, entrepreneurship and technology-based activities.

He said the government’s objective was not limited to providing women benefits under welfare schemes but also to give them opportunities, recognition, leadership roles and greater participation in decision-making.

Dhami said women had played an important role from the Uttarakhand statehood movement to the state’s development journey. He also highlighted various central government initiatives, including Ujjwala, Pradhan Mantri Matru Vandana Yojana, Beti Bachao Beti Padhao, Sukanya Samriddhi, Mudra, Stand-Up India and Lakhpati Didi.

He said more than 2.65 lakh women in Uttarakhand had become “Lakhpati Didis”, according to the state government’s figures.

Government lists women-focused initiatives

Dhami said the Uttarakhand government had provided 30% horizontal reservation for women in government jobs and 33% in cooperative societies. He also referred to schemes including the Ekal Mahila Swarozgar Yojana, Mukhyamantri Mahila Satat Aajeevika Yojana, Mukhyamantri Swarozgar Yojana and Lakhpati Didi programme.

The release said platforms such as House of Himalayas were being developed to provide wider markets for products made by women. It also mentioned initiatives including Drone Didi, Solar Sakhi and Mahila Sarathi to connect women with technology and new economic opportunities.

Dhami said the government was also prioritising women’s health and welfare, referring to initiatives such as Eja-Boi Shagun, Mahalakshmi Kit, nutrition programmes and Nanda Gaura Yojana, besides pensions and other welfare measures.

The chief minister also felicitated women who had made notable contributions in different fields and said the government would continue working towards making women self-reliant and increasing their participation in decision-making.

The programme was attended by MLA Sahdev Singh Pundir, public representatives, members of women’s self-help groups, social workers and local residents, the release said.",en,8/11/26 4:06,8/14/26 11:20,Dehradun,politics_governance,chief minister|dhami|uttarakhand|uttarakhand government,newspaper4k,429
61a2b5c8ca86e90b9d06d9d1283df5d7036f8334,https://hindi.news18.com/astro/daily-horoscope-mithun-rashifal-11-august-today-gemini-horoscope-might-get-argument-with-mother-local18-10736982.html,https://hindi.news18.com/astro/daily-horoscope-mithun-rashifal-11-august-today-gemini-horoscope-might-get-argument-with-mother-local18-10736982.html,news18_hindi_uttarakhand,News18 Hindi,rss,"Mithun Rashifal: मिथुन राशि वालों की आज अपनी मां से हो सकती है अनबन, ज्योतिष ने बताया गुस्से पर कैसे रखें कंट्रोल?","Today Mithun Rashifal: मिथुन राशि वालों के आज करियर में मेहनत के अनुसार अच्छे परिणाम प्राप्त हो सकते हैं. आज शारीरिक स्वास्थ्य बिगड़ सकता है. कार्यक्षेत्र में आज भी यात्रा के योग हैं, जिससे आपको आर्थिक लाभ होगा. नौकरी वाले भी आज सावधान रहें. आज मिथुन राशि वालों की अपनी मां से भी अनबन होने की संभावना है. आइए ज्योतिष से जानते हैं कि आज मिथुन राशि वालों का दिन कैसा रहेगा.",,hi,8/11/26 3:20,8/14/26 11:13,,,,,0
0d1e2613505546bcb514a4b6c52de2e513769077,https://hindi.news18.com/astro/daily-horoscope-today-cancer-horoscope-kark-rashifal-11-august-hard-work-will-pay-off-local18-10737015.html,https://hindi.news18.com/astro/daily-horoscope-today-cancer-horoscope-kark-rashifal-11-august-hard-work-will-pay-off-local18-10737015.html,news18_hindi_uttarakhand,News18 Hindi,rss,"Kark Rashifal: कर्क राशि वालों को आज मिलेगा मेहनत का फल, मगर इस बात रखें खास ध्यान, ज्योतिष ने बताया राशिफल","Today Kark Rashifal: कर्क राशि वालों को आज अपनी सूझबूझ और आत्मविश्वास से काम करना होगा, जिससे अधूरे काम पूरे कर सकते हैं. जो पिछले कुछ समय से अटके हुए थे, वो काम भी आज हो जाएंगे. हालांकि आर्थिक मामलों में किसी भी तरह की जल्दबाजी नुकसान पहुंचा सकती है. आइए ज्योतिष से जानते हैं कि आज कर्क राशि वालों का दिन कैसा रहेगा और आज इन राशि वालों को किन बातों का ध्यान देने की जरूरत है.",,hi,8/11/26 3:19,8/14/26 11:13,,,,,0
0e0f096793bddfa7f50668769936aeddd0f77acd,https://hindi.news18.com/astro/daily-horoscope-today-cancer-horoscope-kark-rashifal-love-career-business-wisdom-and-patience-will-yield-benefits-local18-10734008.html,https://hindi.news18.com/astro/daily-horoscope-today-cancer-horoscope-kark-rashifal-love-career-business-wisdom-and-patience-will-yield-benefits-local18-10734008.html,news18_hindi_uttarakhand,News18 Hindi,rss,"Kark Rashifal: कर्क राशि वालों के लिए कैसा रहेगा सोमवार का दिन? क्या जीवन में आएगा कोई बड़ा बदलाव, ज्योतिष से जानिए राशिफल",Today Kark Rashifal: आज परिधि योग का प्रभाव कर्क राशि के जातकों के लिए महत्वपूर्ण रहने वाला है. यह योग आपको परिस्थितियों को गहराई से समझने और जल्दबाजी से बचने की प्रेरणा देगा. आज किसी पुराने अनुभव का लाभ भी आपको मिल सकता है. आर्थिक मामलों में बड़ा फैसला लेने से पहले परिवार या किसी अनुभवी व्यक्ति की सलाह लेना बेहतर रहेगा. आइए जानते हैं कि कर्क राशि वालों के लिए आज यानि सोमवार का दिन कैसा रहने वाला है.,,hi,8/11/26 1:48,8/14/26 11:13,,,,,0
9b604a76132275d5e2e09601ce355896a6a6397b,https://hindi.news18.com/news/uttarakhand/chamoli-chamoli-cloud-burst-heavy-rain-bridge-collapsed-debris-on-road-chamoli-weather-news-10737654.html,https://hindi.news18.com/news/uttarakhand/chamoli-chamoli-cloud-burst-heavy-rain-bridge-collapsed-debris-on-road-chamoli-weather-news-10737654.html,news18_hindi_uttarakhand,News18 Hindi,rss,"Chamoli Cloud Burst: पुल बहा, ड्राइवर लापता, 13 गांव कटे... चमोली में तबाही का वो मंजर, अब कैसे हैं हालात?","Chamoli Cloud Burst: उत्तराखंड के चमोली जिले के नीति घाटी में बादल फटने से भारी तबाही आई है. कई गांव के आपस में संपर्क टूट गए हैं. एक ड्राइवर भी लापता है, जिसकी खोजबीन जारी है.",,hi,8/11/26 1:16,8/14/26 11:13,Chamoli,environment_disaster,उत्तराखंड,,0
a49909a8ddbf197fdf196cfa2ca296dbddd1f6a2,https://hindi.news18.com/news/uttarakhand/dehradun-uttarakhand-weather-update-11-august-imd-heavy-rain-yellow-alert-for-dehradun-tehri-pauri-chamoli-bageshwar-nainital-10737249.html,https://hindi.news18.com/news/uttarakhand/dehradun-uttarakhand-weather-update-11-august-imd-heavy-rain-yellow-alert-for-dehradun-tehri-pauri-chamoli-bageshwar-nainital-10737249.html,news18_hindi_uttarakhand,News18 Hindi,rss,"Uttarakhand Weather: आज उत्तराखंड में मौसम दिखाएगा तेवर, नैनीताल से चमोली तक इन 8 जिलों में भारी बारिश, 13 अगस्त तक राहत के आसार नहीं","Aaj Uttarakhand ka Mausam: उत्तराखंड में 11 अगस्त को मौसम एक बार फिर करवट लेने वाला है. राज्य के कई हिस्सों में बारिश का दौर जारी रहने के साथ मौसम विभाग ने कुछ जिलों के लिए अलर्ट जारी किया है. पहाड़ों से लेकर मैदानी इलाकों तक कहीं हल्की तो कहीं तेज बारिश देखने को मिल सकती है. इस दौरान गरज-चमक और आकाशीय बिजली को लेकर भी लोगों को सतर्क रहने की सलाह दी गई है. ऐसे में अगर आप 11 अगस्त को पहाड़ों की यात्रा करने वाले हैं या इन जिलों में रहते हैं, तो निकलने से पहले मौसम का हाल जरूर जान लें.",,hi,8/10/26 23:31,8/14/26 11:13,Nainital|Chamoli,,uttarakhand|उत्तराखंड,,0
efe6fcff58a276a1a6d6374b4c60ca48e90ff339,https://hindi.news18.com/news/uttarakhand/chamoli-tamak-nala-cloudburst-niti-valley-bridge-washed-away-one-missing-alaknanda-alert-up-uttarakhand-weather-10737449.html,https://hindi.news18.com/news/uttarakhand/chamoli-tamak-nala-cloudburst-niti-valley-bridge-washed-away-one-missing-alaknanda-alert-up-uttarakhand-weather-10737449.html,news18_hindi_uttarakhand,News18 Hindi,rss,"चमोली में कुदरत का कहर: बादल फटने से तबाही, बाढ़ में बहा नीती घाटी की लाइफलाइन, SDRF की टीम तैनात","Chaoli Cloud Burst: उत्तराखंड के चमोली जिले में बादल फटने की घटना से भारी तबाही मची गई है. तमक नाले में आई भयानक बाढ़ के कारण नीती घाटी और सीमांत क्षेत्रों को जोड़ने वाला 'बेली ब्रिज' बह गया है. इस घटना में एक व्यक्ति और एक वाहन के भी बह जाने की सूचना है. बेली ब्रिज के टूटने से जुम्मा से लेकर नीती तक करीब एक दर्जन गांवों का सड़क संपर्क पूरी तरह कट गया है. चमोली प्रशासन, SDRF और NDRF की टीमें मौके पर राहत एवं बचाव कार्य में जुटी हैं.",,hi,8/10/26 18:20,8/14/26 11:13,Chamoli,environment_disaster,उत्तराखंड,,0
5f5cc6585eb91ec805267e3cb8ec1a19df33f60b,https://hindi.news18.com/news/uttarakhand/haridwar-kanwar-yatra-day-12-record-breakdown-over-4-crore-devotees-collect-holy-gangajal-uttarakhand-police-alert-local18-10737278.html,https://hindi.news18.com/news/uttarakhand/haridwar-kanwar-yatra-day-12-record-breakdown-over-4-crore-devotees-collect-holy-gangajal-uttarakhand-police-alert-local18-10737278.html,news18_hindi_uttarakhand,News18 Hindi,rss,"Kanwar Yatra: हरिद्वार में टूटा रिकॉर्ड, 63 लाख शिवभक्तों ने भरा गंगाजल, आंकड़ा 4.40 करोड़ पार","Haridwar Kanwar Yatra: उत्तराखंड के हरिद्वार में भव्य कांवड़ यात्रा 2026 में जनसैलाब उमड़ पड़ा है. सोमवार को डाक कांवड़ शुरू होते ही 63 लाख 60 हजार शिवभक्तों ने पवित्र गंगाजल भरा. हरिद्वार पुलिस कंट्रोल रूम के आधिकारिक आंकड़ों के मुताबिक, यात्रा की शुरुआत से लेकर अब तक कुल 4 करोड़ 43 लाख 78 हजार से अधिक कांवड़िये जल भर चुके हैं. जिला व पुलिस प्रशासन ने सुरक्षा, यातायात और स्वास्थ्य सेवाओं को अलर्ट मोड हैं.",,hi,8/10/26 16:19,8/14/26 11:13,Haridwar,health_education|tourism_religion,उत्तराखंड,,0
04ea44b0db6196644597ee7e00f7e73dbf54af8f,https://hindi.news18.com/photogallery/uttarakhand/dehradun-best-momo-steam-crunchy-creamy-afghani-tandoori-fish-local18-10737118.html,https://hindi.news18.com/photogallery/uttarakhand/dehradun-best-momo-steam-crunchy-creamy-afghani-tandoori-fish-local18-10737118.html,news18_hindi_uttarakhand,News18 Hindi,rss,"स्टीम से अफगानी तक...देहरादून में टॉप मोमो के ये बेस्ट ठिकाने, भीनी खुश्बू से महक रहीं सिटी ऑफ लव की गलियां","Dehradun Best Momo : बारिश, सुहाना मौसम और गरमा-गर्म मोमो..अगर आप देहरादून में हैं, तो इस कॉम्बिनेशन से बेहतर भला क्या हो सकता है. झमाझम बरसती बूंदों के बीच 'सिटी ऑफ लव' की गलियां इस समय तरह-तरह के मोमो की भीनी-भीनी खुशबू से महक रही हैं. अगर आप भी मोमो लवर हैं तो देहरादून के अलग-अलग वैरायटी का स्वाद लेने से चूकिए मत. अगर आप सबसे टेस्टी स्टीम मोमो का स्वाद लेना चाहते हैं तो देहरादून का क्लेमन टाउन इसके लिए सबसे बेस्ट ठिकाना है. अगर आपको खाने में रिच, स्मोकी और क्रीमी फ्लेवर पसंद है तो अफगानी मोमो आपके लिए ही बने हैं. केटीएम रेस्टोरेंट में आप उत्तराखंडी टच वाले भांग की चटनी फ्लेवर्ड झोल मोमो का जायका ले सकते हैं.",,hi,8/10/26 15:22,8/14/26 11:13,Dehradun,,उत्तराखंड,,0
4ebd533eada87bcecbfbfa52cbb2a4bd192fa1df,https://hindi.news18.com/news/agriculture/guava-crop-pests-and-fungi-control-during-monsoon-local18-10737035.html,https://hindi.news18.com/news/agriculture/guava-crop-pests-and-fungi-control-during-monsoon-local18-10737035.html,news18_hindi_uttarakhand,News18 Hindi,rss,"Guava Farming : अमरूदों का निकल जाएगा कचूमर, जानिए बरसात में बैगिंग क्यों जरूरी?","Guava Crop Care : बरसात के मौसम में अमरूद की फसल पर कीट और फफूंदजनित रोगों का खतरा बढ़ जाता है. ऐसे में थोड़ी सी लापरवाही घातक हो सकती है और किसानों की पूरी मेहनत पर पानी फिर सकता है. बागेश्वर के जिला कृषि अधिकारी राजेंद्र उप्रेती लोकल 18 से बताते हैं कि अमरूद के फल जब कंचे के आकार के हो जाएं, तभी उनकी बैगिंग कर देनी चाहिए. बिना सलाह बार-बार रसायनों का इस्तेमाल करने से बचें. अमरूद के पेड़ों के आसपास गिरे हुए पत्ते, सड़े-गले फल और घास-फूस जमा न होने दें. मिट्टी की हल्की गुड़ाई भी की जा सकती है.",,hi,8/10/26 14:56,8/14/26 11:13,Bageshwar,,,,0
1900aacd7f843a2eecffd78b928a90a213f3d126,https://www.livemint.com/focus/uttarakhand-cm-dhami-says-students-suggestions-will-be-considered-in-government-policies-11786369870929.html,https://livemint.com/focus/uttarakhand-cm-dhami-says-students-suggestions-will-be-considered-in-government-policies-11786369870929.html,gnews_uttarakhand_en,livemint.com,gnews,Uttarakhand CM Dhami says students’ suggestions will be considered in government policies,Uttarakhand CM Dhami says students’ suggestions will be considered in government policies  livemint.com,"Uttarakhand Chief Minister Pushkar Singh Dhami on Monday said suggestions and ideas put forward by school students would be considered for inclusion in government policies, as he interacted with students from across the state under the Chief Minister Yuva Vidyarthi Manthan programme.

Dhami also launched the “Chief Minister Yuva Vidyarthi Manthan” portal and an essay competition on “My Dream Uttarakhand: My Vision for a Developed State”. The information was contained in a Uttarakhand government press release.

More than three lakh students of Classes 11 and 12 from 2,828 government and private schools participated virtually in the programme, according to the release.

Students raise issues around sports, education and environment

During the interaction, students suggested increasing opportunities for sports and holding sports periods four days a week in schools. They also spoke about strengthening higher education in the state, promoting tourism and giving priority to environmental protection alongside development, according to the government.

Dhami noted the suggestions and directed officials to prepare an action plan based on them. He said the suggestions made by students would also be considered in government policies.

The chief minister told students that they would be among those leading Uttarakhand and the country in the future. He advised them to focus on understanding subjects rather than concentrating only on examination marks and encouraged them to approach studies as a means of building their future.

Dhami also spoke about the use of artificial intelligence. According to the release, he advised students to first use their own judgement, reasoning and thinking abilities and seek guidance from teachers before turning to AI when required. He said technology should support, rather than replace, their ability to think and learn.

140 students to receive support for competitive exams

The essay competition launched under the programme will be based on the theme of a developed Uttarakhand and students’ vision for the state.

The government will honour 140 students who perform best in the competition, the release said. For the selected students, the state government will bear the cost of coaching for competitive examinations including NEET, JEE, CLAT and SAT, along with other necessary fees.

Dhami also spoke about the importance of sports alongside academics and referred to the state’s existing Mukhyamantri Udyaman Khiladi Unnayan Yojana.

Separately, the chief minister held a virtual meeting with district magistrates to review the monsoon situation, Char Dham and Kanwar yatras, disaster management, road conditions and other administrative matters.

Dhami sets October 15 deadline for pothole-free roads

During the meeting, Dhami directed officials to keep the disaster-management system on alert during the monsoon and ensure that officials remain accessible. District magistrates were asked to prepare details of roads damaged by heavy rain, blocked routes and problems with drainage systems.

The chief minister directed officials to begin a state-wide campaign to make roads pothole-free after the monsoon and prepare district-level action plans for the work. He set October 15 as the deadline for making all roads in the state pothole-free.

Dhami also directed officials to accelerate “Jan-jan ki Sarkar, Jan-jan ke Dwar” camps after the monsoon in areas where they have not yet been held. He asked officials to regularly review the 1905 Chief Minister Helpline and speed up verification drives for government schemes.

Officials were also directed to identify ineligible beneficiaries under schemes including ration cards and Ayushman cards and take action according to rules.

The chief minister further directed officials to identify roads under the Pradhan Mantri Gram Sadak Yojana that have completed five years and are in poor condition, assess their condition and prepare plans for resurfacing and improvement.",en,8/10/26 13:52,8/14/26 11:20,,investigation_justice|environment_disaster|health_education|tourism_religion,chief minister|dhami|uttarakhand|uttarakhand government,newspaper4k,594
2eb33d35dc7382cb36abf2d0939ba815de8d92c2,https://www.hindustantimes.com/genesis/cm-dhami-says-students-suggestions-will-be-considered-in-uttarakhand-government-policies-101786369519117.html,https://hindustantimes.com/genesis/cm-dhami-says-students-suggestions-will-be-considered-in-uttarakhand-government-policies-101786369519117.html,gnews_uttarakhand_en,Hindustan Times,gnews,CM Dhami says students’ suggestions will be considered in Uttarakhand government policies | Hindustan Times,CM Dhami says students’ suggestions will be considered in Uttarakhand government policies | Hindustan Times  Hindustan Times,"CM Dhami says students’ suggestions will be considered in Uttarakhand government policies
CM Dhami pledges to integrate school students' suggestions into Uttarakhand's government policies during the Yuva Vidyarthi Manthan program.
Uttarakhand Chief Minister Pushkar Singh Dhami on Monday said suggestions made by school students would be considered while framing government policies, during an interaction with students as part of the Chief Minister Yuva Vidyarthi Manthan programme.
Dhami also launched the “Chief Minister Yuva Vidyarthi Manthan” portal and an essay competition for school students on the theme “My Dream Uttarakhand: My Vision for a Developed State”.
According to the Uttarakhand government’s press release, more than three lakh students of Classes 11 and 12 from 2,828 government and private schools participated virtually in the programme.
140 students to be awarded
During the interaction, students raised issues and made suggestions related to promoting sports, increasing the number of sports periods in schools, expanding opportunities available to students, strengthening higher education in Uttarakhand, promoting tourism and balancing development with environmental protection.
The chief minister noted the suggestions and directed officials to prepare an action plan based on them, the press release said.
The state government will honour 140 students who perform best in the essay competition. According to the release, the government will also bear the cost of coaching for competitive examinations such as NEET, JEE, CLAT and SAT, along with other necessary fees, for the selected students.
Dhami told students that they would have to play a role in the future leadership of Uttarakhand and the country. He also advised them to focus on understanding subjects rather than only marks and to use artificial intelligence after applying their own judgement and thinking.
Separately, Dhami held a virtual meeting with district magistrates from his residence to review the monsoon situation, Char Dham and Kanwar yatras, disaster management and other issues.
He directed officials to keep disaster-management systems on alert during the monsoon and prepare details of roads damaged by heavy rain, blocked routes and drainage problems.
Roads to be pothole-free by October 15
Dhami directed district magistrates to prepare action plans for repairing damaged roads and drainage systems after the monsoon. He set October 15 as the deadline for making roads across the state pothole-free.
He also directed officials to accelerate “Jan-jan ki Sarkar, Jan-jan ke Dwar” camps after the monsoon, review the 1905 Chief Minister Helpline, speed up verification drives for government schemes and identify ineligible beneficiaries of schemes including ration cards and Ayushman cards.
The chief minister also asked officials to identify poorly maintained roads under the Pradhan Mantri Gram Sadak Yojana that have completed five years and prepare plans for their repair or resurfacing.",en,8/10/26 13:46,8/14/26 11:19,,investigation_justice|environment_disaster|health_education|tourism_religion,chief minister|dhami|uttarakhand|uttarakhand government,trafilatura,443
9f679fd9a2a43ac2a34f16a5f25f0e67103bdf08,https://hindi.news18.com/news/uttar-pradesh/meerut-kanwar-yatra-2026-news-live-meerut-haridwar-sawan-somvar-shiv-mandir-jal-police-haridwar-uttarakhand-livenews-local18-10734513.html,https://hindi.news18.com/news/uttar-pradesh/meerut-kanwar-yatra-2026-news-live-meerut-haridwar-sawan-somvar-shiv-mandir-jal-police-haridwar-uttarakhand-livenews-local18-10734513.html,news18_hindi_uttarakhand,News18 Hindi,rss,"Kanwar Yatra News Live: कांवड़ियों से भरी पिकअप बीच सड़क पर पलटी, कासगंज में दो की मौत",Kanwar Yatra 2026: सावन के दूसरे सोमवार पर तमाम शहरों के शिवमंदिरों में कांवड़ियों के साथ-साथ अन्य श्रद्धालु भी जल चढ़ाने के लिए सुबह से ही पहुंच रहे हैं. वहीं इस पर्व को देखते हुए जगह-जगह भारी सुरक्षा की तैनाती की गई है. कांवड़ियों की सुविधाओं का भी प्रशासन द्वारा ख्याल रखा जा रहा है.,,hi,8/10/26 13:44,8/14/26 11:13,,tourism_religion,,,0
051bb0e6c01afcae2d7d9fb890fee0c9546be923,https://www.bhaskar.com/local/uttarakhand/dehradun/rishikesh/news/uttarakhand-bjp-yuva-samvad-program-dhami-government-youth-poll-2027-138687991.html,https://bhaskar.com/local/uttarakhand/dehradun/rishikesh/news/uttarakhand-bjp-yuva-samvad-program-dhami-government-youth-poll-2027-138687991.html,gnews_dhami_govt,Dainik Bhaskar,gnews,"भाजपा 2027चुनाव से पहले युवाओं में पकड़ मजबूत कर रही: प्रदेश महामंत्री परिहार बोले, धामी सरकार युवा सोच के ...","भाजपा 2027चुनाव से पहले युवाओं में पकड़ मजबूत कर रही: प्रदेश महामंत्री परिहार बोले, धामी सरकार युवा सोच के ...  Dainik Bhaskar","- Hindi News
- Local
- Uttarakhand
- Dehradun
- Rishikesh
- Uttarakhand BJP Yuva Samvad | Dhami Government Youth Engagement Strategy
भाजपा 2027चुनाव से पहले युवाओं में पकड़ मजबूत कर रही:प्रदेश महामंत्री परिहार बोले, धामी सरकार युवा सोच के साथ काम कर रही
- कॉपी लिंक
देहरादून। उत्तराखंड में भाजपा ने 2027 के विधानसभा चुनावों से पहले युवाओं के बीच अपनी पकड़ मजबूत करने के प्रयास तेज कर दिए हैं। प्रदेश भाजपा लगातार 'युवा संवाद' कार्यक्रम आयोजित कर रही है। इन कार्यक्रमों के माध्यम से पार्टी युवाओं को अपनी विचारधारा और
इस बीच, कांग्रेस ने भाजपा के 'युवा संवाद' कार्यक्रमों पर सवाल उठाए हैं। कांग्रेस का आरोप है कि भाजपा को चुनाव नजदीक आने पर ही युवाओं की याद आती है। विपक्ष ने यह भी कहा कि प्रदेश में भाजपा सरकार के कार्यकाल के दौरान युवाओं के हितों और रोजगार से संबंधित मुद्दों पर पर्याप्त ध्यान नहीं दिया गया।
कांग्रेस के इन आरोपों पर भाजपा प्रदेश महामंत्री कुंदन परिहार ने पलटवार किया। उन्होंने कहा कि कांग्रेस ने लंबे समय तक देश और प्रदेश में शासन किया, लेकिन युवाओं के हितों को प्राथमिकता नहीं दी। परिहार ने आरोप लगाया कि कांग्रेस ने युवाओं को योजनाओं का पर्याप्त लाभ नहीं दिया और उनके भविष्य के साथ खिलवाड़ किया।
भाजपा प्रदेश महामंत्री परिहार ने आगे कहा कि मुख्यमंत्री पुष्कर सिंह धामी के नेतृत्व में उत्तराखंड सरकार युवा सोच के साथ काम कर रही है। उन्होंने बताया कि मुख्यमंत्री स्वयं युवा हैं और युवाओं की समस्याओं तथा अपेक्षाओं को बेहतर ढंग से समझते हैं। सरकार की नीतियों में युवाओं को आगे बढ़ाने और उन्हें अवसर प्रदान करने पर विशेष बल दिया जा रहा है।
परिहार के अनुसार, प्रदेशभर में आयोजित हो रहे 'युवा संवाद' कार्यक्रमों में बड़ी संख्या में युवा स्वतः पहुंच रहे हैं। उन्होंने बताया कि कई स्थानों पर सैकड़ों युवा इन कार्यक्रमों में शामिल होकर भाजपा की नीतियों को समझ रहे हैं। परिहार ने दावा किया कि युवाओं की यह सक्रिय भागीदारी इस बात का संकेत है कि प्रदेश का युवा भाजपा के साथ है।",hi,8/10/26 13:30,8/14/26 10:14,Dehradun,protest_agitation|politics_governance,dhami|uttarakhand|उत्तराखंड|उत्तराखंड सरकार|धामी|पुष्कर सिंह धामी|मुख्यमंत्री|विधानसभा,trafilatura,334
523bb726da7222ee8c9700120e4c12be379ba08f,https://www.jagran.com/uttarakhand/dehradun-city-cm-dhami-uttarakhand-women-empowered-driving-state-growth-40336158.html,https://jagran.com/uttarakhand/dehradun-city-cm-dhami-uttarakhand-women-empowered-driving-state-growth-40336158.html,gnews_dhami_govt,jagran.com,gnews,"स्वयं सहायता समूहों, कौशल विकास से बदल रही उत्तराखंड की महिलाओं की तस्वीर...महिला संवाद कार्यक्रम में बोले सीएम धामी - cm dhami uttarakhand women empowered driving state growth","स्वयं सहायता समूहों, कौशल विकास से बदल रही उत्तराखंड की महिलाओं की तस्वीर...महिला संवाद कार्यक्रम में बोले सीएम धामी - cm dhami uttarakhand women empowered driving state growth  jagran.com","स्वयं सहायता समूहों, कौशल विकास से बदल रही उत्तराखंड की महिलाओं की तस्वीर...महिला संवाद कार्यक्रम में बोले सीएम धामी
मुख्यमंत्री धामी ने देहरादून के भाऊवाला में तीज उत्सव पर महिला संवाद कार्यक्रम में भाग लिया, जहां उन्होंने विभिन्न क्षेत्रों में योगदान देने वाली महिल ...और पढ़ें
HighLights
- मुख्यमंत्री धामी ने देहरादून में तीज उत्सव पर महिला संवाद किया।
- उत्तराखंड की मातृशक्ति राज्य विकास में महत्वपूर्ण भूमिका निभा रही।
- सरकार महिलाओं को आत्मनिर्भर बनाने हेतु अनेक योजनाएं चला रही।
जागरण संवाददाता, देहरादून। मुख्यमंत्री पुष्कर सिंह धामी ने आज देहरादून के भाऊवाला में तीज उत्सव के अवसर पर आयोजित महिला संवाद कार्यक्रम में प्रतिभाग किया। इस अवसर पर उन्होंने विभिन्न क्षेत्रों में उल्लेखनीय योगदान देने वाली महिलाओं को सम्मानित किया तथा बड़ी संख्या में उपस्थित मातृशक्ति से आत्मीय संवाद स्थापित करते हुए उनके विचार, सुझाव और अपेक्षाएं सुनीं।
मुख्यमंत्री ने कार्यक्रम में उपस्थित महिलाओं से खुलकर संवाद करने का आग्रह करते हुए कहा कि सरकार की नीतियां तभी अधिक प्रभावी बनती हैं जब उनमें जनता की आवाज और अनुभव शामिल होते हैं। उन्होंने विश्वास व्यक्त किया कि उत्तराखंड की मातृशक्ति आने वाले समय में भी राज्य के विकास और समृद्धि की सबसे बड़ी शक्ति बनेगी तथा ‘सशक्त नारी–समृद्ध उत्तराखंड’ का संकल्प साकार करने में महत्वपूर्ण भूमिका निभाएगी। मुख्यमंत्री ने सभी महिलाओं को तीज पर्व और स्वतंत्रता दिवस की अग्रिम शुभकामनाएं देते हुए उनके स्नेह, विश्वास और आशीर्वाद के प्रति आभार व्यक्त किया।
मुख्यमंत्री ने कहा कि उत्तराखंड की वास्तविक शक्ति उसकी मातृशक्ति है, जिसने कठिन परिस्थितियों में परिवार, समाज और राज्य को नई दिशा देने का कार्य किया है। उन्होंने कहा कि उत्तराखंड राज्य निर्माण के संघर्ष से लेकर आज के विकास यात्रा तक महिलाओं की भूमिका सदैव प्रेरणादायी रही है।
मुख्यमंत्री ने कहा कि आज प्रदेश की महिलाएं केवल घरेलू दायित्वों तक सीमित नहीं हैं, बल्कि स्वयं सहायता समूहों, स्वरोजगार, स्थानीय उत्पादों, कृषि, बागवानी, होमस्टे, उद्यमिता और तकनीक आधारित गतिविधियों के माध्यम से आत्मनिर्भरता की नई मिसाल प्रस्तुत कर रही हैं। उन्होंने कहा कि सरकार का उद्देश्य महिलाओं को केवल योजनाओं का लाभ देना नहीं, बल्कि उन्हें अवसर, सम्मान, नेतृत्व और निर्णय लेने की क्षमता प्रदान करना है।
खबरें और भी
मुख्यमंत्री ने कहा कि प्रधानमंत्री नरेंद्र मोदी के नेतृत्व में महिला सशक्तिकरण को नई गति मिली है। उज्ज्वला योजना, मातृ वंदना योजना, बेटी बचाओ-बेटी पढ़ाओ, सुकन्या समृद्धि योजना, मुद्रा योजना, स्टैंड-अप इंडिया, स्वयं सहायता समूहों को वित्तीय सहायता, लखपति दीदी योजना, मिशन शक्ति, वन स्टॉप सेंटर और महिला हेल्पलाइन जैसी अनेक पहलों ने महिलाओं के जीवन में व्यापक सकारात्मक परिवर्तन लाया है।उन्होंने कहा कि इन योजनाओं का मूल उद्देश्य महिलाओं को विकास की सहभागी और देश की आर्थिक शक्ति के रूप में स्थापित करना है।
मुख्यमंत्री ने कहा कि राज्य सरकार भी महिलाओं की शिक्षा, स्वरोजगार, कौशल विकास, आजीविका, स्वास्थ्य और सुरक्षा के क्षेत्र में निरंतर कार्य कर रही है। उन्होंने कहा कि सरकारी नौकरियों में महिलाओं को 30 प्रतिशत तथा सहकारी समितियों में 33 प्रतिशत क्षैतिज आरक्षण प्रदान किया गया है।
एकल महिला स्वरोजगार योजना, मुख्यमंत्री महिला सतत आजीविका योजना, मुख्यमंत्री स्वरोजगार योजना और लखपति दीदी योजना के माध्यम से हजारों महिलाओं को रोजगार एवं स्वरोजगार से जोड़ा गया है। उन्होंने बताया कि प्रदेश में 2.65 लाख से अधिक महिलाएं ‘लखपति दीदी’ बन चुकी हैं और लाखों महिलाएं स्वयं सहायता समूहों के माध्यम से आत्मनिर्भरता की नई कहानी लिख रही हैं।
मुख्यमंत्री ने कहा कि महिलाओं के उत्पादों को व्यापक बाजार उपलब्ध कराने के लिए ‘हाउस ऑफ हिमालयाज’ जैसे मंच विकसित किए जा रहे हैं, जबकि ‘ड्रोन दीदी’, ‘सोलर सखी’ और ‘महिला सारथी’ जैसी योजनाओं के माध्यम से उन्हें आधुनिक तकनीक और नए आर्थिक अवसरों से जोड़ा जा रहा है।
मुख्यमंत्री ने कहा कि मातृशक्ति के स्वास्थ्य और सम्मान को सरकार सर्वोच्च प्राथमिकता दे रही है। ईजा-बोई शगुन, महालक्ष्मी किट, पोषण योजनाएं, आंगनबाड़ी एवं आशा कार्यकत्रियों के मानदेय में वृद्धि, नंदा गौरा योजना, वृद्धावस्था पेंशन, विधवा पेंशन तथा वरिष्ठ नागरिकों के लिए निःशुल्क धार्मिक यात्रा जैसी पहलें इसी प्रतिबद्धता का प्रमाण हैं। उन्होंने कहा कि सरकार का लक्ष्य महिलाओं को आत्मनिर्भर, सम्मानित और सशक्त नागरिक के रूप में स्थापित करना है।
इस अवसर पर विधायक सहदेव सिंह पुंडीर सहित अनेक जनप्रतिनिधि, महिला स्वयं सहायता समूहों की सदस्याएं, विभिन्न क्षेत्रों की उत्कृष्ट महिलाएं, सामाजिक कार्यकर्ता एवं बड़ी संख्या में स्थानीय नागरिक उपस्थित रहे।",hi,8/10/26 13:12,8/14/26 11:17,Dehradun,health_education|politics_governance,dhami|uttarakhand|उत्तराखंड|धामी|पुष्कर सिंह धामी|मुख्यमंत्री|राज्य सरकार,trafilatura,696
f9435613bd2490f7176bccccf2684c9a68c152db,https://hindi.news18.com/news/uttarakhand/bageshwar-ground-report-disaster-victims-gairtok-temporary-shelters-one-year-local18-10736514.html,https://hindi.news18.com/news/uttarakhand/bageshwar-ground-report-disaster-victims-gairtok-temporary-shelters-one-year-local18-10736514.html,news18_hindi_uttarakhand,News18 Hindi,rss,"Ground Report : इधर मकान बन रहा, उधर पड़ रही दरारें...बागेश्वर के गैरतोक में ये कैसी आफत? भटक रहे 7 परिवार",Ground Report Bageshwar : बागेश्वर के गैरतोक में पिछले साल आई प्राकृतिक आपदा के बाद से सात परिवार आज भी अस्थायी ठिकानों में रह रहे हैं. नए मकानों में भी दरारें आने से निर्माण कार्य रोक दिया गया. इससे उनकी मुश्किलें और बढ़ गई हैं. मकान जब 50 प्रतिशत से अधिक बनकर तैयार हो गए तो दीवारों में फिर से दरारें दिखाई देने लगीं. खेती-किसानी और पशुपालन के सहारे जीवन यापन करने वाले ग्रामीण अब आर्थिक संकट से जूझ रहे हैं. राहत शिविरों से दूर होने की वजह से खेतों में बची फसल को जंगली जानवरों से बचाना मुश्किल हो रहा है. प्रभावितों का कहना है कि एक साल से अस्थायी ठिकानों में रहने से उनकी पूरी जीवनशैली बदल गई है.,,hi,8/10/26 12:12,8/14/26 11:13,Bageshwar,environment_disaster,,,0
0b3d989c3717b19813cb0408b4d73fd565f75dea,https://hindi.news18.com/news/uttarakhand/dehradun-monsoon-outfits-for-women-cotton-kurti-crop-top-coord-sets-budget-fashion-shopping-in-doon-local18-10736689.html,https://hindi.news18.com/news/uttarakhand/dehradun-monsoon-outfits-for-women-cotton-kurti-crop-top-coord-sets-budget-fashion-shopping-in-doon-local18-10736689.html,news18_hindi_uttarakhand,News18 Hindi,rss,Monsoon Outfits: बारिश में भी दिखना है स्टाइलिश? देहरादून के पलटन बाजार में ₹300-500 में मिल रहे ट्रेंडी आउटफिट्स,"Monsoon Outfits for Girls: देहरादून में बारिश के साथ बढ़ी उमस ने इस बार फैशन का ट्रेंड भी बदल दिया है. कॉलेज से लेकर ऑफिस जाने वाली लड़कियां अब ऐसे कपड़े पसंद कर रही हैं, जो दिखने में स्टाइलिश हों और पहनने के बाद गर्मी-उमस में परेशानी भी न हो. पलटन बाजार में इन दिनों हल्के फैब्रिक और नए डिजाइन वाले आउटफिट्स की अच्छी डिमांड देखने को मिल रही है. खास बात यह है कि मानसून के हिसाब से पसंद किए जा रहे कई ट्रेंडी कपड़े बजट में भी मिल रहे हैं.",,hi,8/10/26 12:05,8/14/26 11:13,Dehradun,,,,0
f63cdbafa3e591531dac8bb374d0ae68f7fd6aa0,https://hindi.news18.com/news/uttarakhand/nainital-monsoon-marathon-is-set-to-be-held-in-nainital-reward-know-date-local18-10736329.html,https://hindi.news18.com/news/uttarakhand/nainital-monsoon-marathon-is-set-to-be-held-in-nainital-reward-know-date-local18-10736329.html,news18_hindi_uttarakhand,News18 Hindi,rss,"30 अगस्त को दौड़ेगा नैनीताल, जीतने वाले का मिलेगा लाखों का इनाम, आप भी ऐसे ले सकते हैं हिस्सा",Nainital News: नैनीताल में एक बार फिर मानसून माउंट मैराथन का आयोजन होने वाला है. प्रतियोगिता में देश के अलग-अलग राज्यों से धावकों के पहुंचने की उम्मीद है. इस बार विजेताओं के लिए कुल 5.5 लाख रुपये की पुरस्कार राशि रखी गई है.,,hi,8/10/26 10:33,8/14/26 11:13,Nainital,,,,0
165f5e3c15700dda7b88208712f32219e99e217f,https://hindi.news18.com/news/uttarakhand/nainital-nirmal-pandey-nainital-acting-journey-bandit-queen-dayra-nsd-theatre-local18-10735828.html,https://hindi.news18.com/news/uttarakhand/nainital-nirmal-pandey-nainital-acting-journey-bandit-queen-dayra-nsd-theatre-local18-10735828.html,news18_hindi_uttarakhand,News18 Hindi,rss,"नैनीताल का वो सितारा जिसने सरकारी नौकरी छोड़ रंगमंच से बॉलीवुड तक का सफर किया तय, 40 देशों में बनाई पहचान, जानें कौन थे निर्मल पांडे?","Who is Actor Nirmal Pandey: नैनीताल की रंगमंच की दुनिया से निकले अभिनेता निर्मल पांडे ने अपनी मेहनत और अलग तरह के किरदारों से बॉलीवुड के साथ अंतरराष्ट्रीय थिएटर में भी पहचान बनाई. रामलीला के मंच से शुरू हुआ उनका सफर नेशनल स्कूल ऑफ ड्रामा और करीब 40 देशों तक पहुंचा. सरकारी नौकरी छोड़कर अभिनय को करियर बनाने वाले निर्मल पांडे को फिल्म ‘बैंडिट क्वीन’ से खास पहचान मिली, वहीं ‘दायरा’ में उनके किरदार ने उन्हें अंतरराष्ट्रीय सम्मान दिलाया. महज 47 साल की उम्र में दुनिया छोड़ने वाले निर्मल पांडे का पहाड़ में कलाकारों के लिए रिपर्टरी बनाने का सपना अधूरा रह गया, लेकिन उनके अभिनय की छाप आज भी कायम है.",,hi,8/10/26 9:08,8/14/26 11:13,Nainital,recruitment_jobs,,,0
434b2eb509786c2a726dea6157d40122a8a24df5,https://hillmail.in/pauri-colored-in-the-colors-of-patriotism-chants-of-bharat-mata-ki-jai-echoed-with-the-tricolor/,https://hillmail.in/pauri-colored-in-the-colors-of-patriotism-chants-of-bharat-mata-ki-jai-echoed-with-the-tricolor,hill_mail,Hill Mail,rss,"देशभक्ति के रंग में रंगा पौड़ी, तिरंगे के साथ गूंजे भारत माता की जय के जयकारे","पौड़ी, 10 अगस्त 2026। हर घर तिरंगा अभियान-2026 के तहत सोमवार को पौड़ी शहर में भव्य तिरंगा यात्रा निकाली गई। राष्ट्रप्रेम, राष्ट्रीय एकता और अखंडता की भावना को मजबूत करने के उद्देश्य से आयोजित इस यात्रा में विभिन्न विद्यालयों के छात्र-छात्राओं, जनप्रतिनिधियों, युवाओं और स्थानीय लोगों ने उत्साहपूर्वक भाग लिया। हाथों में तिरंगा लेकर सड़कों पर निकले विद्यार्थियों के जोश से पूरा पौड़ी शहर देशभक्ति के रंग में रंगा नजर आया। भारत माता की जय और वंदे मातरम् के जयघोष से शहर का वातावरण गूंज उठा।","पौड़ी, 10 अगस्त 2026। हर घर तिरंगा अभियान-2026 के तहत सोमवार को पौड़ी शहर में भव्य तिरंगा यात्रा निकाली गई। राष्ट्रप्रेम, राष्ट्रीय एकता और अखंडता की भावना को मजबूत करने के उद्देश्य से आयोजित इस यात्रा में विभिन्न विद्यालयों के छात्र-छात्राओं, जनप्रतिनिधियों, युवाओं और स्थानीय लोगों ने उत्साहपूर्वक भाग लिया। हाथों में तिरंगा लेकर सड़कों पर निकले विद्यार्थियों के जोश से पूरा पौड़ी शहर देशभक्ति के रंग में रंगा नजर आया। भारत माता की जय और वंदे मातरम् के जयघोष से शहर का वातावरण गूंज उठा।
तिरंगा यात्रा का शुभारंभ डीएवी इंटर कॉलेज से हुआ। यहां से यात्रा माल रोड, बस स्टेशन होते हुए धारा रोड पहुंची और इसके बाद रामलीला मैदान में पहुंचकर यात्रा का समापन किया गया। विभिन्न विद्यालयों के छात्र-छात्राएं हाथों में राष्ट्रीय ध्वज लेकर अनुशासनबद्ध तरीके से यात्रा में शामिल हुए। विद्यार्थियों के उत्साह और देशभक्ति से लोगों में भी राष्ट्रप्रेम की भावना देखने को मिली। यात्रा के मार्ग में स्थानीय नागरिकों ने भी तिरंगा यात्रा का स्वागत किया।
यात्रा के दौरान शहर के प्रमुख मार्ग देशभक्ति के नारों से गूंजते रहे। विद्यार्थियों ने भारत माता की जय और वंदे मातरम् के जयकारे लगाकर राष्ट्रीय एकता और अखंडता का संदेश दिया। बड़ी संख्या में विद्यार्थियों की भागीदारी के कारण तिरंगा यात्रा का स्वरूप बेहद भव्य और आकर्षक नजर आया। यात्रा ने आम लोगों को भी स्वतंत्रता दिवस के अवसर पर अपने घरों में तिरंगा फहराने के लिए प्रेरित किया।
इस अवसर पर कैबिनेट मंत्री डॉ. धन सिंह रावत ने कहा कि तिरंगा देश की आन, बान और शान का प्रतीक है। इसमें देश का गौरव, त्याग, संघर्ष और वीरता की भावना समाहित है। उन्होंने कहा कि हर घर तिरंगा अभियान देशवासियों को राष्ट्रप्रेम और राष्ट्रीय एकता से जोड़ने का महत्वपूर्ण माध्यम है।
डॉ. रावत ने प्रदेशवासियों से स्वतंत्रता दिवस के अवसर पर अपने-अपने घरों पर तिरंगा फहराने की अपील की। उन्होंने कहा कि राष्ट्रीय ध्वज के प्रति सम्मान व्यक्त करना प्रत्येक नागरिक के लिए गर्व का विषय है। उन्होंने युवाओं से राष्ट्र निर्माण में सक्रिय भूमिका निभाने तथा देश की एकता और अखंडता को और मजबूत करने का आह्वान किया। उन्होंने कहा कि तिरंगा यात्रा जैसे आयोजन समाज को एकता के सूत्र में बांधने के साथ ही युवा पीढ़ी में देशभक्ति और राष्ट्रसेवा की भावना को मजबूत करते हैं।
उन्होंने बताया कि प्रदेशभर में हर घर तिरंगा अभियान 9 अगस्त से 17 अगस्त 2026 तक आयोजित किया जा रहा है। अभियान के माध्यम से अधिक से अधिक लोगों को राष्ट्रीय ध्वज के प्रति सम्मान और देश के प्रति जिम्मेदारी की भावना से जोड़ने का प्रयास किया जा रहा है।
इसी क्रम में विकासखंड पाबौ में भी भव्य तिरंगा यात्रा निकाली गई। इसमें कैबिनेट मंत्री डॉ. धन सिंह रावत सहित बड़ी संख्या में स्थानीय लोगों, जनप्रतिनिधियों और युवाओं ने भाग लिया। हाथों में तिरंगा लेकर भारत माता के जयकारे लगाते हुए लोगों ने राष्ट्रप्रेम का संदेश दिया। क्षेत्र में भी देशभक्ति का माहौल देखने को मिला। लोगों ने अभियान को सफल बनाने और स्वतंत्रता दिवस के अवसर पर घर-घर तिरंगा फहराने का संकल्प लिया।
इस अवसर पर पूर्व मुख्यमंत्री तीरथ सिंह रावत, स्थानीय विधायक राजकुमार पोरी, ब्लॉक प्रमुख अस्मिता नेगी, पूर्व विधायक मुकेश कोली, पूर्व नगर पालिका अध्यक्ष यशपाल बेनाम, मुख्य शिक्षाधिकारी अत्रेश सयाना, तहसीलदार राजेंद्र गोस्वामी, खंड शिक्षाधिकारी मास्टर आदर्श, खेल समन्वयक योगम्बर नेगी सहित विभिन्न विद्यालयों के छात्र-छात्राएं, शिक्षक, जनप्रतिनिधि और स्थानीय नागरिक मौजूद रहे।",hi,8/10/26 7:49,8/14/26 11:13,Pauri Garhwal,protest_agitation|infrastructure|health_education|politics_governance,कैबिनेट मंत्री|मुख्यमंत्री,trafilatura,550
241b7c643896ace9df08a5ba4b404b90489525cb,https://www.etvbharat.com/hi/sports/divyansh-of-rudraprayag-won-gold-medal-in-the-24th-uttarakhand-shooting-competition-uts26081002043,https://etvbharat.com/hi/sports/divyansh-of-rudraprayag-won-gold-medal-in-the-24th-uttarakhand-shooting-competition-uts26081002043,gnews_protest_youth,ETV Bharat,gnews,"24वीं उत्तराखंड शूटिंग प्रतियोगिता में रुद्रप्रयाग के दिव्यांश ने जीता गोल्ड मेडल, पिता यूपी पुलिस में हैं डीएसपी","24वीं उत्तराखंड शूटिंग प्रतियोगिता में रुद्रप्रयाग के दिव्यांश ने जीता गोल्ड मेडल, पिता यूपी पुलिस में हैं डीएसपी  ETV Bharat","24वीं उत्तराखंड शूटिंग प्रतियोगिता में रुद्रप्रयाग के दिव्यांश ने जीता गोल्ड मेडल, पिता यूपी पुलिस में हैं डीएसपी
क्षेत्रवासियों और परिजनों ने दिव्यांश को उनकी शानदार सफलता पर बधाई देते हुए उज्ज्वल भविष्य की शुभकामनाएं दी हैं
रुद्रप्रयाग: जिले के तूना बोंठा निवासी युवा निशानेबाज दिव्यांश कप्रवाण ने देहरादून में आयोजित 24वीं उत्तराखंड शूटिंग प्रतियोगिता में शानदार प्रदर्शन करते हुए स्वर्ण पदक अपने नाम किया है. प्रतियोगिता में दिव्यांश ने बेहतरीन निशानेबाजी और सटीक लक्ष्य साधने की क्षमता का प्रदर्शन करते हुए गोल्ड मेडल हासिल किया. उनकी इस उपलब्धि से परिवार, गांव और पूरे रुद्रप्रयाग जिले में खुशी की लहर है. क्षेत्रवासियों और परिजनों ने दिव्यांश को उनकी शानदार सफलता पर बधाई देते हुए उज्ज्वल भविष्य की शुभकामनाएं दी हैं.
शूटिंग में दिव्यांश कप्रवाण ने साधा सोना पर निशाना: दिव्यांश की इस उपलब्धि को क्षेत्र के लिए गौरव का विषय माना जा रहा है. छोटे से गांव से निकलकर शूटिंग जैसे खेल में राज्य स्तरीय प्रतियोगिता में स्वर्ण पदक हासिल करना उनकी मेहनत, लगन और प्रतिभा को दर्शाता है. उनकी सफलता से न केवल परिवार और गांव, बल्कि रुद्रप्रयाग जिले का भी नाम रोशन हुआ है. क्षेत्रवासियों ने उम्मीद जताई कि दिव्यांश आने वाले समय में राष्ट्रीय और अंतरराष्ट्रीय स्तर की प्रतियोगिताओं में भी अपनी प्रतिभा का शानदार प्रदर्शन कर जिले और उत्तराखंड का नाम रोशन करेंगे.
दिव्यांश ने रुद्रप्रयाग का नाम किया रोशन: दिव्यांश के पिता अनिल कप्रवाण उत्तर प्रदेश पुलिस में डीएसपी के पद पर तैनात हैं. वहीं, उनके चाचा अरुण कप्रवाण सहित परिजनों और शुभचिंतकों ने दिव्यांश की उपलब्धि पर खुशी जताते हुए उन्हें बधाई दी. चाचा अरुण कप्रवाण ने कहा कि दिव्यांश ने अपनी मेहनत, एकाग्रता और लगन के बल पर यह उपलब्धि हासिल की है. उन्होंने विश्वास जताया कि दिव्यांश भविष्य में भी इसी तरह बेहतर प्रदर्शन करते हुए बड़ी प्रतियोगिताओं में सफलता हासिल करेंगे.
दिव्यांश की स्वर्णिम सफलता से इलाके में खुशी: दिव्यांश की इस सफलता को क्षेत्र के युवाओं के लिए प्रेरणादायी बताते हुए ग्रामीणों ने कहा कि खेल प्रतिभाओं को उचित अवसर और प्रोत्साहन मिले तो पहाड़ के युवा राष्ट्रीय और अंतरराष्ट्रीय स्तर पर अपनी पहचान बना सकते हैं. दिव्यांश की स्वर्णिम सफलता से क्षेत्र में उत्साह का माहौल है और लोगों को उनसे भविष्य में बड़ी उपलब्धियों की उम्मीद है.
गौरतलब है कि 24वीं उत्तराखंड स्टेट शूटिंग चैंपियनशिप 2 से 8 अगस्त 2026 तक देहरादून के पौंधा स्थित जसपाल राणा इंस्टीट्यूट ऑफ शूटिंग स्पोर्ट्स परिसर में संपन्न हुई थी. इसमें 2000 से अधिक निशानेबाजों ने हिस्सा लिया था. 
ये भी पढ़ें: उत्तराखंड की बेटी आरती ने अंतरराष्ट्रीय गोल्डन बेल्ट टूर्नामेंट में जीता गोल्ड, मेजबान को किया ढेर",hi,8/10/26 6:33,8/14/26 11:18,Dehradun|Rudraprayag,protest_agitation,उत्तराखंड,trafilatura,426
75938b2adfe6b10c47aee7c92fdd2289b600e6f4,https://www.jagran.com/news/job-ukpsc-tax-revenue-inspector-2026-opportunity-to-apply-for-uttarakhand-tax-and-revenue-inspector-posts-until-august-18-apply-soon-40335716.html,https://jagran.com/news/job-ukpsc-tax-revenue-inspector-2026-opportunity-to-apply-for-uttarakhand-tax-and-revenue-inspector-posts-until-august-18-apply-soon-40335716.html,gnews_uksssc,Jagran,gnews,"UKPSC Tax Revenue Inspector 2026: उत्तराखंड कर व राजस्व निरीक्षक पदों के लिए 18 अगस्त तक आवेदन का मौका, जल्द करें अप्लाई - ukpsc tax revenue inspector 2026 opportunity to apply for uttarakhand tax and revenue inspector post","UKPSC Tax Revenue Inspector 2026: उत्तराखंड कर व राजस्व निरीक्षक पदों के लिए 18 अगस्त तक आवेदन का मौका, जल्द करें अप्लाई - ukpsc tax revenue inspector 2026 opportunity to apply for uttarakhand tax and revenue inspector post  Jagran","UKPSC Tax Revenue Inspector 2026: उत्तराखंड कर व राजस्व निरीक्षक पदों के लिए 18 अगस्त तक आवेदन का मौका, जल्द करें अप्लाई
उत्तराखंड कर व राजस्व निरीक्षक भर्ती के लिए आवेदन की लास्ट डेट 18 अगस्त तक बढ़ाई गई है। ग्रेजुएट युवा इस भर्ती में शामिल होने के लिए आवेदन के लिए पात्र ...और पढ़ें
HighLights
- उत्तराखंड टैक्स एवं रेवेन्यू ऑफिसर भर्ती के लिए आवेदन की लास्ट डेट एक्सटेंड।
- अब 18 अगस्त तक रहेगा आवेदन पत्र भरने का मौका।
जॉब डेस्क, नई दिल्ली। उत्तराखंड पब्लिक सर्विस कमीशन (UKPSC) की ओर से टैक्स रेवेन्यू ऑफिसर भर्ती 2026 के लिए आवेदन की लास्ट डेट को 18 अगस्त तक एक्सटेंड कर दिया गया है। ऐसे में जो उम्मीदवार ग्रेजुएशन उत्तीर्ण हैं और इस भर्ती में शामिल होना चाहते हैं वे ऑनलाइन माध्यम से ऑफिशियल वेबसाइट pscuk.net.in पर जाकर आवेदन प्रक्रिया पूर्ण कर सकते हैं।
पात्रता एवं मापदंड
इस भर्ती में भाग लेने के लिए उम्मीदवार ने मान्यता प्राप्त विश्वविद्यालय/ संस्थान से स्नातक उत्तीर्ण किया हो और साथ ही 1 जुलाई 2026 को ध्यान में रखकर अभ्यर्थी की न्यूनतम आयु 21 वर्ष एवं अधिकतम उम्र 40 साल से ज्यादा न हो। आरक्षित श्रेणी के अभ्यर्थियों को ऊपरी उम्र में नियमानुसार छूट मिलेगी।
एप्लीकेशन फीस
इस भर्ती में आवेदन के लिए जनरल, ओबीसी और ईडब्ल्यूएस वर्ग के अभ्यर्थियों को फीस 166 रुपये जमा करनी होगी। एससी, एसटी (उत्तराखंड के निवासी) के लिए फीस 76.36 रुपये और पीएच के लिए 16.36 रुपये निर्धारित है। उत्तरखंड के अनाथ अभ्यर्थी इस भर्ती के लिए फ्री में आवेदन कर सकते हैं।
एप्लीकेशन प्रॉसेस
आवेदन पत्र निम्नलिखित स्टेप्स में भरा जा सकता है-
- स्टेप 1: रजिस्ट्रेशन एवं पर्सनल डिटेल
- स्टेप 2: एजुकेशनल एवं अन्य डिटेल्स
- स्टेप 3: अपलोड फोटो एन्ड सिग्नेचर
- स्टेप 4: मेक पेमेंट
- स्टेप 5: प्रिंट एप्लीकेशन
UKPSC Tax Revenue Inspector 2026 Application Form 
नोटिफिकेशन डाउनलोड करने के लिए यहां क्लिक करें।
खबरें और भी
भर्ती विवरण
इस भर्ती के माध्यम से कुल 29 रिक्त पदों पर नियुक्तियां की जाएंगी। वर्ग के अनुसार जनरल के लिए 15 पद, ओबेसी के लिए 05 पद, ईडब्ल्यूएस के लिए 04 पद, एसटी के लिए 01 पद और एससी के लिए 04 पद आरक्षित हैं। भर्ती से जुड़ी चयन संबंधित अधिक जानकारी के लिए अभ्यर्थी एक बार ऑफिशियल नोटिफिकेशन का अवलोकन अवश्य कर लें।",hi,8/10/26 6:30,8/14/26 10:14,,recruitment_jobs|health_education,UKPSC|uttarakhand|उत्तराखंड,trafilatura,379
3996c1e13d2f50771b29a436fa4fc49e97fb56db,https://hillmail.in/tilu-rauteli-awards-honorarium-increased-13-women-got-state-level-honor/,https://hillmail.in/tilu-rauteli-awards-honorarium-increased-13-women-got-state-level-honor,hill_mail,Hill Mail,rss,"तीलू रौतेली पुरस्कार की सम्मान राशि बढ़ी, 13 महिलाओं को मिला राज्य स्तरीय सम्मान",उत्तराखंड की वीरांगना तीलू रौतेली की जयंती के अवसर पर राजधानी देहरादून में राज्य स्तरीय तीलू रौतेली पुरस्कार एवं आंगनबाड़ी कार्यकर्ती पुरस्कार वितरण समारोह आयोजित किया गया। कार्यक्रम में मुख्यमंत्री पुष्कर सिंह धामी ने प्रदेश के सभी 13 जिलों से चयनित 13 महिलाओं को प्रतिष्ठित तीलू रौतेली पुरस्कार से सम्मानित किया। इसके साथ ही विभिन्न क्षेत्रों में उत्कृष्ट कार्य करने वाली 35 आंगनबाड़ी कार्यकर्ताओं को भी राज्य स्तरीय पुरस्कार प्रदान किए गए।,"उत्तराखंड की वीरांगना तीलू रौतेली की जयंती के अवसर पर राजधानी देहरादून में राज्य स्तरीय तीलू रौतेली पुरस्कार एवं आंगनबाड़ी कार्यकर्ती पुरस्कार वितरण समारोह आयोजित किया गया। कार्यक्रम में मुख्यमंत्री पुष्कर सिंह धामी ने प्रदेश के सभी 13 जिलों से चयनित 13 महिलाओं को प्रतिष्ठित तीलू रौतेली पुरस्कार से सम्मानित किया। इसके साथ ही विभिन्न क्षेत्रों में उत्कृष्ट कार्य करने वाली 35 आंगनबाड़ी कार्यकर्ताओं को भी राज्य स्तरीय पुरस्कार प्रदान किए गए।
कार्यक्रम के दौरान मुख्यमंत्री पुष्कर सिंह धामी ने महिलाओं और आंगनबाड़ी कार्यकर्ताओं के योगदान को सम्मानित करते हुए महत्वपूर्ण घोषणाएं कीं। उन्होंने तीलू रौतेली पुरस्कार की सम्मान राशि को 51 हजार रुपये से बढ़ाकर 75 हजार रुपये करने की घोषणा की। वहीं, राज्य स्तरीय आंगनबाड़ी कार्यकर्ती पुरस्कार की राशि 51 हजार रुपये से बढ़ाकर 61 हजार रुपये की जाएगी। मुख्यमंत्री ने कहा कि राज्य सरकार प्रदेश की मातृशक्ति और आंगनबाड़ी कार्यकर्ताओं के योगदान को सम्मान देने तथा उन्हें प्रोत्साहित करने के लिए लगातार प्रयास कर रही है।
सीएम धामी ने कहा कि वर्ष 2023 में सरकार ने तीलू रौतेली पुरस्कार की राशि 31 हजार से बढ़ाकर 51 हजार रुपये की थी। इसी दौरान आंगनबाड़ी कार्यकर्ती पुरस्कार की सम्मान राशि भी 21 हजार से बढ़ाकर 51 हजार रुपये की गई थी। अब सरकार ने दोनों पुरस्कारों की राशि में एक बार फिर बढ़ोतरी करने का निर्णय लिया है। उन्होंने कहा कि राज्य की महिलाओं ने शिक्षा, समाज सेवा, खेल, पर्यावरण, संस्कृति, स्वरोजगार सहित विभिन्न क्षेत्रों में उल्लेखनीय योगदान दिया है।
मुख्यमंत्री ने सम्मानित महिलाओं को बधाई देते हुए कहा कि तीलू रौतेली पुरस्कार पाने वाली वीरांगनाओं की उपलब्धियां प्रदेश की अन्य महिलाओं के लिए प्रेरणास्रोत बनेंगी। उन्होंने कहा कि इन महिलाओं की मेहनत, संघर्ष और समर्पण से उत्तराखंड की मातृशक्ति को आगे बढ़ने की प्रेरणा मिलेगी।
13 महिलाओं को मिला तीलू रौतेली पुरस्कार
इस वर्ष अल्मोड़ा की पुष्पा फर्त्याल को संस्कृत एवं कला के क्षेत्र में उत्कृष्ट कार्य के लिए सम्मानित किया गया। बागेश्वर की दया दानू को समाज सेवा के क्षेत्र में पुरस्कार मिला। चमोली की नंदा सती को संगीत के क्षेत्र में योगदान के लिए सम्मानित किया गया।
चंपावत की रितिका बगौली दानू को पर्यावरण संरक्षण एवं शिक्षा के क्षेत्र में कार्य के लिए पुरस्कार दिया गया। देहरादून की नीतू रानी को समाज सेवा, शिक्षा और बहादुरी के लिए सम्मानित किया गया। हरिद्वार की वैशाली शर्मा को समाज सेवा के क्षेत्र में उल्लेखनीय योगदान के लिए पुरस्कार मिला।
नैनीताल की लतिका को खेल के क्षेत्र में उपलब्धियों के लिए तीलू रौतेली पुरस्कार प्रदान किया गया। पौड़ी गढ़वाल की प्रियंका पंत थपलियाल को खेल, समाज सेवा, महिला सशक्तिकरण और स्वरोजगार के क्षेत्र में बेहतर कार्य के लिए सम्मानित किया गया।
पिथौरागढ़ की कलावती देवी को सामाजिक कार्य, रुद्रप्रयाग की दुर्गा देवी को समाज सेवा और टिहरी की सरिता कोठियाल देवी को सामाजिक क्षेत्र में योगदान के लिए पुरस्कार दिया गया। ऊधमसिंह नगर की पुष्पा देवी को दिव्यांग खेल के क्षेत्र में उल्लेखनीय कार्य के लिए सम्मानित किया गया। वहीं उत्तरकाशी की स्वतंत्री बधानी को सामाजिक क्षेत्र में योगदान के लिए तीलू रौतेली पुरस्कार प्रदान किया गया।
कार्यक्रम ने उत्तराखंड की महिलाओं की प्रतिभा, साहस और सामाजिक योगदान को राज्य स्तर पर पहचान देने के साथ यह संदेश भी दिया कि महिला सशक्तिकरण और समाज निर्माण में मातृशक्ति की भूमिका बेहद महत्वपूर्ण है।",hi,8/10/26 6:08,8/14/26 11:13,Dehradun|Haridwar|Nainital|Pauri Garhwal|Tehri Garhwal|Chamoli|Rudraprayag|Uttarkashi|Almora|Pithoragarh|Bageshwar|Champawat,politics_governance,उत्तराखंड|गढ़वाल|धामी|पुष्कर सिंह धामी|मुख्यमंत्री|राज्य सरकार,trafilatura,534
57fde3659de79a2ff28a0fab09e051345af587eb,https://hindi.news18.com/news/uttarakhand/bageshwar-100-year-old-mountain-houses-still-strong-built-without-cement-prepared-know-local18-10734904.html,https://hindi.news18.com/news/uttarakhand/bageshwar-100-year-old-mountain-houses-still-strong-built-without-cement-prepared-know-local18-10734904.html,news18_hindi_uttarakhand,News18 Hindi,rss,"बागेश्वरः बर्फबारी, भूकंप के बाद भी 100 साल मजबूती खड़े रहते हैं पहाड़ के मकान, बिना सीमेंट के होता है निर्माण, जानें मजबूती का राज, जानें",पारंपरिक पहाड़ी मकानों की एक बड़ी खासियत उनकी ढलानदार छत होती थी. छतों पर स्लेट या पत्थर की पट्टियां लगाई जाती थीं. पहाड़ों में बारिश और बर्फबारी को देखते हुए छत को ढलानदार बनाया जाता था. ताकि पानी और बर्फ ज्यादा देर तक जमा न रहे. इससे मकान की दीवारों और छत पर नमी का असर कम होता था. मकान बनाते समय नींव और आसपास की जल निकासी पर भी विशेष ध्यान दिया जाता था.,,hi,8/10/26 4:29,8/14/26 11:13,Bageshwar,environment_disaster,,,0
09b4e4371b1fc39ec6634e3f2eb5c731a0135ca3,https://hindi.news18.com/news/uttarakhand/dehradun-fir-against-assam-regiment-major-and-soldier-for-fight-with-police-10734887.html,https://hindi.news18.com/news/uttarakhand/dehradun-fir-against-assam-regiment-major-and-soldier-for-fight-with-police-10734887.html,news18_hindi_uttarakhand,News18 Hindi,rss,"उत्तराखंड में असम रेजीमेंट के मेजर और 10 जवानों पर मुकदमा, गाड़ी रोकने पर हुआ था विवाद",उत्तराखंड-चीन सीमा पर स्थित देश के पहला गांव माणा में पुलिसवालों के साथ मारपीट करने के मामले में असम रेजीमेंट के 10 जवानों और मेजर के खिलाफ एफआईआर दर्ज की गई है. बताया जा रहा है कि रेजीमेंट के मेजर की गाड़ी को रोकने को लेकर विवाद शुरू हुआ था.,,hi,8/10/26 4:23,8/14/26 11:13,,,उत्तराखंड,,0
b7fd8bd00a526caa3e466b2a6070fd61f9f7e86b,https://hindi.news18.com/news/career/education-schools-closed-today-10-august-2026-school-holiday-updates-rain-alert-jpsc-protest-delhi-up-uttarakhand-ranchi-10734741.html,https://hindi.news18.com/news/career/education-schools-closed-today-10-august-2026-school-holiday-updates-rain-alert-jpsc-protest-delhi-up-uttarakhand-ranchi-10734741.html,news18_hindi_uttarakhand,News18 Hindi,rss,आज स्कूल खुलेंगे या बंद रहेंगे? जानिए दिल्ली-NCR से लेकर यूपी-झारखंड तक का हाल,Schools Closed Today 10 August 2026: देश के कई राज्यों में भारी बारिश और स्टूडेंट प्रोटेस्ट की वजह से सोमवार 10 अगस्त को कई जगह स्कूल बंद रहेंगे. उत्तराखंड के बागेश्वर में कई जिलों में ऑरेंज अलर्ट जारी होने की वजह से स्कूलों में छुट्टी घोषित की गई है. वहीं रांची में जेपीएससी स्टूडेंट्स के प्रदर्शन के चलते कई स्कूल बंद रखे गए हैं.,,hi,8/10/26 2:59,8/14/26 11:13,Bageshwar,protest_agitation|health_education,उत्तराखंड,,0
f880152f8dbaf13e342bdbbd43606b35e5f4d918,https://www.jagran.com/uttarakhand/dehradun-city-bjp-will-stake-its-claim-for-victory-on-the-strength-of-its-current-mlacore-group-meeting-decide-responsibilities-of-the-mla-highlighting-government-achievements-and-resolving-public-problems-40335523.html,https://jagran.com/uttarakhand/dehradun-city-bjp-will-stake-its-claim-for-victory-on-the-strength-of-its-current-mlacore-group-meeting-decide-responsibilities-of-the-mla-highlighting-government-achievements-and-resolving-public-problems-40335523.html,gnews_dhami_govt,jagran.com,gnews,"उत्तराखंड भाजपा का 2027 चुनाव प्लान: CM धामी को 25 सीटों से चुनाव लड़ने का न्योता, मौजूदा विधायकों के दम पर लड़ेगी पार्टी - bjp will stake its claim for victory on the strength of its current mlacore group meeting dec","उत्तराखंड भाजपा का 2027 चुनाव प्लान: CM धामी को 25 सीटों से चुनाव लड़ने का न्योता, मौजूदा विधायकों के दम पर लड़ेगी पार्टी - bjp will stake its claim for victory on the strength of its current mlacore group meeting dec  jagran.com","उत्तराखंड भाजपा का 2027 चुनाव प्लान: CM धामी को 25 सीटों से चुनाव लड़ने का न्योता, मौजूदा विधायकों के दम पर लड़ेगी पार्टी
विधायकों की क्षेत्रीय सक्रियता, संगठन का फीडबैक और सर्वे रिपोर्ट अंतिम प्रत्याशी चयन का आधार बनेगी, जबकि सीएम धामी को 25 सीटों से चुनाव लड़ने के प्रस् ...और पढ़ें
HighLights
- भाजपा 2027 चुनाव में मौजूदा विधायकों पर दांव लगाएगी।
- विधायकों को सरकार की उपलब्धियां जनता तक पहुंचानी होंगी।
- सीएम धामी को 25 विधानसभा क्षेत्रों से चुनाव लड़ने का न्योता।
अश्वनी त्रिपाठी, देहरादून। आगामी विधानसभा चुनाव में टिकटों के आवंंटन को लेकर चल रही कई तरह की कयासबाजी के बीच भाजपा नेतृत्व ने तय किया है कि वर्ष 2027 की चुनावी जंग में पार्टी मौजूदा विधायकों पर ही जीत का दांव लगाएगी। दिल्ली में हुई कोर कमेटी की बैठक में मुख्यमंत्री पुष्कर सिंह धामी, प्रदेश अध्यक्ष महेंद्र भट्ट समेत प्रदेश भाजपा नेतृत्व को यह संदेश दिया गया कि मौजूदा विधायक क्षेत्रों में सक्रिय रहकर डबल इंजन सरकार की उपलब्धियां जनता तक पहुंचाएं और जनता की समस्याओं का समाधान कराएं।
हालांकि पार्टी ने यह स्पष्ट किया कि वर्तमान विधायक पार्टी की प्राथमिकता में हैं, लेकिन क्षेत्रीय सक्रियता, संगठन का फीडबैक व सर्वे की रिपोर्ट भी अंतिम रूप से प्रत्याशी चयन का आधार बनेगी।
विधायकों की राजनीतिक परीक्षा शुरू
भाजपा ने मौजूदा विधायकों को मैदान में उतरकर अपना प्रदर्शन साबित करने का मौका दिया है। टिकट पर फिलहाल कोई संकट नहीं, लेकिन उनकी राजनीतिक परीक्षा शुरू हो चुकी है। पार्टी आने वाले महीनों में विधायकों की जनता में पकड़, कार्यकर्ताओं से समन्वय, क्षेत्रीय मुद्दों पर सक्रियता और सरकार की उपलब्धियों को घर-घर पहुंचाने की क्षमता काे परखेगी। स्थानीय असंतोष दूर करना भी विधायकों की जिम्मेदारी होगी।
हारी सीटों पर सबसे पैनी नजर
भाजपा संगठन ने साफ किया कि चुनावी रणनीति सिर्फ मौजूदा सीटों को बचाने तक सीमित नहीं होगी। पिछले चुनाव में हारी सीटों व कम अंतर से जीती सीटों पर भी संगठन विशेष फोकस करेगा। बूथ स्तर तक संगठन को सक्रिय कर कमजोर कड़ियों की पहचान की जाएगी।
युवा, महिला व लाभार्थी वर्ग को साधने का लक्ष्य
भाजपा संगठन ने प्रदेश नेतृत्व को युवा और महिला मतदाताओं के साथ लाभार्थी वर्ग को भी चुनावी रणनीति के केंद्र में रखने के लिए कहा। रोजगार, विकास, पलायन और स्थानीय सुविधाओं जैसे मुद्दों पर संवाद बढ़ाने के निर्देश दिए।
खबरें और भी
यह भी पढ़ें- Uttarakhand Weather: देहरादून-नैनीताल समेत 4 जिलों में भारी बारिश का ऑरेंज अलर्ट, IMD की चेतावनी जारी
25 विधानसभा क्षेत्रों से सीएम को मिला न्योता
मुख्यमंत्री धामी की समाज के विभिन्न वर्गों और भाजपा के भीतर बढ़ती लोकप्रियता का अंदाजा इससे लग सकता है कि कई विधानसभा क्षेत्रों से उन्हें चुनाव लड़ने के प्रस्ताव सौंपे जा रहे हैं। मुख्यमंत्री के लिए अलग-अलग समूहों ने पूरे प्रदेश में लगभग 25 विधानसभा क्षेत्रों से चुनाव लड़ने का प्रस्ताव व आमंत्रण पत्र भेजा है। इन प्रस्तावों के बीच पार्टी सूत्र चंपावत विधानसभा क्षेत्र को मुख्यमंत्री के लिए अधिक पसंदीदा बता रहे हैं। इसके पीछे चंपावत विधानसभा क्षेत्र में हुए विकास कार्य हैं।
वर्तमान में मुख्यमंत्री यहीं से विधायक हैं। विकास की महत्वपूर्ण परियोजनाओं की दृष्टि से यह क्षेत्र एक माडल के रूप में उभरा है। यद्यपि, इस मामले में अंतिम निर्णय मुख्यमंत्री व भाजपा संगठन के स्तर से ही होना है।
      ‘मौजूदा विधायकों को अपने-अपने क्षेत्रों में पूरी सक्रियता के साथ जनता व कार्यकर्ताओं के बीच रहना होगा। सभी विधायक सरकार की उपलब्धियों को जन-जन तक पहुंचाकर स्थानीय समस्याओं के समाधान और संगठन को मजबूत करने पर जोर देंगे। पार्टी के लिए जनता का भरोसा सबसे महत्वपूर्ण है। आगामी चुनाव की तैयारियों में जमीनी प्रदर्शन को प्राथमिकता दी जाएगी।’
महेंद्र भट्ट, प्रदेश अध्यक्ष, भाजपा",hi,8/10/26 2:10,8/14/26 11:17,Dehradun|Nainital|Champawat,protest_agitation|migration_demography|politics_governance,uttarakhand|उत्तराखंड|धामी|पुष्कर सिंह धामी|मुख्यमंत्री|विधानसभा,trafilatura,596
79acf2466dfb20418ee1704af2b4e8cbaeb1c87b,https://hindi.news18.com/news/uttarakhand/uttarkashi-earthquake-in-uttarkashi-late-night-on-sunday-with-magnitude-of-more-than-4-on-richter-scale-10734561.html,https://hindi.news18.com/news/uttarakhand/uttarkashi-earthquake-in-uttarkashi-late-night-on-sunday-with-magnitude-of-more-than-4-on-richter-scale-10734561.html,news18_hindi_uttarakhand,News18 Hindi,rss,"Uttarkashi Earthquake: उत्तराखंड में आसमान के बाद जमीन से आई आफत, उत्तरकाशी में भूकंप के झटके",Earthquake News: रविवार की देर रात को उत्तरकाशी में भूकंप के झटके महसूस किए गए हैं. भूकंप की तीव्रता 4.2 बताई जा रही है. साथ ही यह भी जानकारी दी गई है कि भूकंप का केंद्र बड़कोट था.,,hi,8/10/26 1:45,8/14/26 11:13,Uttarkashi,environment_disaster,उत्तराखंड,,0
47926ec8f41f9a11c3dbd0117c173534f7599f4c,https://hindi.news18.com/news/uttarakhand/dehradun-uttarakhand-weather-forecast-10-august-heavy-rain-orange-yellow-alert-11-districts-including-dehradun-bageshwar-warning-imd-local18-10734095.html,https://hindi.news18.com/news/uttarakhand/dehradun-uttarakhand-weather-forecast-10-august-heavy-rain-orange-yellow-alert-11-districts-including-dehradun-bageshwar-warning-imd-local18-10734095.html,news18_hindi_uttarakhand,News18 Hindi,rss,"उत्तराखंड मौसम: देहरादून से बागेश्वर तक भारी बारिश की चेतावनी, IMD ने 11 जिलों में जारी किया ऑरेंज-येलो अलर्ट, 1400 गांवों में बिजली ठप","Uttarakhand Aaj Ka Mausam 10 August: उत्तराखंड में 10 अगस्त को भारी बारिश का अलर्ट जारी किया है. मौसम विभाग (IMD) ने देहरादून, नैनीताल, बागेश्वर और चम्पावत में अत्यंत तीव्र बारिश का ऑरेंज अलर्ट जारी किया है. उत्तरकाशी, रुद्रप्रयाग, चमोली, टिहरी, पौड़ी, पिथौरागढ़ और ऊधमसिंह नगर में भारी बारिश की संभावना जताई है. प्रदेश के 1400 गांवों में बिजली ठप है और बागेश्वर में स्कूल बंद कर दिए गए हैं. केदारनाथ यात्रा सुचारू है, लेकिन कई ग्रामीण संपर्क मार्ग बंद हैं.",,hi,8/9/26 23:46,8/14/26 11:13,Dehradun|Nainital|Pauri Garhwal|Tehri Garhwal|Chamoli|Rudraprayag|Uttarkashi|Pithoragarh|Bageshwar,tourism_religion,uttarakhand|उत्तराखंड,,0
21de538674e5d336e6f47166067101a6253880fb,https://timesofindia.indiatimes.com/city/dehradun/students-activists-protest-ink-attack-on-student-leader-neha-bora/articleshow/133072616.cms,https://timesofindia.indiatimes.com/city/dehradun/students-activists-protest-ink-attack-on-student-leader-neha-bora/articleshow/133072616.cms,gnews_dehradun_en,The Times of India,gnews,"Students, activists protest ‘ink attack’ on student leader Neha Bora","Students, activists protest ‘ink attack’ on student leader Neha Bora  The Times of India","Student groups and social activists in Dehradun staged a protest on Sunday morning against the ink attack on student leader Neha Bora in Ranchi earlier this week/ AMIT SHARMA

Student groups and social activists in Dehradun staged a protest on Sunday morning against the ink attack on student leader Neha Bora in Ranchi earlier this week/ AMIT SHARMA

Student groups and social activists in Dehradun staged a protest on Sunday morning against the ink attack on student leader Neha Bora in Ranchi earlier this week/ AMIT SHARMA

Student groups and social activists in Dehradun staged a protest on Sunday morning against the ink attack on student leader Neha Bora in Ranchi earlier this week/ AMIT SHARMA

Student groups and social activists in Dehradun staged a protest on Sunday morning against the ink attack on student leader Neha Bora in Ranchi earlier this week/ AMIT SHARMA

Dehradun: Student groups and social activists protested in Dehradun on Sunday morning against an alleged ink attack on All India Students’ Association (AISA) president Neha Bora earlier this week in Ranchi, where she had joined job aspirants demanding action over alleged irregularities in Jharkhand’s competitive examinations. Coinciding with the anniversary of the Quit India Movement launched in 1942, speakers drew a parallel with AISA’s call for mass mobilisation and urged activists to unite against what they described as oppression. “This is a critical transitional period, with those in power attempting to assert dominance from all sides. In such a scenario, activist forces must remain vigilant and united. The flame of the movement ignited by the youth in Delhi must be kept burning for the next few years,” social activist Rajiv Nayan Bahuguna said. CPI(ML)’s Indresh Maikhuri said Bora, a native of Uttarakhand, had travelled to Ranchi to protest against Jharkhand govt despite the party and her organisation’s support for it. “Neither the ruling Jharkhand Mukti Morcha (JMM), nor its allies Congress and Rashtriya Janata Dal (RJD) opposed her, but a person associated with RSS did. This clearly indicates who is behind the paper leaks,” Maikhuri alleged. The protesters also raised concerns about disorder during Kanwar yatra in Uttarakhand and accused the govt of emboldening unruly elements under the guise of the pilgrimage. “It is essential to raise one’s voice against those in power. Even if the numbers are small, these voices must continue to be raised. The current regime engages solely in politics of hatred and is, at the same time, cowardly,” said N Raghavendra of Uttarakhand Insaniyat Manch. The protesters gave a call to young people to join such movements, saying they would get support from people across the country.

End of Article",en,8/9/26 17:41,8/14/26 11:20,Dehradun,exam_paper_leak|protest_agitation|tourism_religion|politics_governance,uttarakhand,newspaper4k,439
a61025535814e957f19c0d906c2de3dd1ddd71e1,https://garhwalpost.in/agniveer-scheme-against-national-security-and-ukhands-youth-rohit-chaudhary/,https://garhwalpost.in/agniveer-scheme-against-national-security-and-ukhands-youth-rohit-chaudhary,gnews_dehradun_en,Garhwal Post,gnews,Agniveer scheme against national security and U’khand’s youth: Rohit Chaudhary,Agniveer scheme against national security and U’khand’s youth: Rohit Chaudhary  Garhwal Post,"Cong stages rally in protest against Agniveer Scheme

Garhwal Post Bureau

Dehradun, 6 Aug: Uttarakhand Congress today staged a rally to protest against the Agniveer scheme. The rally was led by Col Rohit Chaudhary (Retd), national president of the Congress Party’s Ex‑Servicemen Cell and senior Congress leader Harak Singh Rawat. Earlier, both of them also addressed a press conference at the Congress headquarters here today where they launched a sharp attack on the Union Government’s Agniveer recruitment scheme. Chaudhary described the Agniveer scheme as a grave threat to India’s military tradition and the national security. He claimed that the short‑term plan has shattered the permanent future and aspirations of the youth of Uttarakhand, a land renowned for its martial spirit. He said the Congress Party would not tolerate any compromise with national security and accused the government of weakening the army’s combat capability and morale by introducing a four‑year contractual service. He emphasised that the country needs a permanent and well‑trained force, not a contract‑based army, and reiterated that once Congress forms the government at the Centre, the Agniveer scheme will be scrapped and the old permanent recruitment process restored.

On the occasion, Congress election management committee chairman and former cabinet minister Dr Harak Singh Rawat also criticised the policy. He stated that every second family in Uttarakhand is connected with the Indian Army and claimed that the youth of the state feel betrayed and disheartened by this flawed approach. He said offering only four years of service leaves young people in uncertainty and Congress will not allow the rights of the state’s youth or national security to be undermined. He added that in the forthcoming assembly elections the people of Uttarakhand will respond to this oppressive scheme by removing the BJP from power.

Immediately after the press conference, a protest rally against the Agniveer scheme was organised under the leadership of Col Rohit Chaudhary and Harak Singh Rawat. The rally began from the Congress headquarters and passed along the Clock Tower, from where the Congress leaders and the workers marched towards Lansdowne Chowk raising slogans against the Union Government. After staging the protest at Lansdowne Chowk, the rally returned to the Congress office. A large number of ex‑servicemen, youth and Congress workers participated in the demonstration.

Those present included Col Ram Ratan Negi (Retd), Gopal Gadia, Balbir Singh Panwar, RP Dhyani, Mahesh Kukreti, Dr Pratima Singh, Abhinav Thapar, Dr Jasvinder Singh Gogi, Ashwini Bahuguna, Surat Singh Negi, Ashok Negi, Shekhar Saklani, Shreejit Krishali, Sanjay Upadhyay, Mohit Uniyal and Sonia Anand Rawat.",en,8/9/26 14:06,8/14/26 11:20,Dehradun,protest_agitation|politics_governance,garhwal|uttarakhand,newspaper4k,422
1b6c7a322ff3dedc50f1297f875ed4061ab8e75d,https://www.newindianexpress.com/india/2026/Aug/09/uttarakhand-identifies-49-high-risk-locations-vulnerable-to-debris-flows,https://newindianexpress.com/india/2026/Aug/09/uttarakhand-identifies-49-high-risk-locations-vulnerable-to-debris-flows,gnews_uttarakhand_en,newindianexpress.com,gnews,Uttarakhand identifies 49 high-risk locations vulnerable to debris flows,Uttarakhand identifies 49 high-risk locations vulnerable to debris flows  newindianexpress.com,"DEHRADUN: The Uttarakhand government has identified 49 locations across Uttarkashi, Chamoli and Pithoragarh districts where high-velocity debris flows could trigger major emergencies and disrupt critical road links.

A geospatial survey assessed terrain, landslides, glaciers, drainage channels, catchment areas, settlements and infrastructure. Of the 49 locations, 11 have been classified as high-risk, 30 as medium-risk and eight as low-risk.

Disaster Management Secretary Vinod Kumar Suman said the danger was not limited to slope failures. “At several places, natural watercourses, glaciers, old landslides and human settlements converge in the same zone, increasing the threat considerably,” Suman told TNIE, citing the assessment.

Chamoli emerged as the most vulnerable district, with 22 locations identified. Hanuman Chatti, Jalam, Pulna and Ghastoli have been placed in the high-risk category. All four have settlements and critical infrastructure, including roads and bridges.

The survey found glaciers, landslides and perennial drainage channels around Hanuman Chatti, Jalam and Ghastoli, while Pulna faces additional vulnerability because of its large catchment area.

Fourteen locations in Chamoli, including Joshimath, Surahi Thota, Pandukeshwar, Ghangaria, Badrinath, Pranmati Gad, Chepron, Kothi, Malari, Rewad Chak Kurkuti, Mandal, Dronagiri, Arurahi Paturi and Gauna, have been classified as medium-risk.

At Hanuman Chatti, detailed mapping identified old landslide scars and probable flow paths, with the report highlighting possible risks to pilgrims travelling to Badrinath. At Paturi village, the survey mapped moraine deposits on upper slopes and a potential debris-flow path towards the settlement.

Uttarkashi has 11 identified hotspots, with Syanachatti classified as high-risk. Jankichatti, Paligad, Harsil, Jhala, Ganeshpur, Gangori and Ladari have been placed in the medium-risk category.

Syanachatti has a national highway, a bridge and habitation within the vulnerable zone, along with landslide and drainage-related threats. Jankichatti faces similar risks, compounded by glaciers and unstable slopes. Glaciers, landslides and drainage channels have also been recorded near populated areas in Harsil and Jhala.

The remaining 16 vulnerable locations are in Pithoragarh. Sobla, Dafa, Suwa, Sundung, Dhunamani and Galati have been placed in the high-risk category.

The assessment maps the vulnerable sites in Chamoli, Uttarkashi and Pithoragarh, with particular concern for locations where settlements, national highways or bridges lie in the path of potential debris flows.

Uttarakhand Disaster Secretary Vinod Suman said the vulnerable sites had been identified and shared with district magistrates, who must conduct risk assessments and review ground conditions.

The identification of the 49 locations comes amid concerns over the impact of sudden debris and water flows in the mountainous region, particularly after the Dharali disaster.",en,8/9/26 13:56,8/14/26 11:19,Dehradun|Chamoli|Uttarkashi|Pithoragarh,investigation_justice|infrastructure|environment_disaster,uttarakhand|uttarakhand government,newspaper4k,408
df7a47d07912c9691836503948e7872d7cb7ea0d,https://hindi.news18.com/news/agriculture/how-to-do-pm-kisan-samman-nidhi-e-kyc-update-local18-10733661.html,https://hindi.news18.com/news/agriculture/how-to-do-pm-kisan-samman-nidhi-e-kyc-update-local18-10733661.html,news18_hindi_uttarakhand,News18 Hindi,rss,PM Kisan E-KYC : क्या आपकी भी रुक गई है किसान सम्मान निधि? जानिए घर बैठे सही करने का तरीका,"PM Kisan Samman Nidhi E-KYC : PM सम्मान निधि योजना किसानों के लिए वरदान बनी चुकी है. बागेश्वर में 43,554 किसान इस योजना का लाभ उठा रहे हैं. कुछ किसानों के पैसे आने रुक गए हैं, ऐसा ई-केवाईसी के न होने की वजह से हो रहा है. बागेश्वर के मुख्य कृषि अधिकारी राजेंद्र उप्रेती लोकल 18 से बताते हैं कि पीएम-किसान की आधिकारिक वेबसाइट पर ई-केवाईसी को अनिवार्य बताया गया है. जो किसान अभी तक पीएम किसान सम्मान निधि से नहीं जुड़े हैं, वे घर बैठे ऑनलाइन आवेदन कर सकते हैं. बागेश्वर में किसानों को फार्मर आईडी बनवाने के लिए भी कहा जा रहा है.",,hi,8/9/26 13:40,8/14/26 11:13,Bageshwar,,,,0
3d52df01f7fe942360693feaff8e48c08c22826c,https://hindi.news18.com/news/uttarakhand/rishikesh-why-visit-during-monsoon-tourists-opinion-local18-10733798.html,https://hindi.news18.com/news/uttarakhand/rishikesh-why-visit-during-monsoon-tourists-opinion-local18-10733798.html,news18_hindi_uttarakhand,News18 Hindi,rss,"Rishikesh News : 'उम्मीद से भी ज्यादा खूबसूरत', ऋषिकेश की बारिश के आगे फीका पड़ जाएगा ताजमहल, जानिए कैसे?","Rishikesh Monsoon Tourism : सावन के महीने में उत्तराखंड का ऋषिकेश और भी सुहावना हो जाता है. एक ओर बादलों से ढके पहाड़, गंगा किनारे की ठंडक और चारों तरफ फैली हरियाली देखते ही बनती हैं. सुबह से शाम तक मौसम का मिजाज लगातार बदलता रहता है. कभी तेज धूप निकल आती है तो कुछ ही देर में बादल घिर जाते हैं. ऋषिकेश घूमने आए आकाश लोकल 18 से कहते हैं कि बारिश के बाद यहां की हरियाली और भी ज्यादा सुंदर दिखाई देती है. लाल सिंह ने बताया कि वे पहली बार मानसून में ऋषिकेश आए हैं. यहां का मौसम उनकी उम्मीद से भी ज्यादा खूबसूरत निकला.",,hi,8/9/26 13:09,8/14/26 11:13,Dehradun,tourism_religion,उत्तराखंड,,0
4f67caf7648e09b657f4c28801fbd631724c8256,https://hindi.news18.com/news/lifestyle/health-eating-roadside-food-during-monsoon-health-risk-of-typhoid-diarrhea-and-food-poisoning-local18-10733620.html,https://hindi.news18.com/news/lifestyle/health-eating-roadside-food-during-monsoon-health-risk-of-typhoid-diarrhea-and-food-poisoning-local18-10733620.html,news18_hindi_uttarakhand,News18 Hindi,rss,"बारिश में बाहर का उल्टा-सीधा खाते हैं? हो जाइए सावधान, वरना टाइफाइड और फूड पॉइजनिंग का हो सकते हैं शिकार","Health Tips: स्वाद के चक्कर में अक्सर लोग बाहर का कुछ भी उल्टा-पुल्टा खा लेते हैं. मगर साफ-सफाई को नजरअंदाज किया जाए, तो यही खाना पेट की परेशानी की वजह बन सकता है. बारिश के दौरान जगह-जगह पानी जमा होने और नमी बढ़ने से बैक्टीरिया और दूसरे रोगाणुओं के पनपने का खतरा बढ़ जाता है.",,hi,8/9/26 11:37,8/14/26 11:13,,,,,0
dbfdb7c6ffd03700807babe8a50668f32c0206fa,https://hindi.news18.com/news/uttarakhand/nainital-forest-movement-freedom-struggle-historian-professor-ajay-rawat-local18-10733415.html,https://hindi.news18.com/news/uttarakhand/nainital-forest-movement-freedom-struggle-historian-professor-ajay-rawat-local18-10733415.html,news18_hindi_uttarakhand,News18 Hindi,rss,"Nainital History : लोग लगाने लगे जंगलों में आग...उत्तराखंड में अंग्रेजों की एक गलती ने कराई बगावत, जानिए कैसे?","Nainital Freedom Struggle : उत्तराखंड में अंग्रेजी हुकूमत के खिलाफ संघर्ष का एक बड़ा मैदान जंगल भी बने. अंग्रेजों की वन नीतियों ने पहाड़ को आजादी की लड़ाई से जोड़ दिया. लोकल 18 से नैनीताल के इतिहासकार प्रोफेसर अजय रावत बताते हैं कि नैनीताल अंग्रेजों के लिए सुरक्षित ठिकाना बन चुका था. 1893 में ब्रिटिश सरकार ने खाली पड़ी जमीनों को ‘वेस्ट लैंड’ के रूप में चिह्नित कर रिजर्व फॉरेस्ट घोषित करना शुरू कर दिया. जंगलों से लकड़ी लाने पर रोक लग गई. पहाड़ के दैनिक जीवन पर इसका सीधा असर पड़ा. ग्रामीणों के नौले, प्राकृतिक धारे और चरागाह भी वन क्षेत्र के दायरे में आने लगे. अचानक सरकारी नियंत्रण कसता जा रहा था. उथल-पुथल मच चुकी थी.",,hi,8/9/26 11:01,8/14/26 11:13,Nainital,politics_governance,उत्तराखंड,,0
8c077598b064176240ca604f52e13f604002ebb7,https://hindi.news18.com/news/uttarakhand/rishikesh-health-tips-wet-clothes-infection-in-rainy-day-experts-say-care-this-type-local18-ws-l-10733393.html,https://hindi.news18.com/news/uttarakhand/rishikesh-health-tips-wet-clothes-infection-in-rainy-day-experts-say-care-this-type-local18-ws-l-10733393.html,news18_hindi_uttarakhand,News18 Hindi,rss,"मानसून की बारिश में भीगने के बाद तुरंत बदलें गीले कपड़े, गंदे पानी से बचें, नहीं तो पड़ सकते हैं बीमार, एक्सपर्ट ने बताया टिप्स","Rishikesh news: डॉ राजकुमार (आयुष) ने बताया कि बारिश में भीगने के बाद सबसे बड़ी गलती लंबे समय तक गीले कपड़ों में रहना है. कई बार लोग घर या ऑफिस पहुंचने के बाद भी कपड़े बदलने में जल्दबाजी नहीं करते. शरीर पर चिपके गीले कपड़े लंबे समय तक रहने से असहजता तो होती ही है, साथ ही त्वचा पर नमी बनी रहने से फंगल इंफेक्शन का खतरा भी बढ़ सकता है. इसलिए बारिश में भीगने के बाद जितनी जल्दी हो सके गीले कपड़े उतारकर सूखे और साफ कपड़े पहनने चाहिए.",,hi,8/9/26 10:36,8/14/26 11:13,Dehradun,,,,0
83664c6b8f03204a7990eef7eac8c40a49df9d3a,https://hindi.news18.com/news/uttarakhand/dehradun-uttarakhand-fisheries-fish-farming-jobs-fish-export-subsidy-schemes-for-farmers-local18-10733279.html,https://hindi.news18.com/news/uttarakhand/dehradun-uttarakhand-fisheries-fish-farming-jobs-fish-export-subsidy-schemes-for-farmers-local18-10733279.html,news18_hindi_uttarakhand,News18 Hindi,rss,"मत्स्य पालन ने बदली पहाड़ों की तस्वीर, हजारों को मिला रोजगार, अब दुबई तक पहुंचेगी उत्तराखंड की मछली",Nainital News: उत्तराखंड में खेती के साथ अब मत्स्य पालन भी किसानों के लिए कमाई का बड़ा जरिया बनता जा रहा है. सरकार की योजनाओं और सब्सिडी से इस क्षेत्र में लोगों की भागीदारी तेजी से बढ़ी है और हजारों लोगों को रोजगार मिला है. खास बात यह है कि अब उत्तराखंड की मछली देश के बाहर भी पहुंचने की तैयारी में है. वहीं महिला स्वयं सहायता समूहों और महिला मत्स्य पालकों को बढ़ावा देने के लिए सरकार की ओर से विशेष अनुदान दिया जा रहा है. ऐसे में मत्स्य पालन पहाड़ों में रोजगार और रिवर्स पलायन का नया रास्ता बनकर उभर रहा है.,,hi,8/9/26 10:33,8/14/26 11:13,Nainital,migration_demography,उत्तराखंड,,0
6ee30c79f8d08668517713e768101206f9ca3730,https://www.newindianexpress.com/india/2026/Aug/09/kharge-targets-bjp-on-jobs-defections-ahead-of-uttarakhand-assembly-elections,https://newindianexpress.com/india/2026/Aug/09/kharge-targets-bjp-on-jobs-defections-ahead-of-uttarakhand-assembly-elections,gnews_dehradun_en,The New Indian Express,gnews,"Kharge targets BJP on jobs, defections ahead of Uttarakhand Assembly elections","Kharge targets BJP on jobs, defections ahead of Uttarakhand Assembly elections  The New Indian Express","DEHRADUN: Congress president Mallikarjun Kharge on Saturday sounded the party’s poll bugle for the 2027 Uttarakhand Assembly election, promising merit-based recruitment and attacking the BJP over unemployment and alleged political defections.

Addressing a public meeting at the Ramlila Ground in Haldwani, Kharge said a Congress government would ensure that young people got jobs “without corruption or recommendations”. He alleged that recruitment under the BJP government was influenced by money and promised appointments strictly on merit.

Kharge also highlighted Uttarakhand’s military legacy, recalling the Kumaon and Garhwal regiments and Param Vir Chakra awardee Major Somnath Sharma.

Targeting the BJP and the RSS, Kharge alleged that they had made no contribution to the freedom struggle. “Congress fought for Independence, and its leaders and workers made sacrifices for the country,” he said, adding that Congress workers and people of Uttarakhand would not be intimidated or bow to political pressure.

On unemployment, Kharge claimed that nearly 30 lakh government posts were vacant despite Prime Minister Narendra Modi’s promise of creating two crore jobs annually. “The country’s youth are unemployed. The Prime Minister must be questioned about his promise,” he said.

Kharge contrasted the BJP’s record with that of the former Manmohan Singh government, saying the Congress-led government had fulfilled its promise to waive farm loans. “Congress does what it says,” Kharge asserted. He said the BJP lacked a vision for public welfare and claimed the Congress would work to fulfil people’s aspirations.

The Congress president also accused Prime Minister Narendra Modi and Union Home Minister Amit Shah of engineering defections by Opposition leaders facing corruption allegations. He alleged that politicians accused of wrongdoing were given a “clean chit” after joining the BJP.

“They call people corrupt and then induct the same people into the BJP,” Kharge said, reiterating the Congress’s “washing machine” charge.

Kharge also spoke about his political career, saying he had spent 58 years in public life and risen through the Congress organisation from block-level responsibilities to the party’s highest office.

He urged Congress workers to remain united, strengthen the organisation and take the party’s message to every section of society ahead of the 2027 Assembly election.",en,8/9/26 10:32,8/14/26 10:15,Dehradun|Nainital,recruitment_jobs|politics_governance,garhwal|kumaon|uttarakhand,newspaper4k,355
9724fbc0e77a7182c02fb57c8486bbf467c183bd,https://www.amarujala.com/uttarakhand/nainital/congress-national-president-mallikarjun-kharge-raised-several-major-issues-at-the-vijay-shankhanad-rally-2026-08-09,https://amarujala.com/uttarakhand/nainital/congress-national-president-mallikarjun-kharge-raised-several-major-issues-at-the-vijay-shankhanad-rally-2026-08-09,gnews_protest_youth,Amar Ujala,gnews,"Mallikarjun Kharge: खरगे ने विजय शंखनाद रैली से फूंका चुनावी बिगुल, रोजगार से महिला सुरक्षा तक साधे कई निशाने","Mallikarjun Kharge: खरगे ने विजय शंखनाद रैली से फूंका चुनावी बिगुल, रोजगार से महिला सुरक्षा तक साधे कई निशाने  Amar Ujala","Mallikarjun Kharge: खरगे ने विजय शंखनाद रैली से फूंका चुनावी बिगुल, रोजगार से महिला सुरक्षा तक साधे कई निशाने
कांग्रेस के राष्ट्रीय अध्यक्ष मल्लिकार्जुन खरगे ने विजय शंखनाद रैली में कई बड़े मुद्दों को उठाकर भाजपा पर निशाना साधा। 46 मिनट के भाषण में कांग्रेस के चुनावी एजेंडे को सामने रखते हुए प्रदेश में सत्ता परिवर्तन का संकेत दिया।
खबरें लगातार पढ़ने के लिए अमर उजाला एप डाउनलोड करें
या 
 वेबसाइट पर पढ़ना जारी रखने के लिए वीडियो विज्ञापन देखें
अगर आपके पास प्रीमियम मेंबरशिप है तो
विस्तार
कुमाऊं के सबसे बड़े राजनीतिक और आर्थिक केंद्र से कांग्रेस ने चुनावी अभियान को धार देने की कोशिश की है। विजय शंखनाद रैली में राष्ट्रीय अध्यक्ष मल्लिकार्जुन खरगे ने 46 मिनट के भाषण में उत्तराखंड में विधानसभा चुनाव की पटकथा रख दी। अध्यक्ष ने भाषण में किसी एक मुद्दे पर फोकस करने के बजाय उन मुद्दों को एक साथ पिरोया, जो सीधे युवा, किसान, महिला, सैनिक और गरीब परिवारों से जुड़े हैं। यही नहीं जाते जाते खरगे दुष्यंत कुमार की कविता से प्रदेश में सत्ता परिवर्तन का संकेत भी दे गए।
यह थे खरगे के चुनावी मुद्दे
बेरोजगारी
बेरोजगारी और भर्ती के माध्यम से खरगे ने युवाओं को कांग्रेस के चुनावी एजेंडे के केंद्र में रखा। रिक्त पड़े सरकारी पद, भर्ती में भ्रष्टाचार और पेपर लीक को लेकर सरकार पर सवाल उठाए। आह्वान किया कि युवा कांग्रेस के साथ आएं। कांग्रेस उनके हित में काम करेगी।
भ्रष्टाचार
भाजपा पर भ्रष्टाचार का आरोप लगाते हुए राष्ट्रीय अध्यक्ष ने वाशिंग मशीन वाला तंज कसा। यह उन नेताओं की तरफ इशारा था जिन पर भ्रष्टाचार के आरोप थे और बाद में भाजपा में शामिल हो गए। इस मुद्दे के जरिए कांग्रेस ने भाजपा शासित राज्यों में कथित भ्रष्टाचार के खिलाफ लड़ाई को चुनौती देने की कोशिश की।
सैनिक
खरगे ने अपने भाषण की शुरुआत ही देवभूमि और वीरभूमि को सम्मान देते हुए की। कुमाऊं और गढ़वाल रेजिमेंट की तारीफ करते हुए संदेश दिया कि सैनिकों और सैन्य परिवारों वाले राज्य में अग्निवीर योजना बड़ा राजनीतिक मुद्दा बन सकती है।
महिला सुरक्षा
राष्ट्रीय अध्यक्ष ने महिला सुरक्षा और अंकिता भंडारी प्रकरण का जिक्र कर राज्य सरकार को घेरने की कोशिश की। कांग्रेस ने साफ संकेत दिया कि महिला सुरक्षा और कानून व्यवस्था को चुनावी मुद्दा बनाया जाएगा।
डबल इंजन की खामियां
- खरगे ने भाजपा के डबल इंजन की खामियां गिनाते हुए पार्टी के इस नारे पर सवाल उठाया। उन्होंने कांग्रेस का मॉडल सामने रखा। उन्होंने रोजगार, बेहतर शिक्षा-स्वास्थ्य, किसानों का सम्मान, महिलाओं की सुरक्षा और सैनिकों को सम्मान देने की बात कही।
उत्तराखंड बना खरगे के भाषण का केंद्रीय शब्द
खरगे ने अपने भाषण में उत्तराखंड का जिक्र बार-बार किया। उन्होंने राज्य को देवभूमि और वीरों की भूमि बताते हुए कुमाऊं और गढ़वाल रेजीमेंट का उल्लेख किया। उत्तराखंड में रोजगार, भर्ती, भ्रष्टाचार, कानून व्यवस्था, महिला सुरक्षा, शिक्षा, स्वास्थ्य, सैनिक सम्मान और किसानों के मुद्दों को कांग्रेस के चुनावी एजेंडे से जोड़ा। उन्होंने उत्तराखंड की प्रतिभा अल्मोड़ा के युवा रवि टम्टा का उल्लेख किया। उन्होंने कहा कि रवि ने अमेरिका या फ्रांस की मदद लेकर नहीं बनाई। अपने संसाधनों और अपनी क्षमता के बल पर ऐसी तकनीक विकसित की। उनका संदेश था कि अवसर मिले तो राज्य के युवा ऐसी उपलब्धियां हासिल कर सकते हैं।",hi,8/9/26 5:33,8/14/26 11:18,Almora,recruitment_jobs|exam_paper_leak|protest_agitation|health_education|politics_governance,उत्तराखंड|कुमाऊं|गढ़वाल|देवभूमि|राज्य सरकार|विधानसभा,trafilatura,529
707497da04b751251fd6ef946912b8c6163182ca,https://hindi.news18.com/news/career/education-state-wise-domicile-reservation-in-private-colleges-delhi-and-other-states-10732081.html,https://hindi.news18.com/news/career/education-state-wise-domicile-reservation-in-private-colleges-delhi-and-other-states-10732081.html,news18_hindi_uttarakhand,News18 Hindi,rss,"प्राइवेट यूनिवर्सिटी में लोकल स्टूडेंट्स का दबदबा, जानिए किस राज्य में कितनी सीटें हैं आरक्षित","Domicile Reservation in Private Universities: लोकल स्टूडेंट्स को प्राइवेट कॉलेजों में आरक्षण देने के मामले में दिल्ली अकेला राज्य नहीं है. उत्तराखंड, हिमाचल, हरियाणा और राजस्थान समेत कई राज्य पहले ही अपने स्टूडेंट्स को 15 से 25% तक आरक्षण दे रहे हैं. जानिए देश के विभिन्न राज्यों में डोमिसाइल रिजर्वेशन के नियम क्या हैं.",,hi,8/9/26 2:43,8/14/26 11:13,,migration_demography,उत्तराखंड,,0
3d3facc2251b1d48dd279b73e9162ce76a4b10ee,https://hindi.news18.com/astro/daily-horoscope-today-cancer-horoscope-kark-rashifal-gain-benefits-in-job-or-business-local18-10731166.html,https://hindi.news18.com/astro/daily-horoscope-today-cancer-horoscope-kark-rashifal-gain-benefits-in-job-or-business-local18-10731166.html,news18_hindi_uttarakhand,News18 Hindi,rss,"Kark Rashifal: कर्क राशि वाले आज बिल्कुल ना करें जल्दबाजी, खुद की भावनाओं पर रखें नियंत्रण, ज्योतिष ने बताया रविवार का राशिफल",Today Kark Rashifal: कर्क राशि के जातकों के लिए आज का दिन खास होने वाला है. कर्क राशि वालों को आज अपनी भावनाओं पर नियंत्रण रखते हुए महत्वपूर्ण फैसले लेने की जरूरत होगी. परिवार का सहयोग आज आपको मिलेगा और पुराने रुके हुए कामों को गति मिल सकती है. ज्योतिष ने कहा कि आज कर्क राशि वाले जल्दबाजी बिल्कुल ना करें. आइए ज्योतिष से जानते हैं कि कर्क राशि वालों का आज का दिन कैसा रहने वाला है.,,hi,8/9/26 1:53,8/14/26 11:13,,,,,0
e836bcc0390165e3e29027198cb59e8a2dba079c,https://www.bhaskar.com/g/national/news/2027-assembly-elections-gen-z-voters-impact-political-strategy-138670156.html,https://bhaskar.com/g/national/news/2027-assembly-elections-gen-z-voters-impact-political-strategy-138670156.html,gnews_protest_youth,Dainik Bhaskar,gnews,"जेन-जी आंदोलन के बाद पार्टियां रणनीति बदल रहीं: 2027 में 7 राज्यों में चुनाव, 22% वोटर जेन-जी; 5% इधर-उधर ह...","जेन-जी आंदोलन के बाद पार्टियां रणनीति बदल रहीं: 2027 में 7 राज्यों में चुनाव, 22% वोटर जेन-जी; 5% इधर-उधर ह...  Dainik Bhaskar","दिल्ली के जंतर-मंतर पर जेन जी ने करीब 36 दिन प्रदर्शन किया था। यह प्रदर्शन नीट पेपर लीक और शिक्षा मंत्री धर्मेंद्र प्रधान के इस्तीफे की मांग को लेकर था।

अगले साल 7 राज्यों- उत्तर प्रदेश, गुजरात, पंजाब, उत्तराखंड, हिमाचल प्रदेश, मणिपुर और गोवा में विधानसभा चुनाव होने हैं। इन चुनावों में जेन-जी यानी 18 से 29 साल के मतदाता अहम भूमिका निभा सकते हैं।

इसके पीछे दो बड़ी वजहें हैं। पहली, जुलाई में दिल्ली में हुआ जेन-जी आंदोलन, जिसने युवाओं के राजनीतिक रुझान को लेकर नई बहस छेड़ी। दूसरी, बिहार के बांकीपुर और मध्य प्रदेश के दतिया उपचुनाव के चौंकाने वाले नतीजे, जिनसे युवाओं की चुनावी भूमिका पर चर्चा तेज हुई है।

राजनीतिक विश्लेषकों के मुताबिक, चुनावी समीकरण में महिला, पिछड़ा, किसान और दलित जैसे वर्गों के साथ अब जेन-जी भी एक अहम वोटर ग्रुप बनता जा रहा है। इन 7 चुनावी राज्यों में करीब 22% मतदाता 18 से 29 साल की उम्र के हैं। ऐसे में युवा वोट किसी भी पार्टी के चुनावी समीकरण को बदल सकता है।

7 राज्यों के पिछले चुनाव में 257 सीटों पर 5% वोट मार्जिन रहा

चुनाव वाले 7 राज्यों में अगर पिछले विधानसभा चुनाव के आंकड़े देखें तो कुल 940 सीटों में 257 सीटें (27%) ऐसी थीं, जहां जीत का अंतर 5% या उससे कम था।

उत्तर प्रदेश की 403 में से 131 सीटें ऐसी थीं, जहां जीत का मार्जिन 5% से कम था। गुजरात की 182 में से 27, पंजाब की 117 में से 24, उत्तराखंड की 70 में से 15 और हिमाचल की 68 में से 14 सीटों पर भी वोट मार्जिन 5% से कम था।

इस आधार पर कह सकते हैं कि अगर 22% जेन-जी वोटर्स में से 5% भी एकजुट होकर किसी पार्टी के पाले में चले गए तो इन राज्यों में सियासी समीकरण पूरी तरह बदल सकते हैं।

यही वजह है कि राजनीतिक दल अब अपनी पूरी रण​नीति जेन-जी वोटर्स के इर्द-गिर्द बुनने में लग गए हैं। भाजपा, कांग्रेस और सपा ने इसकी मुहिम शुरू कर दी है।

जाति-धर्म के समीकरण बिगाड़ सकते हैं युवाओं का नया वर्ग

देश की सियासत में लंबे समय से चले आ रहे जाति और धर्म आधारित चुनावी समीकरणों को युवा वोटर चुनौती दे सकते हैं। इसकी वजह युवाओं का एक नया और मुखर वर्ग बनकर उभरना है।

अगले चुनावों में अभी 6-7 महीने का वक्त है। अब सबसे बड़ा सवाल यही है कि तब तक यह युवा सेंटिमेंट कितना मजबूत रहता है। अगर यह बरकरार रहा या और बढ़ा, तो राजनीतिक दलों को आने वाले हफ्तों में अपनी रणनीति में पांच बड़े बदलाव करने पड़ सकते हैं।

राजनीतिक पार्टियां पांच बदलाव करने पर मजबूर

1. युवाओं पर फोकस्ड राजनीति शुरू होगी: भास्कर एक्सपर्ट के मुताबिक पहले घोषणापत्र में युवाओं के सिर्फ मुद्दे होते थे, पर अब रोजगार व स्किल डेवलपमेंट जैसे विषय सीधे भाषणों में होंगे। दलों को सिर्फ बेरोजगारों को भत्ता देने के बजाय यह समझाना होगा कि वे रोजगार और कौशल विकास कैसे बढ़ाएंगे। जो दल रोजगार, शिक्षा, डिजिटल इकोसिस्टम और स्किल डेवलपमेंट के मुद्दे उठाएगा, युवा उसी के साथ जाएंगे।

2. जाति-धर्म समीकरण: अगर यही माहौल रहा, तो जेन-जी के मुद्दों के कारण जातिगत और धार्मिक समीकरण काफी हद तक बिखर जाएंगे। युवा भी अब तक जाति-धर्म के आधार पर बंटे हुए थे। अब बदलाव दिख रहा है। चुनाव में जाति फैक्टर थोड़ा-बहुत तो रहेगा ही, लेकिन उम्मीदवारों के चयन और प्रतिनिधित्व में उसका असर साफ दिखेगा। पार्टियां सेल्फ-मेड युवाओं को अधिक टिकट देंगी, जिससे जेन-जी को चुनावी मैदान में बेहतर प्रतिनिधित्व मिल सके।

3. महिलाओं जैसा बदलाव: जैसे महिलाओं ने जातिगत समीकरण तोड़कर एनडीए को वोट दिए, युवा भी किसी एक तरफ जा सकते हैं।

4. मुफ्त योजनाओं से दूरी: युवाओं को मुफ्त की रेवड़ी या लुभावनी योजनाएं नहीं चाहिए, बल्कि वह दलों से ठोस समाधान चाहता है।

5. व्यावहारिक वादे: राजनीतिक पार्टियां आगामी चुनावों में ऐसे व्यावहारिक वादे करेंगी, जिन्हें धरातल पर उतारा जा सके।

मोदी से भागवत तक, सभी युवाओं से सीधे जुड़ रहे…कांग्रेस-सपा भी पीछे नहीं

संघ प्रमुख मोहन भागवत ने 6 अगस्त को मुंबई में Gen-Z और Gen-अल्फा से करीब 1 घंटे तक संवाद किया था।

भाजपा: पीएम मोदी समेत सभी नेता इंस्टाग्राम पर आने लगे

पीएम नरेंद्र मोदी की अध्यक्षता में हुई एनडीए सांसदों की ‘मंगल मिलन’ बैठक पूरी तरह युवाओं पर केंद्रित थी, जिसमें रोजगार को लेकर प्रेजेंटेशन दिया गया। पार्टी के मोर्चों को निर्देश दिए गए हैं कि वे जेन-जी से जुड़े मुद्दों को संवेदनशीलता के साथ सुनें, उनका समाधान करें और इस पीढ़ी के साथ लगातार संपर्क बढ़ाएं।

आरएसएस: भागवत का जेन-जी प्रोग्राम

संघ प्रमुख मोहन भागवत ने गुरुवार को जेन-जी व जेन-अल्फा के साथ प्रोग्राम किया। संघ ने एप के जरिए हर महीने 10 हजार नए युवाओं को जोड़ने का लक्ष्य रखा है। शताब्दी वर्ष के कार्यक्रमों, किशोर गण और तरुण गण शाखाओं के माध्यम से जेन-जी की सहभागिता पर विशेष ध्यान दे रहा है।

एबीवीपी: 80 लाख सदस्य बनाने का लक्ष्य रखा

80 लाख सदस्य बनाने के लिए स्कूल-कॉलेज से निकलकर आगे कोचिंग सेंटर्स और क्लबों तक पहुंच रहा है। करियर गाइडेंस केंद्र खोलेगा।

कांग्रेस: आंदोलनकारियों को वकील दिलवाएंगे

प्रियंका गांधी वाड्रा की निगरानी में कन्हैया कुमार और जिग्नेश मेवानी दिल्ली के आंदोलनकारी युवाओं के संपर्क में हैं। 150 वकीलों का नेटवर्क बनाया गया है। छोटे वीडियो, पीपीटी, पॉडकास्ट और ‘छात्रों की गूंज’ जैसे संवाद कार्यक्रम होंगे। एनएसयूआई और यूथ कांग्रेस ने भी कई कार्यक्रम शुरू किए।

सपा: डिंपल यादव को जिम्मा सौंपा गया

सांसद डिंपल यादव जिम्मेदारी संभालेंगी। लगातार संवाद, कैंपस में कार्यक्रम। युवजन सभा और समाजवादी छात्र सभा के जरिए अभियान चलाएंगी।

.",hi,8/9/26 1:31,8/14/26 11:18,,exam_paper_leak|protest_agitation|health_education|politics_governance,उत्तराखंड|विधानसभा,newspaper4k,908
c0bb1a5ca9598461b07703639bb0388f0c63d477,https://www.jagran.com/uttarakhand/dehradun-city-cm-dhami-transfers-146-cr-to-9-lakh-87-thousand-uttarakhand-pensioners-40334428.html,https://jagran.com/uttarakhand/dehradun-city-cm-dhami-transfers-146-cr-to-9-lakh-87-thousand-uttarakhand-pensioners-40334428.html,gnews_dhami_govt,jagran.com,gnews,"उत्तराखंड के 9.87 लाख पेंशन लाभार्थियों को बड़ा तोहफा, सीएम धामी ने खाते में भेजे 146 करोड़ रुपये","उत्तराखंड के 9.87 लाख पेंशन लाभार्थियों को बड़ा तोहफा, सीएम धामी ने खाते में भेजे 146 करोड़ रुपये  jagran.com","उत्तराखंड के 9.87 लाख पेंशन लाभार्थियों को बड़ा तोहफा, सीएम धामी ने खाते में भेजे 146 करोड़ रुपये
मुख्यमंत्री पुष्कर सिंह धामी ने उत्तराखंड के 9.87 लाख पेंशन लाभार्थियों के खातों में डीबीटी के माध्यम से 146 करोड़ रुपये से अधिक की जुलाई माह की पेंशन ...और पढ़ें
HighLights
- मुख्यमंत्री धामी ने 9.87 लाख पेंशन लाभार्थियों को राशि दी।
- 146 करोड़ रुपये से अधिक की जुलाई माह की पेंशन हस्तांतरित।
- डीबीटी के माध्यम से पारदर्शी और समयबद्ध भुगतान सुनिश्चित किया।
राज्य ब्यूरो, देहरादून। मुख्यमंत्री पुष्कर सिंह धामी ने शनिवार को समाज कल्याण विभाग के अंतर्गत विभिन्न पेंशन योजनाओं के नौ लाख 87 हजार 17 लाभार्थियों के बैंक खातों में 146 करोड़ 32 लाख 50 हजार की धनराशि डीबीटी के माध्यम से हस्तांतरित की। यह पेंशन राशि जुलाई माह की है।
इस अवसर पर मुख्यमंत्री ने कहा कि राज्य सरकार समाज के प्रत्येक वर्ग के कल्याण के लिए प्रतिबद्ध है। पेंशन राशि का समयबद्ध और पारदर्शी तरीके से भुगतान सुनिश्चित किया जा रहा है, ताकि पात्र लोगों को सरकारी योजनाओं का लाभ सीधे मिल सके।
मुख्यमंत्री कैंप कार्यालय में आयोजित कार्यक्रम में मुख्यमंत्री धामी ने पेंशन लाभार्थियों को पेंशन की धनराशि हस्तांतरित करते हुए कहा कि सरकार का उद्देश्य अंतिम पंक्ति में खड़े व्यक्ति तक योजनाओं का लाभ पहुंचाना है।
उन्होंने कहा कि समाज का कमजोर वर्ग सरकार के परिवार का हिस्सा है। प्रयास है कि किसी बुजुर्ग माता-पिता, विधवा या दिव्यांग को पेंशन के लिए कार्यालयों के चक्कर न लगाने पड़ें। प्रत्येक पात्र नागरिक को सम्मानपूर्वक, समय पर और बिना परेशानी के उसका अधिकार पहुंचाना सरकार की प्राथमिकता है।
समाज कल्याण मंत्री खजान दास ने कहा कि जुलाई माह की पेंशन किश्त का भुगतान किया गया है। इनमें ग्रामीण विकास मंत्रालय के राष्ट्रीय सामाजिक सहायता कार्यक्रम के करीब 2.15 लाख पेंशनर भी शामिल हैं, जिन्हें एसएनए स्पर्श प्रणाली के माध्यम से भुगतान किया जा रहा है।
खबरें और भी
आठ श्रेणियों में पेंशन का वितरण
- वृद्धावस्था पेंशन के 6,15,628 लाभार्थियों को 92.34 करोड़
- विधवा पेंशन के 2,36,983 लाभार्थियों को 35.54 करोड़
- दिव्यांग पेंशन के 89,128 लाभार्थियों को 13.36 करोड़
- किसान पेंशन के 27,288 लाभार्थियों को 3.27 करोड़
- परित्यक्ता पेंशन के 8,284 को 99.40 लाख
- भरण-पोषण अनुदान के 7,383 को 51.68 लाख
- तीलू रौतेली पेंशन के 2,196 को 26.35 लाख
- बौना पेंशन के 127 लाभार्थियों को 1.52 लाख
यह भी पढ़ें- उत्तराखंड में 10 हजार युवाओं को मिलेगी नौकरी, देहरादून समेत 4 जिलों में लगेंगे बड़े रोजगार मेले",hi,08-09-26,8/14/26 11:17,Dehradun,recruitment_jobs|politics_governance,उत्तराखंड|धामी|पुष्कर सिंह धामी|मुख्यमंत्री|राज्य सरकार,trafilatura,408
a683b736a237d393ec1d3932dacc3bd14e85245a,https://hindi.news18.com/news/uttarakhand/dehradun-uttarakhand-aaj-ka-mausam-09-august-heavy-rain-alert-bageshwar-chamoli-to-dehradun-imd-issues-orange-yellow-alerts-local18-10731500.html,https://hindi.news18.com/news/uttarakhand/dehradun-uttarakhand-aaj-ka-mausam-09-august-heavy-rain-alert-bageshwar-chamoli-to-dehradun-imd-issues-orange-yellow-alerts-local18-10731500.html,news18_hindi_uttarakhand,News18 Hindi,rss,"उत्तराखंड मौसम: बागेश्वर, चमोली से देहरादून तक बरसेगी आफत, IMD ने जारी किया ऑरेंज-येलो अलर्ट, अगले 48 घंटे बेहद संवेदनशील","Uttarakhand Aaj Ka Mausam 09 August: भारतीय मौसम विज्ञान विभाग (IMD) ने उत्तराखंड के लिए 9 से 11 अगस्त तक भारी बारिश का अलर्ट जारी किया है. 9 अगस्त को बागेश्वर, पिथौरागढ़ और चमोली में अत्यंत तीव्र बारिश और गर्जन की आशंका है, जबकि देहरादून, नैनीताल, टिहरी, रुद्रप्रयाग और चंपावत में भारी बारिश का येलो अलर्ट है. 10 अगस्त को देहरादून, नैनीताल, बागेश्वर और चंपावत में मूसलाधार बारिश का ऑरेंज अलर्ट रहेगा. उत्तरकाशी, पौड़ी, रुद्रप्रयाग, चमोली, पिथौरागढ़ व उधम सिंह नगर में भी तेज बौछारें पड़ेंगी. हरिद्वार सहित मैदानी जिलों में बिजली चमकने का खतरा है.",,hi,8/8/26 23:46,8/14/26 11:13,Dehradun|Haridwar|Nainital|Pauri Garhwal|Tehri Garhwal|Chamoli|Rudraprayag|Uttarkashi|Pithoragarh|Bageshwar|Champawat,,uttarakhand|उत्तराखंड,,0
a94ba82e2cd4fe054e7efe631256d60dc865d613,https://www.amarujala.com/dehradun/the-state-is-to-be-made-a-leading-sports-state-in-the-country-cm-dhami-dehradun-news-c-5-1-drn1034-1037969-2026-08-09,https://amarujala.com/dehradun/the-state-is-to-be-made-a-leading-sports-state-in-the-country-cm-dhami-dehradun-news-c-5-1-drn1034-1037969-2026-08-09,gnews_dhami_govt,Amar Ujala,gnews,प्रदेश को देश में अग्रणी खेल राज्य बनाना है : सीएम धामी,प्रदेश को देश में अग्रणी खेल राज्य बनाना है : सीएम धामी  Amar Ujala,"{""_id"":""6a779b20d7cf1b377704edb3"",""slug"":""the-state-is-to-be-made-a-leading-sports-state-in-the-country-cm-dhami-dehradun-news-c-5-1-drn1034-1037969-2026-08-09"",""type"":""story"",""status"":""publish"",""title_hn"":""प्रदेश को देश में अग्रणी खेल राज्य बनाना है : सीएम धामी"",""category"":{""title"":""City & states"",""title_hn"":""शहर और राज्य"",""slug"":""city-and-states""}}
    प्रदेश को देश में अग्रणी खेल राज्य बनाना है : सीएम धामी
    विज्ञापन
    
        
    
     
   
        
        
        
    
      
            खबरें लगातार पढ़ने के लिए अमर उजाला एप डाउनलोड करें
या 
 वेबसाइट पर पढ़ना जारी रखने के लिए वीडियो विज्ञापन देखें
अगर आपके पास प्रीमियम मेंबरशिप है तो
                                                 
                देहरादून। मुख्यमंत्री पुष्कर सिंह धामी ने सीएम आवास में ग्लासगो में आयोजित कॉमनवेल्थ गेम्स 2026 में उत्कृष्ट प्रदर्शन करने वाले उत्तराखंड के खिलाड़ियों और उनके प्रशिक्षकों को सम्मानित किया। मुख्यमंत्री ने इसे पूरे राज्य के लिए गर्व का क्षण बताया।समारोह में पैरा एथलीट शुभम जुयाल (रजत पदक, रुड़की), जूडो खिलाड़ी उन्नति शर्मा (कांस्य पदक, देहरादून) और उनके प्रशिक्षकों (राकेश सिंह रावत, सतीश चन्द्र शर्मा, पुनेश कुमार सिंह) के साथ ही भारतीय बॉक्सिंग टीम के प्रशिक्षक खीमानन्द बेलवाल को सम्मानित किया गया। मुख्यमंत्री धामी ने कहा कि खिलाड़ियों की सफलता में उनके कड़े परिश्रम के साथ-साथ प्रशिक्षकों के मार्गदर्शन और परिवारों का बड़ा योगदान होता है। सरकार का उद्देश्य उत्तराखंड को देश का अग्रणी खेल राज्य बनाना है। इसके लिए आधुनिक खेल अवसंरचना का विकास, जिला व ब्लॉक स्तर पर खेल सुविधाओं का विस्तार और खिलाड़ियों को बेहतर पोषण व उपकरण मुहैया कराए जा रहे हैं।उन्होंने आगे कहा कि नई खेल नीति के तहत उत्कृष्ट खिलाड़ियों को आकर्षक पुरस्कार राशि, सरकारी सेवाओं में अवसर और विशेष छात्रवृत्तियां दी जा रही हैं। ग्रामीण क्षेत्रों की प्रतिभाओं और दिव्यांग खिलाड़ियों को विशेष प्रोत्साहन मिल रहा है ताकि वे वैश्विक मंच पर राज्य का नाम रोशन कर सकें। इस दौरान कैबिनेट मंत्री रेखा आर्या, विशेष प्रमुख सचिव अमित सिन्हा सहित कई अधिकारी उपस्थित रहे।
                                
                
                
                 
                    
                        
                                                                                        
                             
                                                                    
                            
                                         
     
                                       
                                                                    
                                
                                                                                                               
                                                    
                            
                                 
                                
                               
                                                                                
                                                                                
                                 
                
                                
                
                
                                
                                
                                                                                                               
                                                    
                            
                                 
                                
                               
                                                
                                                                 
                 
                                
                                
                
                
                                
                                
                                                                                                               
                                                    
                            
                                 
                                
                               
                                                
                                                
                                
                
                                                                
                               
                                                        
        
विज्ञापन",hi,8/8/26 21:09,8/14/26 11:17,Dehradun|Haridwar,protest_agitation|politics_governance,dhami|उत्तराखंड|कैबिनेट मंत्री|धामी|पुष्कर सिंह धामी|मुख्यमंत्री,trafilatura,268
405b6356bb4ded88f4e9c231d11f310e3a683b5e,https://timesofindia.indiatimes.com/city/dehradun/bjp-rss-are-deserters-had-no-role-in-freedom-struggle-kharge/articleshow/133057148.cms,https://timesofindia.indiatimes.com/city/dehradun/bjp-rss-are-deserters-had-no-role-in-freedom-struggle-kharge/articleshow/133057148.cms,gnews_dehradun_en,The Times of India,gnews,"BJP-RSS are ‘deserters’, had no role in freedom struggle: Kharge","BJP-RSS are ‘deserters’, had no role in freedom struggle: Kharge  The Times of India","In a scathing attack on the BJP and RSS, Congress chief Mallikarjun Kharge said that, ""They have done nothing for the country and they had no contribution in freedom struggle.

Dehradun: Congress president Mallikarjun Kharge on Saturday accused the BJP and RSS of making no contribution to India’s freedom struggle and called them “deserters”. Addressing a rally at Ramlila Ground in Haldwani, Kharge described the Congress as the “real patriots” and said the party could not be intimidated. “Despite knowing the history, the BJP and RSS always lecture us on patriotism,” he said. Targeting the BJP over corruption, Kharge alleged that leaders facing corruption charges joined the party to evade scrutiny. “The leaders are put into a washing machine and they become clean,” he said. Kharge also attacked the Centre over paper leaks, unemployment and alleged irregularities in recruitment examinations. Referring to the govt’s promise of creating two crore jobs, he said lakhs of youths remained unemployed and claimed that around 30 lakh vacancies in central govet departments were lying unfilled. He accused the BJP of “using religion for political gains” and criticised the BJP-led state govt for allegedly “spending taxpayers’ money on publicity”. Kharge also raised concerns over the closure of schools and shortage of teachers in Uttarakhand. “Where will children from humble backgrounds study when schools are being shut and teachers are not being recruited?” he asked, adding that a Congress govt would prioritise employment, education and healthcare. Before the rally, Uttarakhand Congress chief Ganesh Godiyal and LoP Yashpal Arya led party workers in a protest outside Nainital SSP T C Manjunath’s office. They alleged that Congress workers were being stopped at Haldwani’s borders and accused the police of acting at the behest of the BJP govt.

End of Article",en,8/8/26 17:46,8/14/26 11:21,Dehradun|Nainital,recruitment_jobs|exam_paper_leak|protest_agitation|health_education|politics_governance,uttarakhand,newspaper4k,292
ae68ef989262e0ae21925f24f481fcc956b7baa5,https://www.thestatesman.com/india/ace-cricketer-rishabh-pant-seeks-land-from-uttarakhand-government-cm-dhami-assures-help-1503625742.html,https://thestatesman.com/india/ace-cricketer-rishabh-pant-seeks-land-from-uttarakhand-government-cm-dhami-assures-help-1503625742.html,gnews_uttarakhand_en,The Statesman,gnews,Ace cricketer Rishabh Pant seeks land from Uttarakhand government; CM Dhami assures help,Ace cricketer Rishabh Pant seeks land from Uttarakhand government; CM Dhami assures help  The Statesman,"Rishabh Pant told the Chief Minister he was willing to purchase the property from the government at official rates and wanted to build his first home in Uttarakhand.
Following ace cricketer Rishabh Pant’s request for land to build a house in his native state, Uttarakhand Chief Minister Pushkar Singh Dhami assured him that the government would extend all possible assistance. Dhami said he had instructed officials to explore ways to allocate land to Pant.
Dhami responded to a post by Pant on ‘X’ on Saturday, in which the cricketer sought the Uttarakhand government’s help in procuring land in his home state to build his first house.
Advertisement
Responding positively to Pant’s post in the early hours of Saturday, Chief Minister Dhami instructed officials to take necessary action to assist the Indian cricketer, who hails from Roorkee in Haridwar district.
Advertisement
Earlier, addressing Dhami in his post, Pant wrote: “@pushkardhami hello sir, how are you??? It’s been a long time for me, especially being a local from Uttarakhand. I have been trying to buy land to shift my base from Delhi to Uttarakhand. I couldn’t find anything facilitating and big enough to live here. I love my Uttarakhand. My humble request to you is, please help me in land acquisition because nowadays it has become a nightmare with clarity. Even other land is due which I was supposed to get when I was promoting the state. I wanna move back to my native place to help and build a house in Uttarakhand. I want to shift back to my Pahadi people. Please look into this matter. It’s been three years; I didn’t get any land. Awaiting your answer, @pushkardhami sir.”
Pant further stated that while receiving gifts for representing his state on international platforms would be appreciated, he would prefer the government’s assistance in purchasing land and property to build his first home in his home state.
“A gift would be lovely for representing our state at the highest level internationally, but if you allow me, I wanna buy it from the government and at their rates. At least I can have my first house built in my own state. Please be helpful. Seriously, didn’t know how to do it,” Pant added in his post.
Responding to Pant’s social media post, Chief Minister Dhami said, “Dear Rishabh, you are the pride of Uttarakhand. You have made the name of Devbhoomi shine across the country and the world with your brilliant performances and achievements in cricket. Your love for your homeland and willingness to return and contribute here is highly commendable.”
The Uttarakhand Chief Minister added in his reply to Pant on ‘X’ that instructions had been issued to the officials concerned regarding the issue raised by the cricketer.
Dhami assured Rishabh Pant, his family and his fans that the officials would soon get in touch with the ace cricketer to extend all possible support as per the applicable norms.
Advertisement",en,8/8/26 16:44,8/14/26 11:19,Haridwar,,chief minister|devbhoomi|dhami|uttarakhand|uttarakhand government,trafilatura,489
c787b13632145399b42ceef7104fca37b5585503,https://www.aninews.in/news/national/general-news/uttarakhand-govt-to-launch-mukhyamantri-yuva-vidyarthi-manthan-on-aug-1020260808220204,https://aninews.in/news/national/general-news/uttarakhand-govt-to-launch-mukhyamantri-yuva-vidyarthi-manthan-on-aug-1020260808220204,gnews_uttarakhand_en,ANI News,gnews,Uttarakhand govt to launch 'Mukhyamantri Yuva Vidyarthi Manthan' on Aug 10,Uttarakhand govt to launch 'Mukhyamantri Yuva Vidyarthi Manthan' on Aug 10  ANI News,,en,8/8/26 16:31,8/14/26 10:15,,,uttarakhand,,0
d5c1273aa8ed23360a8ac7f0a26b4d1674790f39,https://www.jagran.com/uttarakhand/dehradun-city-cm-dhami-to-engage-3-lakh-uttarakhand-students-for-states-future-40334209.html,https://jagran.com/uttarakhand/dehradun-city-cm-dhami-to-engage-3-lakh-uttarakhand-students-for-states-future-40334209.html,gnews_dhami_govt,jagran.com,gnews,"'युवा विद्यार्थी मंथन' से Gen-Z को साधेंगे सीएम धामी, उत्तराखंड के 3 लाख से ज्यादा छात्रों से करेंगे संवाद","'युवा विद्यार्थी मंथन' से Gen-Z को साधेंगे सीएम धामी, उत्तराखंड के 3 लाख से ज्यादा छात्रों से करेंगे संवाद  jagran.com","'युवा विद्यार्थी मंथन' से Gen-Z को साधेंगे सीएम धामी, उत्तराखंड के 3 लाख से ज्यादा छात्रों से करेंगे संवाद
मुख्यमंत्री पुष्कर सिंह धामी 10 अगस्त से 'युवा विद्यार्थी मंथन कार्यक्रम' शुरू करेंगे, जिसमें 3 लाख से अधिक छात्र उत्तराखंड के भविष्य पर अपने सुझाव दे ...और पढ़ें
HighLights
- मुख्यमंत्री धामी 3 लाख छात्रों से करेंगे सीधा संवाद।
- 'युवा विद्यार्थी मंथन' में उत्तराखंड के भविष्य पर सुझाव आमंत्रित।
- श्रेष्ठ 150 सुझावों पर मुख्यमंत्री करेंगे आमने-सामने चर्चा।
राज्य ब्यूरो, देहरादून। मुख्यमंत्री पुष्कर सिंह धामी राज्य की नई पीढ़ी के साथ सीधे संवाद कर भविष्य के उत्तराखंड की रूपरेखा पर मंथन करेंगे। युवाओं की सोच, अपेक्षाओं और सुझावों को नीति निर्माण से जोड़ने के उद्देश्य से मुख्यमंत्री युवा विद्यार्थी मंथन कार्यक्रम का शुभारंभ 10 अगस्त से किया जाएगा।
इस अभिनव पहल में प्रदेश के 2,800 से अधिक विद्यालयों के कक्षा 11 और 12 के तीन लाख से ज्यादा विद्यार्थी ऑनलाइन माध्यम से अपने विचार और सुझाव मुख्यमंत्री के साथ साझा करेंगे।
इस पहल की खास बात यह है कि इसमें वे विद्यार्थी भाग ले रहे हैं, जिनका जन्म उत्तराखंड राज्य गठन के बाद हुआ है। सरकार का मानना है कि आने वाले वर्षों में यही युवा राज्य की विकास यात्रा के प्रमुख भागीदार होंगे। विद्यार्थियों से हिंदी अथवा अंग्रेजी में विभिन्न विषयों पर सुझाव आमंत्रित किए जाएंगे।
विद्यार्थी बताएंगे कैसा हो अपना उत्तराखंड
विद्यार्थियों से पर्यटन विकास, रोजगार के अवसर, वन एवं पर्यावरण संरक्षण, आधुनिक शिक्षा व्यवस्था, राज्य के विकास में महिलाओं की भूमिका, सड़क एवं कनेक्टिविटी, चिकित्सा एवं स्वास्थ्य तथा तकनीकी विकास जैसे विषयों पर सुझाव मांगे जाएंगे
24 अगस्त तक ऑनलाइन भेज सकेंगे प्रविष्टियां
विद्यार्थी अपने विद्यालयों के माध्यम से ऑनलाइन प्रविष्टियां अपलोड कर सकेंगे। प्रविष्टियां जमा करने की अंतिम तिथि 24 अगस्त निर्धारित की गई है। सफलतापूर्वक प्रविष्टि जमा करने वाले प्रत्येक प्रतिभागी को डिजिटल प्रमाणपत्र भी दिया जाएगा। अनुमान है कि तीन लाख से अधिक विद्यार्थी इसमें भाग लेंगे।
खबरें और भी
150 श्रेष्ठ सुझावों पर मुख्यमंत्री करेंगे मंथन
प्राप्त सुझावों में से करीब 150 उत्कृष्ट प्रविष्टियों का चयन विशेषज्ञों की टीम करेगी। चयनित विद्यार्थियों के साथ मुख्यमंत्री धामी आमने-सामने संवाद करेंगे। मंथन सत्र में संबंधित विभागों के सचिव भी मौजूद रहेंगे। उपयोगी सुझावों को नीति और विकास योजनाओं में शामिल करने की संभावनाओं पर चर्चा होगी।
संवाद की संस्कृति को हमेशा प्राथमिकता दी: धामी
मुख्यमंत्री पुष्कर सिंह धामी ने कहा कि उनकी सरकार ने हमेशा संवाद की संस्कृति को प्राथमिकता दी है। राज्य गठन के बाद जन्मी नई पीढ़ी की सोच, अपेक्षाएं और तकनीक के प्रति दृष्टिकोण अलग है। उनकी बात सुनना और समझना जरूरी है। नई सोच और तकनीक के साथ उत्तराखंड देश और दुनिया के साथ कदम से कदम मिलाकर आगे बढ़ेगा।",hi,8/8/26 16:30,8/14/26 11:17,Dehradun,protest_agitation|infrastructure|health_education|tourism_religion|politics_governance,उत्तराखंड|धामी|पुष्कर सिंह धामी|मुख्यमंत्री,trafilatura,439
a4619138f07aa8c54d95229dfa07402b21f78923,https://www.jagran.com/uttarakhand/dehradun-city-uttarakhand-to-provide-10000-jobs-via-mega-job-fairs-40334107.html,https://jagran.com/uttarakhand/dehradun-city-uttarakhand-to-provide-10000-jobs-via-mega-job-fairs-40334107.html,gnews_protest_youth,Jagran,gnews,"उत्तराखंड में 10 हजार युवाओं को मिलेगी नौकरी, देहरादून समेत 4 जिलों में लगेंगे बड़े रोजगार मेले","उत्तराखंड में 10 हजार युवाओं को मिलेगी नौकरी, देहरादून समेत 4 जिलों में लगेंगे बड़े रोजगार मेले  Jagran","उत्तराखंड में 10 हजार युवाओं को मिलेगी नौकरी, देहरादून समेत 4 जिलों में लगेंगे बड़े रोजगार मेले
उत्तराखंड तकनीकी शिक्षा विभाग अगले चार महीनों में चार रोजगार मेलों के माध्यम से 10,000 बेरोजगार युवाओं को बहुराष्ट्रीय कंपनियों में नौकरी दिलाएगा। ...और पढ़ें
HighLights
- 10 हजार युवाओं को बहुराष्ट्रीय कंपनियों में मिलेगा रोजगार।
- अगले चार माह में गढ़वाल-कुमाऊं में लगेंगे चार रोजगार मेले।
- पॉलीटेक्निक, आईटीआई, उच्च शिक्षा छात्रों को मिलेगा अवसर।
राज्य ब्यूरो, देहरादून। प्रदेश के 10 हजार बेरोजगार युवाओं को देशभर की विभिन्न बहुराष्ट्रीय कंपनियों में रोजगार दिलाने के लिए तकनीकी शिक्षा विभाग विशेष अभियान चलाएगा। इसके तहत अगले चार माह में गढ़वाल और कुमाऊं मंडल में दो-दो रोजगार मेलों का आयोजन किया जाएगा। इनमें विद्यालयी शिक्षा,उच्च शिक्षा, सेवायोजन और कौशल विकास विभाग भी भागीदारी करेंगे।
तकनीकी शिक्षा मंत्री डॉ. धन सिंह रावत ने शनिवार को अपने शासकीय आवास पर हुई विभागीय समीक्षा बैठक में अधिकारियों को सभी लंबित कार्य निर्धारित समय में पूरा करने के निर्देश दिए। उन्होंने कहा कि राज्य सरकार का लक्ष्य अधिक से अधिक युवाओं को रोजगार उपलब्ध कराना है। सरकार अब तक 42 हजार युवाओं को रोजगार दे चुकी है, जिसमें स्थायी, संविदा और आउटसोर्स कार्मिक शामिल हैं।
डॉ. रावत ने बताया कि रोजगार मेले श्रीनगर और देहरादून में गढ़वाल मंडल तथा काशीपुर और अल्मोड़ा में कुमाऊं मंडल में आयोजित होंगे। इनमें पॉलीटेक्निक, आईटीआई और राजकीय इंजीनियरिंग कॉलेजों के पासआउट व अंतिम वर्ष के छात्र-छात्राओं के साथ विद्यालयी शिक्षा के व्यावसायिक पाठ्यक्रम करने वाले युवाओं को भी अवसर मिलेगा।
उच्च शिक्षा प्राप्त कर रहे विद्यार्थियों और ग्रामीण क्षेत्रों के बेरोजगार युवाओं को भी निजी कंपनियों में रोजगार का मौका दिया जाएगा। विभाग एक सप्ताह के भीतर निश्शुल्क ऑनलाइन पंजीकरण शुरू करेगा।
रोजगार मेलों की रूपरेखा तैयार करेंगे अधिकारी
रोजगार मेलों की रूपरेखा तय करने के लिए शीघ्र उच्चस्तरीय संयुक्त बैठक बुलाई जाएगी। बैठक में सचिव उच्च शिक्षा बीवीआरसी पुरुषोत्तम, सचिव तकनीकी शिक्षा डॉ. रणजीत कुमार सिन्हा सहित विभागीय अधिकारी मौजूद रहे।
खबरें और भी
विभागों में बनेगा मीडिया सेल
समीक्षा बैठक में डॉ. रावत ने विभागीय मुख्यालयों में मीडिया सेल गठित करने के निर्देश भी दिए। इसमें आईटी एवं तकनीकी रूप से दक्ष तीन कार्मिक होंगे, जो विभागीय वेबसाइट और इंटरनेट मीडिया प्लेटफॉर्म को नियमित अपडेट करने के साथ सरकार की योजनाओं, उपलब्धियों और नवाचारों की जानकारी आमजन तक पहुंचाएंगे।",hi,8/8/26 14:10,8/14/26 10:14,Dehradun|Udham Singh Nagar|Almora,recruitment_jobs|protest_agitation|health_education|politics_governance,उत्तराखंड|कुमाऊं|गढ़वाल|राज्य सरकार,trafilatura,378
bf917452524732d95ca1b6fbe737399e13d85e90,https://hindi.news18.com/photogallery/uttarakhand/nainital-best-girls-schools-st-mary-convent-all-saints-college-ggic-mohan-lal-sah-bal-vidya-mandir-local18-10730867.html,https://hindi.news18.com/photogallery/uttarakhand/nainital-best-girls-schools-st-mary-convent-all-saints-college-ggic-mohan-lal-sah-bal-vidya-mandir-local18-10730867.html,news18_hindi_uttarakhand,News18 Hindi,rss,"Nainital Girls Schools : सेंट मैरी से एशडेल इंटर कॉलेज तक...ये नैनीताल के टॉप 5 गर्ल्स स्कूल, 100 साल से भी ज्यादा पुराने","Girls Schools in Nainital : नैनीताल की पहचान आमतौर पर झील, पहाड़ और पर्यटन से जुड़ी हुई है, लेकिन शहर की एक और खास पहचान है, बालिका शिक्षा. नैनीताल में लड़कियों के लिए कई स्कूल बेहद चर्चित हैं. सेंट मैरी कॉन्वेंट स्कूल इनमें से एक है. आईसीएससी बोर्ड से संबद्ध इस स्कूल की पहचान पढ़ाई के अलावा व्यक्तित्व विकास के लिए होने वाली गतिविधियों से भी है. नैनीताल का ऑल सेंट्स कॉलेज 1869 में स्थापित हुआ, जो आज शहर की पहचान बन चुका है. यह संस्थान देश के सबसे पुराने बालिका विद्यालयों में गिना जाता है. सूखाताल में स्थित एशडेल बालिका इंटर कॉलेज, उत्तराखंड बोर्ड से संबद्ध है. यह स्कूल कम फीस में अपनी क्वालिटी एजुकेशन के लिए अलग स्थान रखता है.",,hi,8/8/26 12:44,8/14/26 11:13,Nainital,health_education|tourism_religion,उत्तराखंड,,0
ddcb4c969ecd95049fc8a7f29365a848fc5e5bc9,https://hindi.news18.com/news/dharm/where-bholenath-drank-poison-nileshwar-mahadev-temple-local18-10730933.html,https://hindi.news18.com/news/dharm/where-bholenath-drank-poison-nileshwar-mahadev-temple-local18-10730933.html,news18_hindi_uttarakhand,News18 Hindi,rss,"Nileshwar Mahadev : यहीं भोलेनाथ ने पिया जहर, सामने दिखता उनका ससुराल, जानिए हरिद्वार में ये जगह कहां?","Nileshwar Mahadev Temple Haridwar : शिवरात्रि पर इस स्थान का महत्व सबसे अधिक है. यहीं पर भोलेनाथ ने समुद्र मंथन से निकला विष पिया था. इस स्थान से भगवान शिव का ससुराल दिखाई देता है. जब माता सती ने अपने प्राण त्यागे तो भगवान ने क्रोध में इसी जगह पर अपनी जटा से वीरभद्र को पैदा किया था. लोकल 18 से पुजारी राघव भारती बताते हैं कि यह मंदिर सतयुग के समय का है. श्रावण मास में इस प्राचीन स्थान का महत्व और अधिक बढ़ जाता है. पुजारी राघव के मुताबिक, नीलेश्वर महादेव मंदिर में एक लोटा गंगाजल चढ़ाने से हजार गुना फल मिलता है.",,hi,8/8/26 12:13,8/14/26 11:13,Haridwar,tourism_religion,,,0
6c747de98b922a894d0e2d9ef9b2579ee1a3d471,https://hindi.news18.com/photogallery/lifestyle/travel-these-are-historic-buildings-of-nainital-where-injoy-weather-best-tourist-point-local18-10731125.html,https://hindi.news18.com/photogallery/lifestyle/travel-these-are-historic-buildings-of-nainital-where-injoy-weather-best-tourist-point-local18-10731125.html,news18_hindi_uttarakhand,News18 Hindi,rss,"नैनीताल की वो 7 खास जगहें, जहां आज भी दिखती है ब्रिटिश दौर की झलक, घूमने जाएं तो जरूर देखें","Nainital News: अगर आप नैनीताल घूमने का प्लान बना रहे हैं और सिर्फ प्राकृतिक सुंदरता ही नहीं, बल्कि इतिहास और विरासत को भी करीब से महसूस करना चाहते हैं, तो शहर की कुछ ऐतिहासिक इमारतें आपको सीधे ब्रिटिश दौर में ले जाएंगी. अंग्रेजों की ओर से बसाई गई इस झील नगरी में आज भी कई ऐसी धरोहरें मौजूद हैं, जिन्होंने अपनी पुरानी पहचान और आकर्षण को संजोकर रखा है.",,hi,8/8/26 12:03,8/14/26 11:13,Nainital,,,,0
8318652fe98a0019658fa87b65be2da18eb46bdc,https://www.jagran.com/uttarakhand/dehradun-city-uttarakhand-ranks-top-5-in-cybercrime-management-review-40333956.html,https://jagran.com/uttarakhand/dehradun-city-uttarakhand-ranks-top-5-in-cybercrime-management-review-40333956.html,gnews_dhami_govt,jagran.com,gnews,"साइबर सुरक्षा में उत्तराखंड देश के टाॅप पांच राज्यों में शामिल, मुख्यमंत्री धामी ने पुलिस व एसटीएफ को दी बधाई","साइबर सुरक्षा में उत्तराखंड देश के टाॅप पांच राज्यों में शामिल, मुख्यमंत्री धामी ने पुलिस व एसटीएफ को दी बधाई  jagran.com","साइबर सुरक्षा में उत्तराखंड देश के टाॅप पांच राज्यों में शामिल, मुख्यमंत्री धामी ने पुलिस व एसटीएफ को दी बधाई
उत्तराखंड ने साइबर अपराध नियंत्रण और पीड़ितों को त्वरित राहत दिलाने में राष्ट्रीय स्तर पर बड़ी उपलब्धि हासिल की है। ...और पढ़ें
समय कम है?
जानिए मुख्य बातें और खबर का सार एक नजर में
राज्य ब्यूरो, जागरण, देहरादून। साइबर अपराध नियंत्रण और पीड़ितों को त्वरित राहत पहुंचाने के मामले में उत्तराखंड ने राष्ट्रीय स्तर पर बड़ी उपलब्धि हासिल की है। प्रधानमंत्री कार्यालय (पीएमओ) की प्रगति समीक्षा में राज्य को साइबर अपराध प्रबंधन के क्षेत्र में देश के शीर्ष पांच राज्यों में स्थान मिला है।
मुख्यमंत्री पुष्कर सिंह धामी ने इस उपलब्धि पर उत्तराखंड पुलिस, एसटीएफ और संबंधित एजेंसियों को बधाई देते हुए इसे आधुनिक तकनीक, प्रभावी कार्यप्रणाली और बेहतर समन्वय का परिणाम बताया है।
इंडियन साइबर क्राइम कोआर्डिनेशन सेंटर ने किया मूल्यांकन
पीएमओ की ओर से छह अगस्त को आयोजित समीक्षा बैठक में एक जनवरी से 31 जुलाई, 2026 तक के प्रदर्शन का आकलन किया गया। गृह मंत्रालय के इंडियन साइबर क्राइम कोआर्डिनेशन सेंटर ने राज्यों का मूल्यांकन किया।
उत्तराखंड को विशेष रूप से साइबर क्राइम काेआर्डिनेशन सेंटर की स्थापना, ई-जीरो एफआइआर के प्रभावी क्रियान्वयन, साइबर ठगी के पीड़ितों की धनराशि वापस दिलाने, सहयोग और समन्वय पोर्टलों के बेहतर उपयोग तथा व्यापक साइबर जागरूकता अभियानों के लिए सराहना मिली। राज्य सरकार उत्तराखंड स्टेट साइबर क्राइम कोआर्डिनेशन सेंटर की स्थापना के लिए अधिसूचना जारी कर चुकी है और इसके लिए अलग भवन व आधारभूत ढांचे का भी प्रविधान किया गया है।
पुलिस महानिदेशक दीपम सेठ ने कहा कि यह उपलब्धि राज्य सरकार के मार्गदर्शन, उत्तराखंड पुलिस, एसटीएफ और सभी संबंधित इकाइयों के तकनीक आधारित समन्वित प्रयासों का परिणाम है। जनता से अपील की गई है कि ओटीपी, यूपीआइ पिन, सीवीवी और बैंक संबंधी गोपनीय जानकारी किसी के साथ साझा न करें तथा साइबर ठगी होने पर तुरंत 1930 हेल्पलाइन या राष्ट्रीय साइबर पोर्टल पर शिकायत दर्ज कराएं।",hi,8/8/26 11:55,8/14/26 11:17,Dehradun,protest_agitation|politics_governance,उत्तराखंड|धामी|पुष्कर सिंह धामी|मुख्यमंत्री|राज्य सरकार,trafilatura,317
03d8a35d2a2278a32946e0dab5d5b28c376a92b4,https://hindi.theprint.in/india/if-the-central-government-is-right-then-it-should-hold-a-debate-in-parliament-on-the-students-protest-kharge/1011020/,https://hindi.theprint.in/india/if-the-central-government-is-right-then-it-should-hold-a-debate-in-parliament-on-the-students-protest-kharge/1011020,gnews_protest_youth,ThePrint Hindi,gnews,अगर केंद्र सरकार सही है तो छात्रों के आंदोलन पर संसद में बहस कराए: खरगे,अगर केंद्र सरकार सही है तो छात्रों के आंदोलन पर संसद में बहस कराए: खरगे  ThePrint Hindi,"Text Size:

हल्द्वानी, आठ अगस्त (भाषा) कांग्रेस अध्यक्ष मल्लिकार्जुन खरगे ने राष्ट्रीय पात्रता सह प्रवेश परीक्षा (नीट) के प्रश्नपत्र लीक मामले में केंद्र सरकार पर निशाना साधते हुए शनिवार को प्रधानमंत्री नरेन्द्र मोदी और केंद्रीय गृह मंत्री अमित शाह को चुनौती दी कि अगर वे सही है तो छात्रों के आंदोलन के मुद्दे पर संसद में बहस कराएं।

खरगे ने यहां रामलीला मैदान से पार्टी के चुनावी अभियान का ‘विजय शंखनाद’ करते हुए कहा कि बार-बार प्रश्नपत्र लीक होने से छात्र परेशान हैं और जब वे अपनी मांगों को लेकर जंतर-मंतर पर आंदोलन करते हैं तो उनके साथ दमनात्मक रवैया अपनाया जाता है।

उत्तराखंड में अगले साल विधानसभा चुनाव प्रस्तावित हैं।

खरगे ने यह भी कहा कि संसद में विपक्ष ने नहीं बल्कि खुद सरकार ने सदन को चलने नहीं दिया।

उन्होंने कहा, “मोदी जी, तुमसे और तुम्हारे शाह से नहीं डरते। 56 इंच की छाती सिकुड़ गई क्या? विद्यार्थियों से बात नहीं कर सकते क्या?”

कांग्रेस अध्यक्ष ने कहा कि कांग्रेस कार्यकर्ता किसी दबाव से डरने वाले नहीं हैं और पार्टी संविधान, लोकतंत्र, गरीबों, महिलाओं और छात्रों के अधिकारों की रक्षा के लिए संघर्ष कर रही है।

उन्होंने राहुल गांधी की भारत जोड़ो यात्रा का उल्लेख करते हुए कहा कि राहुल ने कन्याकुमारी से कश्मीर तक संविधान और लोकतंत्र की रक्षा के लिए पदयात्रा की।

खरगे ने बेरोजगारी के मुद्दे को लेकर केंद्र पर निशाना साधते हुए कहा कि 2014 में हर साल दो करोड़ रोजगार देने का वादा किया गया था।

उन्होंने सवाल किया कि युवाओं को कितनी नौकरियां मिलीं?

खरगे ने दावा किया, “देश में करीब 30 लाख सरकारी पद रिक्त हैं लेकिन उन्हें भरा नहीं जा रहा। ऐसे में विकसित भारत की बात कैसे की जा सकती है।”

उन्होंने कहा कि कांग्रेस के पास रोजगार और विकास को लेकर विजन और योजना है।

कांग्रेस अध्यक्ष ने वादा किया कि कांग्रेस सत्ता में आई तो योग्यता के आधार पर सरकारी नौकरी देने की व्यवस्था को मजबूत करेगी।

उन्होंने उत्तराखंड के युवाओं को होनहार बताते हुए अल्मोड़ा के युवा आविष्कारक रवि टम्टा का भी जिक्र किया और कहा कि उन्होंने अपने दम पर उड़ने वाली कार तैयार की है।

खरगे ने भ्रष्टाचार के मुद्दे पर कहा कि कांग्रेस नेताओं को भ्रष्टाचार के आरोप में जेल भेजने की बात करने के बाद भाजपा उन्हीं आरोपों से घिरे नेताओं को शामिल कर लेती है।

उन्होंने तंज कसते हुए कहा कि भाजपा ने ऐसे नेताओं को ‘वॉशिंग मशीन’ में डालकर साफ करने का काम शुरू कर दिया है।

खरगे ने कहा कि कांग्रेस ने सत्ता में रहते हुए खाद्य सुरक्षा कानून और मनरेगा जैसे कानून बनाए जबकि भाजपा के पास गरीबों व युवाओं के लिए ठोस योजना नहीं है।

उन्होंने दिवंगत पूर्व प्रधानमंत्री मनमोहन सिंह के कार्यकाल का भी जिक्र किया और कहा कि उस समय कांग्रेस सरकार ने किसानों का करीब 62 हजार करोड़ रुपये का कर्ज माफ किया था।

खरगे ने महात्मा गांधी द्वारा शुरू किए गए ‘भारत छोड़ो आंदोलन’ का जिक्र करते हुए आरोप लगाया कि भाजपा और संघ का आजादी के आंदोलन में कोई योगदान नहीं रहा लेकिन वे आज कांग्रेस को देशभक्ति का पाठ पढ़ा रहे हैं।

उन्होंने उत्तराखंड सरकार पर सभी मोर्चों पर विफल रहने का आरोप लगाया और कहा कि वह राज्य में सड़कों के गड्ढे तक नहीं भर पा रही है।

कांग्रेस के वरिष्ठ नेता ने कहा कि जनता वर्तमान सरकार से परेशान है और उन्होंने दावा किया कि अगले चुनाव के बाद प्रदेश में कांग्रेस की ही सरकार बनेगी।

खरगे की जनसभा से पहले कांग्रेस नेताओं और कार्यकर्ताओं ने पार्टी कार्यकर्ताओं को लेकर आ रही बसों और वाहनों को रोके जाने का आरोप लगाते हुए हल्द्वानी में एसएसपी कार्यालय के बाहर धरना दिया था।

इस दौरान, कांग्रेस की प्रदेश इकाई के अध्यक्ष गणेश गोदियाल और नेता प्रतिपक्ष यशपाल आर्य भी कार्यकर्ताओं के साथ धरने पर बैठे।

आर्य ने पुलिस प्रशासन पर ‘सरकार के एजेंट’ के रूप में काम करने का आरोप लगाते हुए कहा कि कि कांग्रेस कार्यकर्ताओं को सभा में पहुंचने से रोकने के लिए बेवजह वाहनों की जांच की जा रही है।

हल्द्वानी से कांग्रेस विधायक सुमित हृदयेश ने ‘फेसबुक’ लाइव के जरिए नैनीताल के वरिष्ठ पुलिस अधीक्षक मंजूनाथ टीसी पर आरोप लगाया कि पार्टी के राष्ट्रीय अध्यक्ष की सभा में आने वाले लोगों की गाड़ियों को जबरन रोका जा रहा है।

उन्होंने पुलिस की कार्यशैली के खिलाफ आंदोलन की चेतावनी भी दी।

भाषा सं दीप्ति जितेंद्र

जितेंद्र

यह खबर ‘भाषा’ न्यूज़ एजेंसी से ‘ऑटो-फीड’ द्वारा ली गई है. इसके कंटेंट के लिए दिप्रिंट जिम्मेदार नहीं है.",hi,8/8/26 11:34,8/14/26 11:18,Nainital|Almora,recruitment_jobs|exam_paper_leak|protest_agitation|infrastructure|politics_governance,उत्तराखंड|उत्तराखंड सरकार|विधानसभा,newspaper4k,737
c7f3f358c6e214a212bd1ffc6af6a2f87d3e1a99,https://www.abplive.com/states/up-uk/uttarakhand-high-court-shifting-nainital-to-haldwani-land-approval-by-pushkar-singh-dhami-government-ann-3172337,https://abplive.com/states/up-uk/uttarakhand-high-court-shifting-nainital-to-haldwani-land-approval-by-pushkar-singh-dhami-government-ann-3172337,gnews_dhami_govt,ABP News,gnews,नैनीताल से हल्द्वानी शिफ्ट होगा उत्तराखंड हाईकोर्ट? धामी कैबिनेट ने जमीन को,नैनीताल से हल्द्वानी शिफ्ट होगा उत्तराखंड हाईकोर्ट? धामी कैबिनेट ने जमीन को  ABP News,"नैनीताल से हल्द्वानी शिफ्ट होगा उत्तराखंड हाईकोर्ट? धामी कैबिनेट ने जमीन को दी मंजूरी
Nainital News In Hindi: उत्तराखंड हाईकोर्ट को नैनीताल से हल्द्वानी शिफ्ट करने की प्रक्रिया तेज हो गई है. धामी कैबिनेट ने नए परिसर के लिए 30 हेक्टेयर जमीन उपलब्ध कराने को मंजूरी दी है.
उत्तराखंड हाईकोर्ट को नैनीताल से हल्द्वानी क्षेत्र में स्थानांतरित करने की दिशा में बड़ा कदम उठाया गया है. मुख्यमंत्री पुष्कर सिंह धामी की अध्यक्षता में हुई कैबिनेट बैठक में हाईकोर्ट के नए परिसर के लिए 30 हेक्टेयर भूमि उपलब्ध कराने के प्रस्ताव को मंजूरी दे दी गई. सरकार के इस फैसले के बाद लंबे समय से चल रही हाईकोर्ट शिफ्टिंग की कवायद को नई रफ्तार मिलने की उम्मीद है.
शुक्रवार को हुई राज्य मंत्रिमंडल की बैठक में कुल 15 महत्वपूर्ण प्रस्तावों पर चर्चा के बाद मंजूरी दी गई. इनमें उत्तराखंड हाईकोर्ट के नए परिसर के लिए भूमि उपलब्ध कराने का प्रस्ताव भी शामिल था.
सरकार देगी 30 हेक्टेयर जमीन
सरकार ने नए परिसर के लिए 30 हेक्टेयर जमीन उपलब्ध कराने का निर्णय लिया है. इस जमीन पर भविष्य की जरूरतों को देखते हुए आधुनिक न्यायिक परिसर विकसित किए जाने की योजना है, जिसमें अदालत भवन के साथ अधिवक्ताओं, वादकारियों और प्रशासनिक व्यवस्थाओं से जुड़ी सुविधाएं भी शामिल होंगी.
नैनीताल में बढ़ती भीड़ और सुविधाओं की कमी बनी वजह
उत्तराखंड हाईकोर्ट वर्तमान में नैनीताल में संचालित हो रहा है. लेकिन पिछले वर्षों में मुकदमों की संख्या बढ़ने के साथ ही अधिवक्ताओं और वादकारियों की संख्या में भी इजाफा हुआ है. नैनीताल की भौगोलिक स्थिति के कारण बड़े स्तर पर विस्तार की संभावनाएं सीमित हैं. पर्यटन सीजन के दौरान शहर में बढ़ता यातायात, पार्किंग की समस्या और पहुंच से जुड़ी दिक्कतों को देखते हुए हाईकोर्ट के लिए नए स्थान की जरूरत महसूस की जा रही थी.
30 हेक्टेयर जमीन मिलने से आगे बढ़ेगी निर्माण प्रक्रिया
कैबिनेट की मंजूरी के बाद अब प्रस्तावित नए परिसर की योजना तैयार करने का रास्ता साफ हो गया है. जमीन मिलने के बाद न्यायिक भवन, पार्किंग, अधिवक्ता सुविधाएं, कर्मचारियों के लिए व्यवस्था और अन्य आधारभूत ढांचे को लेकर आगे की प्रक्रिया शुरू की जाएगी. हालांकि सरकार के फैसले का मतलब यह नहीं है कि हाईकोर्ट तुरंत नैनीताल से हल्द्वानी स्थानांतरित हो जाएगा. स्थानांतरण के लिए कई वैधानिक, न्यायिक और निर्माण संबंधी प्रक्रियाएं पूरी करनी होंगी.
हल्द्वानी में हाईकोर्ट बनने से बढ़ेगी लोगों की पहुंच
हल्द्वानी कुमाऊं क्षेत्र का प्रमुख शहर है और सड़क व रेल नेटवर्क से अच्छी तरह जुड़ा हुआ है. मैदानी क्षेत्र में होने के कारण यहां बड़े परिसर और सुविधाओं के विस्तार की संभावनाएं भी अधिक हैं. जानकारों के अनुसार, हल्द्वानी में नया हाईकोर्ट परिसर बनने से कुमाऊं के साथ-साथ गढ़वाल क्षेत्र से आने वाले लोगों को भी बेहतर कनेक्टिविटी मिल सकती है.
फिलहाल धामी सरकार के इस फैसले ने हाईकोर्ट शिफ्टिंग की प्रक्रिया को एक अहम पड़ाव तक पहुंचा दिया है. अब आने वाले समय में प्रस्तावित जमीन पर परिसर की डिजाइन, निर्माण योजना और अन्य प्रशासनिक प्रक्रियाएं इस मामले की अगली बड़ी कड़ी होंगी.",hi,8/8/26 11:30,8/14/26 11:17,Nainital,investigation_justice|infrastructure|tourism_religion|politics_governance,उत्तराखंड|कुमाऊं|गढ़वाल|धामी|पुष्कर सिंह धामी|मुख्यमंत्री,trafilatura,490
feef84e01dc37b192d46f82563cef52dbc14e918,https://hindi.news18.com/photogallery/lifestyle/recipe-best-kathi-rolls-in-dehradun-street-food-guide-rajpur-road-food-nazim-kathi-roll-local18-10730727.html,https://hindi.news18.com/photogallery/lifestyle/recipe-best-kathi-rolls-in-dehradun-street-food-guide-rajpur-road-food-nazim-kathi-roll-local18-10730727.html,news18_hindi_uttarakhand,News18 Hindi,rss,कोलकाता से दिल्ली तक का स्वाद! देहरादून के इन 5 स्पॉट्स पर मिलते हैं सबसे ज़ायक़ेदार वेज और नॉन-वेज रोल्स,"Dehradun Street Food: देहरादून की रिमझिम बरसात में गरमा-गरम और चटपटे काठी रोल्स का मज़ा मौसम को शानदार बना देता है. कोलकाता के पारंपरिक स्वाद से लेकर दिल्ली के मसालेदार ज़ायके तक, शहर में वेज और नॉन-वेज रोल्स के कई बेहतरीन स्पॉट्स हैं. नाज़िम, 36 चौरंगी लेन, काठी जंक्शन और रोल्स किंग जैसे मशहूर ठिकानों पर ₹60 से ₹220 के बजट में क्रिस्पी लच्छा पराठा, जूसी चिकन और मखमली पनीर रोल्स की शानदार वैरायटी मिलती है. दून के टॉप 5 काठी रोल जॉइंट्स की पूरी लिस्ट यहां देखें...",,hi,8/8/26 10:54,8/14/26 11:13,Dehradun,,,,0
a0eebd0dbef6f330de58cd9ba257a5dfcca9af78,https://hindi.news18.com/photogallery/uttarakhand/rishikesh-rishikesh-kanwar-yatra-sawan-ganga-ghat-shiv-bhakti-2026-local18-10730610.html,https://hindi.news18.com/photogallery/uttarakhand/rishikesh-rishikesh-kanwar-yatra-sawan-ganga-ghat-shiv-bhakti-2026-local18-10730610.html,news18_hindi_uttarakhand,News18 Hindi,rss,"गंगा स्नान, भगवा रंग और शिवभक्ति... सावन में ऐसा दिख रहा है ऋषिकेश का नजारा, देखिए तस्वीरें","सावन का महीना आते ही ऋषिकेश में आस्था का अनूठा संगम देखने को मिल रहा है. गंगा घाटों पर स्नान करने पहुंचे श्रद्धालु कांवड़ में गंगाजल भरकर अपने गंतव्य की ओर रवाना हो रहे हैं. शहर की सड़कों पर भगवा वस्त्रधारी कांवड़ियों की लंबी कतारें, हर-हर महादेव के जयकारे और जगह-जगह लग रहे सेवा शिविर ऋषिकेश को पूरी तरह शिवमय बना रहे हैं.",,hi,8/8/26 10:15,8/14/26 11:13,Dehradun,tourism_religion,,,0
0954d9ffc917eef84ac484cf01e5cdf2426be6ea,https://hindi.news18.com/news/uttarakhand/haridwar-kanwar-yatra-mega-coverage-over-25-million-shiva-devotees-go-with-gangajal-under-tight-security-local18-10730431.html,https://hindi.news18.com/news/uttarakhand/haridwar-kanwar-yatra-mega-coverage-over-25-million-shiva-devotees-go-with-gangajal-under-tight-security-local18-10730431.html,news18_hindi_uttarakhand,News18 Hindi,rss,"हर-हर महादेव के जयकारे से गूंजा हरिद्वार, ढाई करोड़ शिवभक्त गंगाजल भरकर चले शिव धाम, पुलिस 24 घंटे मुस्तैद","Haridwar News: हरिद्वार से गंगाजल भरकर वाहनों पर डाक कांवड़िए अपनी मंजिल की ओर बढ़ रहे हैं. सड़कों पर डाक कांवड़ियों का दबदबा दिख रहा है. प्रशासनिक आंकड़ों के अनुसार, 7 अगस्त की शाम 6:00 बजे तक 2 करोड़ 64 लाख 8 हजार कांवड़िए हर की पौड़ी से गंगाजल भरकर अपने गंतव्य की ओर जा चुके हैं.",,hi,8/8/26 9:21,8/14/26 11:13,Haridwar|Pauri Garhwal,infrastructure|tourism_religion,,,0
0f2c3a7b4e90415c262b01630904a577475e309a,https://www.abplive.com/states/up-uk/uttarakhand-news-ravi-tamta-from-almora-has-built-a-flying-car-ann-3172312,https://abplive.com/states/up-uk/uttarakhand-news-ravi-tamta-from-almora-has-built-a-flying-car-ann-3172312,gnews_uttarakhand_hi,ABP News,gnews,"उत्तराखंड के युवक ने बनाई फ्लाइंग कार, CM धामी भी हुए टैलेंट के मुरीद","उत्तराखंड के युवक ने बनाई फ्लाइंग कार, CM धामी भी हुए टैलेंट के मुरीद  ABP News","उत्तराखंड के युवक ने बनाई 'फ्लाइंग कार', CM धामी भी हुए टैलेंट के मुरीद
Uttarakhand Flying Car: अल्मोड़ा की जागेश्वर विधानसभा के काफलीखान गांव के युवा ने रवि टम्टा ने एक फ्लाइंग व्हीकल प्रोटोटाइप का सफल टेस्ट कर अपनी काबिलियत का लोहा मनवाया है.
लोकप्रिय कॉमिक्स 'चाचा चौधरी और उड़ने वाली कार' आपने बचपन में जरूर पढ़ी होगी, तब ये सब बातें महज एक कल्पना मात्र लगती थीं. मगर, अब ऐसा नहीं है, उत्तराखंड के अल्मोड़ा के रहने वाला युवक ने इस कल्पना को हकीकत में बदला है. अल्मोड़ा की जागेश्वर विधानसभा के काफलीखान गांव के रहने वाले रवि टम्टा ने उड़ने वाली कार बनाई है. अल्मोड़ा के युवा के इस टैलेंट की हर कोई तारीफ कर रहा है.
अल्मोड़ा की जागेश्वर विधानसभा के काफलीखान गांव के युवा ने रवि टम्टा ने एक फ्लाइंग व्हीकल प्रोटोटाइप का सफल टेस्ट कर अपनी काबिलियत का लोहा मनवाया है. अल्मोड़ा के रवि टम्टा की फ्लाइंग व्हीकल सोशल मिडिया में छाई हुई है. रवि ने अपनी मशीन का ट्रायल अल्मोड़ा के एक मैदान में किया.
रवि के इनोवेशन का बड़ा हिस्सा है मशीन
सूत्रों से मिली जानकारी के अनुसार, रवि ने देहरादून के पेट्रोलियम विश्वविद्यालय से पढ़ाई की है. रवि की ये मशीन एक बड़ा इनोवेशन है. रवि हैपिका स्काई प्राइवेट लिमिटेड के सीईओ है. रवि टम्टा इस प्रोजेक्ट को एक सुरक्षित, इलेक्ट्रिक पर्सनल फ्लाइंग व्हीकल बनाने और भारत में पर्सनल स्काई मोबिलिटी लाने के मकसद से डेवलप कर रहे हैं. कई सालों की मेहतन और टेस्टिंग के बाद प्रोटोटाइप का सफलतापूर्वक उड़ान भरना प्रोजेक्ट के लिए पहला बड़ा माइलस्टोन है.
उत्तराखंड के अल्मोड़ा के युवा इनोवेटर रवि टम्टा जी को ड्रोन तकनीक में नवाचार करते हुए HAPIDA SKYNEX प्रोटोटाइप के सफल उड़ान परीक्षण पर हार्दिक बधाई।
आपकी यह उपलब्धि सिद्ध करती है कि हमारे युवाओं में प्रतिभा, नवाचार और वैज्ञानिक सोच की कोई कमी नहीं है। आपका यह अभिनव प्रयास… pic.twitter.com/sR7KZ8AWoO
"">
सीएम धामी ने दी बधाई, शेयर की वीडियो
मुख्यमंत्री पुष्कर सिंह धामी ने एक्स पर लिखा, ""उत्तराखंड के अल्मोड़ा के युवा इनोवेटर रवि टम्टा जी को ड्रोन तकनीक में नवाचार करते हुए HAPIDA SKYNEX प्रोटोटाइप के सफल उड़ान परीक्षण पर हार्दिक बधाई. आपकी यह उपलब्धि सिद्ध करती है कि हमारे युवाओं में प्रतिभा, नवाचार और वैज्ञानिक सोच की कोई कमी नहीं है.""
पूरे देश के प्रेणनास्त्रोत है रवि का प्रयास- सीएम धामी
मुख्यमंत्री पुष्कर सिंह धामी ने आगे कहा कि, ""आपका यह अभिनव प्रयास उत्तराखंड ही नहीं बल्कि पूरे देश के युवाओं के लिए प्रेरणास्रोत है. विश्वास है कि आप भविष्य में भी अपने नवाचारों से विज्ञान एवं प्रौद्योगिकी के क्षेत्र में नई ऊंचाइयों को छुएँगे. आपके उज्ज्वल भविष्य एवं निरंतर सफलता के लिए हार्दिक शुभकामनाएं.""",hi,8/8/26 9:17,8/14/26 10:14,Dehradun|Almora,health_education,uttarakhand|उत्तराखंड|धामी|पुष्कर सिंह धामी|मुख्यमंत्री|विधानसभा,trafilatura,435
e7a52dd8090907a8c7a305097bb0cef5c1f86137,https://hindi.news18.com/astro/daily-horoscope-today-cancer-horoscope-kark-rashifal-8-august-love-career-business-need-to-exercise-caution-local18-10728183.html,https://hindi.news18.com/astro/daily-horoscope-today-cancer-horoscope-kark-rashifal-8-august-love-career-business-need-to-exercise-caution-local18-10728183.html,news18_hindi_uttarakhand,News18 Hindi,rss,"Kark Rashifal: कर्क राशि वालों को आज सावधानी बरतने की जरूरत, जल्दबाजी में लिया फैसला पड़ेगा भारी, ज्योतिष से जानिए राशिफल","Today Kark Rashifal: कर्क राशि वालों के लिए आज यानि शनिवार का दिन आपको अनुशासन, धैर्य और समझदारी के साथ आगे बढ़ने का संदेश देता है. जल्दबाजी में लिया गया कोई भी निर्णय बाद में परेशानी का कारण बन सकता है, इसलिए हर कदम सोच-समझकर उठाएं. आज कर्क राशि वालों को सावधानी बरतने की जरूरत है. आइए ज्योतिष से आज का राशिफल जानते हैं.",,hi,8/8/26 8:20,8/14/26 11:13,,,,,0
9411073812822d539e33f45cf40ee6393c81864c,https://hindi.news18.com/news/uttarakhand/rishikesh-hanuman-setu-glass-bridge-kanwariyas-upset-over-installation-of-screen-blocking-what-said-local18-10729706.html,https://hindi.news18.com/news/uttarakhand/rishikesh-hanuman-setu-glass-bridge-kanwariyas-upset-over-installation-of-screen-blocking-what-said-local18-10729706.html,news18_hindi_uttarakhand,News18 Hindi,rss,"हनुमान सेतु के ग्लास ब्रिज पर लगा पर्दा, तो भड़के कांवड़िए, बोले- 'बहुत उम्मीद लगाकर आए थे, देख भी नहीं पाए'",Rishikesh News: हाल ही में चर्चा में आए हनुमान सेतु के पास बने ग्लास ब्रिज को लेकर श्रद्धालुओं में खासा उत्साह देखने को मिल रहा है. कई लोग इस ब्रिज की तस्वीरें सोशल मीडिया पर देखने के बाद इसे करीब से देखने की इच्छा लेकर ऋषिकेश पहुंचे.,,hi,8/8/26 6:01,8/14/26 11:13,Dehradun,tourism_religion,,,0
a93ff15be74e1b6a9457c65c6852fc77551033b3,https://www.firstpost.com/firstcricket/rishabh-pant-turns-to-uttarakhand-government-for-help-moving-home-cm-dhami-responds-14036831.html,https://firstpost.com/firstcricket/rishabh-pant-turns-to-uttarakhand-government-for-help-moving-home-cm-dhami-responds-14036831.html,gnews_uttarakhand_en,Firstpost,gnews,"Rishabh Pant turns to Uttarakhand government for help moving home, CM Dhami responds","Rishabh Pant turns to Uttarakhand government for help moving home, CM Dhami responds  Firstpost",,en,8/8/26 5:50,8/14/26 10:15,,,dhami|uttarakhand|uttarakhand government,,0
17230ccc46a0864ea7dab007d1caf5b437047ffd,https://www.ndtv.com/food/fake-paneer-ghee-butter-banned-in-uttarakhand-effective-immediately-11881566,https://ndtv.com/food/fake-paneer-ghee-butter-banned-in-uttarakhand-effective-immediately-11881566,gnews_uttarakhand_en,NDTV,gnews,"Fake Paneer, Ghee, Butter Banned In Uttarakhand Effective Immediately","Fake Paneer, Ghee, Butter Banned In Uttarakhand Effective Immediately  NDTV",,en,8/8/26 5:10,8/14/26 11:19,,,uttarakhand,,0
fe0279ec6abdc541a9049711082acf646314e07f,https://www.jagran.com/cricket/apni-baat-rishabh-pant-ask-land-in-uttarakhand-from-chief-minister-pushkar-singh-dhami-in-late-night-post-40333553.html,https://jagran.com/cricket/apni-baat-rishabh-pant-ask-land-in-uttarakhand-from-chief-minister-pushkar-singh-dhami-in-late-night-post-40333553.html,gnews_dhami_govt,jagran.com,gnews,"ऋषभ पंत ने देर रात उत्‍तराखंड के मुख्‍यमंत्री से की खास 'गिफ्ट' की मांग, पुष्‍कर धामी का जवाब सोशल मीडिया पर वायरल - rishabh pant ask land in uttarakhand from chief minister pushkar singh dhami in late night post","ऋषभ पंत ने देर रात उत्‍तराखंड के मुख्‍यमंत्री से की खास 'गिफ्ट' की मांग, पुष्‍कर धामी का जवाब सोशल मीडिया पर वायरल - rishabh pant ask land in uttarakhand from chief minister pushkar singh dhami in late night post  jagran.com","ऋषभ पंत ने देर रात उत्तराखंड के मुख्यमंत्री से की खास 'गिफ्ट' की मांग, पुष्कर धामी का जवाब सोशल मीडिया पर वायरल
ऋषभ पंत ने देर रात एक्स पर उत्तराखंड के मुख्यमंत्री पुष्कर धामी से राज्य में रहने के लिए जमीन मांगी। धामी ने पंत को उत्तराखंड का गौरव बताते हुए अधिकार ...और पढ़ें
HighLights
- ऋषभ पंत दिल्ली से उत्तराखंड शिफ्ट होना चाहते हैं
- उन्होंने मुख्यमंत्री पुष्कर धामी से जमीन की मांग की
- धामी ने पंत को मदद का आश्वासन दिया
स्पोर्ट्स डेस्क, नई दिल्ली। भारतीय क्रिकेट टीम के स्टार विकेटकीपर-बल्लेबाज ऋषभ पंत दिल्ली को छोड़कर उत्तराखंड शिफ्ट होना चाहते हैं और इसके लिए उन्होंने मुख्यमंत्री पुष्कर धामी से रात के तकरीबन एक बजे एक्स पर पोस्ट करते हुए गिफ्ट भी मांग लिए। उनके इस पोस्ट पर धामी ने आश्वासन की तसल्ली दे दी है।
पंत चाहते हैं कि वह अब उत्तराखंड में रहें और इसके लिए उन्होंने सीएम से जमीन की मांग की है। पंत की इस पोस्ट का समय और उसमें कुछ गलतियों ने सभी का ध्यान अपनी तरफ खींचा और लोगों को उनके बारे में चिंता भी होने लगी। बता दें कि पंत इस समय टेस्ट सीरीज खेलने के लिए टीम इंडिया के साथ श्रीलंका के दौरे पर हैं।
पंत की पोस्ट ने मचाई खलबली
पंत ने इंग्लिश में लिखी अपनी पोस्ट में लिखा की वह काफी दिनों से उत्तराखंड में जमीन लेना चाह रहे हैं लेकिन उन्हें मिल नहीं रही। पंत ने लिखा, ""हैलो पुष्कर धामी सर। आप कैसे हैं? मैं लंबे समय से उत्तराखंड का लोकल शख्स हूं। मैं दिल्ली से उत्तराखंड शिफ्ट होना चाहता हूं और मुझे इसके लिए अच्छी और बड़ी जमीन नहीं मिल रही जहां मैं रह सकूं। मैं अपने उत्तराखंड से बेहद प्यार करता हूं। मेरी आपसे अपील है कि मुझे जमीन दिलवाने में मदद करें क्योंकि आज के समय में जमीन मिलना बहुत मुश्किल हो गया था। वहीं मुझे कुछ और जमीन भी मिलनी थी जो नहीं मिली हैं। मुझे ये जमीन उत्तराखंड को प्रमोट करने के लिए मिलनी थीं। मैं अपने पहाड़ी लोगों के साथ शिफ्ट होना चाहता हूं। कृपया इस मामले को देखें। तीन साल हो गए हैं और मुझे जमीन नहीं मिली है।""
उन्होंने एक और पोस्ट में लिखा, ""अपने राज्य से देश का उच्च स्तर पर प्रतिनिधित्व करने के लिए गिफ्ट मिलना अच्छा होगा, लेकिन अगर आप चाहें तो मैं सरकार से जमीन खरीद भी सकता हूं। कम से कम मेरा अपने राज्य में घर तो होगा।""
खबरें और भी
      प्रिय ऋषभ, आप उत्तराखण्ड के गौरव हैं। आपने अपने शानदार खेल और उपलब्धियों से देश-दुनिया में देवभूमि का नाम रोशन किया है। अपनी मातृभूमि के प्रति आपका यह प्रेम और यहां वापस आकर योगदान देने की भावना अत्यंत सराहनीय है।
आपके द्वारा उठाए गए विषय के संबंध में संबंधित अधिकारियों को… https://t.co/v3iFQVpxUK
धामी ने दिया आश्वासन
इस पर उत्तराखंड के मुख्यमंत्री धामी ने पंत को आश्वासन दिया है कि मामले में संबंधित लोगों को निर्देश दे दिए गए हैं। उन्होंने पंत को एक्स पर जवाब देते हुए लिखा, ""प्रिय ऋषभ, आप उत्तराखंड के गौरव हैं। आपने अपने शानदार खेल और उपलब्धियों से देश-दुनिया में देवभूमि का नाम रोशन किया है। अपनी मातृभूमि के प्रति आपका यह प्रेम और यहां वापस आकर योगदान देने की भावना अत्यंत सराहनीय है। आपके द्वारा उठाए गए विषय के संबंध में संबंधित अधिकारियों को निर्देशित किया जा रहा है। वे शीघ्र ही आपसे संपर्क कर नियमानुसार हरसंभव सहयोग सुनिश्चित करेंगे।""
यह भी पढ़ें- श्रीलंका XI ने भारत के खिलाफ अभ्यास मैच के लिए किया अपने स्क्वाड का एलान, 25 साल के खिलाड़ी को बनाया कप्तान",hi,8/8/26 5:09,8/14/26 11:17,,politics_governance,chief minister|dhami|uttarakhand|उत्तराखंड|उत्तराखण्ड|देवभूमि|धामी|मुख्यमंत्री,trafilatura,587
6a1e0be580dd44406b0c93385259c2582a764d03,https://www.abplive.com/states/up-uk/uttarakhand-pushkar-singh-dhami-government-ban-on-analogue-products-sold-ann-3172175,https://abplive.com/states/up-uk/uttarakhand-pushkar-singh-dhami-government-ban-on-analogue-products-sold-ann-3172175,gnews_dhami_govt,ABP News,gnews,"उत्तराखंड में नकली उत्पादों पर धामी सरकार बड़ा एक्शन, एनालॉग प्रोडक्ट्स पर रोक","उत्तराखंड में नकली उत्पादों पर धामी सरकार बड़ा एक्शन, एनालॉग प्रोडक्ट्स पर रोक  ABP News","उत्तराखंड में नकली उत्पादों पर धामी सरकार बड़ा एक्शन, एनालॉग प्रोडक्ट्स पर रोक
Uttarakhand News: उत्तराखंड में पनीर, घी, मक्खन और दूसरे डेयरी उत्पादों के नाम पर बेचे जा रहे गैर-मानकीकृत एनालॉग डेयरी प्रोडक्ट्स पर सरकार ने सख्ती बढ़ा दी है.
उत्तराखंड में पनीर, घी, मक्खन और दूसरे डेयरी उत्पादों के नाम पर बेचे जा रहे गैर-मानकीकृत एनालॉग डेयरी प्रोडक्ट्स पर सरकार ने सख्ती कर दी है. खाद्य संरक्षा एवं औषधि प्रशासन (FSDA) ने ऐसे उत्पादों के निर्माण, भंडारण, परिवहन, वितरण और बिक्री पर तत्काल प्रभाव से प्रतिबंध लगाने का आदेश जारी किया है. कार्रवाई का उद्देश्य उपभोक्ताओं को ऐसे उत्पादों से बचाना है, जो असली दुग्ध उत्पाद जैसे दिखाकर बाजार में बेचे जा रहे हैं.
यह आदेश स्वास्थ्य सचिव एवं खाद्य संरक्षा एवं औषधि प्रशासन के आयुक्त विनय शंकर पांडे की ओर से जारी किया गया है. विभाग के मुताबिक मुख्यमंत्री के निर्देशों के तहत जनस्वास्थ्य की सुरक्षा और मिलावट पर प्रभावी नियंत्रण के लिए यह कदम उठाया गया है.
क्या होते हैं एनालॉग डेयरी प्रोडक्ट्स?
एनालॉग डेयरी उत्पाद ऐसे खाद्य पदार्थ हैं, जो देखने, पैकेजिंग या बाजार में पेश करने के तरीके से पनीर, घी, मक्खन या दूसरे दूध से बने उत्पाद जैसे नजर आते हैं, लेकिन उनका निर्माण पूरी तरह दूध से नहीं होता. इनमें दूध की जगह या उसके साथ वनस्पति वसा, वनस्पति तेल, स्टार्च और अन्य गैर-दुग्ध सामग्री का इस्तेमाल किया जा सकता है. कम लागत में तैयार होने के कारण ऐसे उत्पादों को कई बार वास्तविक डेयरी उत्पाद जैसा प्रस्तुत किए जाने की शिकायत सामने आती है.
किन उत्पादों पर लागू होगी पाबंदी?
प्रतिबंध उन गैर-मानकीकृत एनालॉग डेयरी उत्पादों पर लागू होगा, जिनकी पैकेजिंग, लेबलिंग या मार्केटिंग इस तरह की जाती है कि उपभोक्ता उन्हें शुद्ध डेयरी उत्पाद समझने लगे. हालांकि, FSSAI के निर्धारित मानकों के अनुरूप तैयार फ्रोजन डेजर्ट, प्रोसेस्ड चीज और मिक्स्ड फैट स्प्रेड जैसे वैध उत्पाद इस प्रतिबंध के दायरे में नहीं होंगे.
डेयरी यूनिट से होटल-मिठाई की दुकानों तक जांच
आदेश के बाद FSDA ने पूरे प्रदेश में विशेष जांच अभियान शुरू किया है. इसके तहत डेयरी उत्पादन इकाइयों और गोदामों के साथ-साथ थोक एवं खुदरा बाजारों की भी जांच की जाएगी. होटल, रेस्टोरेंट और मिठाई की दुकानों को भी जांच के दायरे में रखा गया है. संदिग्ध उत्पाद मिलने पर उनके नमूने लेकर प्रयोगशाला जांच के लिए भेजे जाएंगे.
चारधाम और त्योहारों को देखते हुए बढ़ाई निगरानी
चारधाम यात्रा और आगामी त्योहारों के दौरान डेयरी एवं खाद्य उत्पादों की मांग बढ़ने को देखते हुए विभाग ने बाजारों की निगरानी और तेज कर दी है. खाद्य सुरक्षा अधिकारियों को संदिग्ध उत्पादों की पहचान और उनके नमूने लेने के निर्देश दिए गए हैं.
नियम तोड़े तो लाइसेंस भी हो सकता है रद्द
FSDA ने साफ किया है कि प्रतिबंध का उल्लंघन करने वालों के खिलाफ खाद्य सुरक्षा एवं मानक अधिनियम के तहत कार्रवाई की जाएगी. नियम तोड़ने वालों के खिलाफ उत्पाद जब्त करने से लेकर फूड लाइसेंस रद्द करने जैसी कार्रवाई भी की जा सकती है. विभाग का कहना है कि कार्रवाई का मुख्य उद्देश्य बाजार में उपलब्ध खाद्य उत्पादों की गुणवत्ता सुनिश्चित करना और उपभोक्ताओं को भ्रामक लेबलिंग या प्रस्तुति के जरिए गैर-मानकीकृत उत्पाद खरीदने से बचाना है.",hi,8/8/26 4:41,8/14/26 10:14,,tourism_religion|politics_governance,uttarakhand|उत्तराखंड|धामी|मुख्यमंत्री,trafilatura,518
31ba9ff23213f07444710db3126722d7f72bc006,https://competition.careers360.com/hi/articles/uksssc-patwari-admit-card-2026,https://competition.careers360.com/hi/articles/uksssc-patwari-admit-card-2026,gnews_uksssc,Careers360,gnews,"उत्तराखंड पटवारी एडमिट कार्ड 2026 जारी (UKSSSC Patwari Admit Card Out)- पीएमटी/पीईटी प्रवेश पत्र, परीक्षा","उत्तराखंड पटवारी एडमिट कार्ड 2026 जारी (UKSSSC Patwari Admit Card Out)- पीएमटी/पीईटी प्रवेश पत्र, परीक्षा  Careers360","उत्तराखंड पटवारी एडमिट कार्ड 2026- उत्तराखंड अधीनस्थ सेवा चयन आयोग (UKSSSC) द्वारा फाइनल रिजल्ट आधिकारिक वेबसाइट पर जारी किया जाएगा। उत्तराखंड पटवारी शारीरिक माप-जोख एवं दक्षता परीक्षा (PMT और PET) परीक्षा 6 और 7 अगस्त, 2026 को राजीव गांधी अंतर्राष्ट्रीय क्रिकेट स्टेडियम के मुख्य थानों रोड से एप्रोच रोड़ पर किया गया। यूके पटवारी शारीरिक माप-जोख एवं दक्षता परीक्षा (PMT और PET) के लिए एडमिट कार्ड 1 अगस्त 2026 को जारी किया गया। अभ्यर्थी आधिकारिक वेबसाइट के साथ इस लेख में दिए गए डायरेक्ट लिंक से यूके पटवारी पीएमटी/पीईटी एडमिट कार्ड डाउनलोड कर सकते थे।  उत्तराखंड पटवारी लिखित परीक्षा के लिए एडमिट कार्ड 8 जून 2026 जारी किया गया था।
उत्तराखंड पटवारी/लेखपाल पीएमटी/पीईटी एडमिट कार्ड लिंक
This Story also Contains
उत्तराखंड पटवारी और लेखपाल भर्ती परीक्षा 2026 के लिए एडमिट कार्ड परीक्षा में शामिल होने वाले अभ्यर्थी आयोग की आधिकारिक वेबसाइट sssc.uk.gov.in पर जाकर अपना हॉल टिकट डाउनलोड कर सकते थे। उम्मीदवारों की सुविधा के लिए उत्तराखंड पटवारी एडमिट कार्ड 2026 का सीधे लिंक इस लेख में दिया गया था। आयोग द्वारा उत्तराखंड पटवारी, लेखपाल समेत विभिन्न ग्रुप-सी पदों पर भर्ती के लिए लिखित परीक्षा का आयोजन 14 जून 2026 को किया गया।
उत्तराखंड पटवारी/लेखपाल एडमिट कार्ड 2026 डायरेक्ट लिंक
अपडेट: उत्तराखंड अधीनस्थ सेवा चयन आयोग (UKSSSC) द्वारा उत्तराखंड पटवारी, लेखपाल एवं अन्य ग्रुप-सी पदों की लिखित परीक्षा के लिए आंसर की 16 जून को जारी कर दी गई है। अभ्यर्थी आधिकारिक वेबसाइट sssc.uk.gov.in या इस लेख में दिए गए डायरेक्ट लिंक से उत्तराखंड पटवारी प्रारंभिक आंसर की 2026 डाउनलोड कर सकते हैं। आपत्ति प्रक्रिया समाप्त हो चुकी है।
उत्तराखंड अधीनस्थ सेवा चयन आयोग (UKSSSC) ने स्तरीय परीक्षा के अभ्यर्थियों को मौसम और यातायात संबंधी चुनौतियों को देखते हुए आवश्यक सलाह जारी की है। भारी बारिश, चारधाम यात्रा, नीम करोली बाबा वार्षिकोत्सव और वीकेंड के कारण कई जिलों में यातायात प्रभावित हो सकता है। आयोग ने उम्मीदवारों को एक दिन पहले परीक्षा केंद्र वाले शहर पहुंचने की सलाह दी है। साथ ही, प्राधिकरण ने सहायता के लिए जनपदवार संपर्क विवरण भी साझा किए हैं।
उत्तराखंड अधीनस्थ सेवा चयन आयोग (UKSSSC) ने पटवारी/लेखपाल स्नातक स्तरीय अर्हता परीक्षा के लिए दो परीक्षा केंद्रों के विवरण में संशोधन किया है। आयोग के अनुसार, चमोली जिले के केंद्र संख्या 1111 में ""पोखरी"" के स्थान पर ""नंदप्रयाग"" पढ़ा जाए। वहीं केंद्र संख्या 1103 के नाम में ""BHAGAT RAM"" के स्थान पर ""BHAKT RAM"" के साथ सुधार किया है। संबंधित अभ्यर्थियों को आयोग की वेबसाइट से अपना प्रवेश पत्र पुनः डाउनलोड करने की सलाह दी गई है।
परीक्षा में शामिल होने के लिए उत्तराखंड पटवारी एडमिट कार्ड 2026 अनिवार्य दस्तावेज है। बिना प्रवेश पत्र के किसी भी अभ्यर्थी को परीक्षा केंद्र में प्रवेश की अनुमति नहीं दी जाएगी। उम्मीदवारों को सलाह दी जाती है कि वे एडमिट कार्ड डाउनलोड करने के बाद उस पर दर्ज सभी विवरणों की सावधानीपूर्वक जांच कर लें। uksssc patwari admit card 2026 में अभ्यर्थी का नाम, रोल नंबर, आवेदन संख्या, परीक्षा तिथि, परीक्षा केंद्र, रिपोर्टिंग समय और परीक्षा शिफ्ट सहित अन्य महत्वपूर्ण जानकारियां उपलब्ध होंगी।
ये भी पढ़ें: हिमाचल पटवारी भर्ती 2026
यदि प्रवेश पत्र में किसी प्रकार की त्रुटि पाई जाती है, तो उम्मीदवारों को तुरंत आयोग से संपर्क करना चाहिए। परीक्षा के दिन अभ्यर्थियों को एडमिट कार्ड के साथ एक वैध फोटो पहचान पत्र भी परीक्षा केंद्र पर ले जाना होगा। उत्तराखंड पटवारी, लेखपाल एवं अन्य ग्रुप-सी पदों की तैयारी करने वाले अभ्यर्थियों को सलाह दी जाती है कि वे उत्तराखंड पटवारी/लेखपाल एडमिट कार्ड लिंक, उत्तराखंड पटवारी एडमिट कार्ड 2026 डाउनलोड प्रक्रिया, निर्देश से संबंधित जानकारी के लिए लेख विस्तार से पढ़िए।
उत्तराखंड अधीनस्थ सेवा चयन आयोग (UKSSSC) द्वारा पटवारी, लेखपाल एवं अन्य ग्रुप-सी पदों पर भर्ती के लिए आवेदन प्रक्रिया 15 अप्रैल 2025 से शुरू की गई थी। इच्छुक एवं योग्य अभ्यर्थियों को ऑनलाइन आवेदन करने के लिए 15 मई 2025 तक का समय दिया गया था। आवेदन प्रक्रिया पूरी होने के बाद आयोग ने अभ्यर्थियों को 18 से 20 मई 2025 तक आवेदन पत्र में संशोधन का अवसर भी प्रदान किया। अब इस भर्ती के लिए लिखित परीक्षा 27 जुलाई 2025 को आयोजित की जाएगी, जिसके लिए अभ्यर्थी परीक्षा से संबंधित नवीनतम अपडेट का इंतजार कर रहे हैं।
उत्तराखंड अधीनस्थ सेवा चयन आयोग (UKSSSC) द्वारा पटवारी एवं लेखपाल भर्ती परीक्षा 2026 के लिए एडमिट कार्ड जारी कर दिए गए हैं। जिन अभ्यर्थियों ने इस परीक्षा हेतु आवेदन किया है, वे अब आयोग की आधिकारिक वेबसाइट sssc.uk.gov.in पर जाकर अपना uksssc patwari admit card 2026 डाउनलोड कर सकते हैं। परीक्षा में सम्मिलित होने के लिए एडमिट कार्ड एक अनिवार्य दस्तावेज है। भर्ती से संबंधित सभी महत्वपूर्ण तिथियां एवं आवश्यक जानकारियां नीचे दी गई सारणी में उपलब्ध हैं, जिन्हें अभ्यर्थियों को ध्यानपूर्वक देखना चाहिए।
ये भी पढ़ें:-
यूके पटवारी एवं लेखपाल भर्ती परीक्षा 2026 के लिए आवेदन करने वाले अभ्यर्थी नीचे दिए गए आसान चरणों का पालन कर अपना uksssc patwari admit card 2026 डाउनलोड कर सकते हैं:
सबसे पहले उत्तराखंड अधीनस्थ सेवा चयन आयोग (UKSSSC) की आधिकारिक वेबसाइट sssc.uk.gov.in पर जाएं।
होमपेज पर उपलब्ध नोफिकेशन सेक्शन में ""Patwari/Lekhpal Admit Card 2026"" लिंक पर क्लिक करें।
यहां अभ्यर्थी इमेल आईडी/पासवर्ड, आवेदन संख्या/जन्मतिथि, नाम/पिता का नाम और मोबाइल नंबर से लॉगिन विंडो दिखेगा।
इसके बाद जिससे लॉगिन करना हो, उसपर क्लिक करें, फिर uksssc login विंडो खोलेगा।
यहां अपना लॉगिन विवरण रजिस्ट्रेशन नंबर/आवेदन संख्या और जन्मतिथि/पासवर्ड, नाम, पिता, मोबाइन (जो मांगे) दर्ज करें।
सभी विवरण भरने के बाद Submit/Login बटन पर क्लिक करें।
स्क्रीन पर आपका uksssc एडमिट कार्ड प्रदर्शित हो जाएगा।
एडमिट कार्ड में दर्ज सभी जानकारियों की जांच करें।
भविष्य की आवश्यकता के लिए uksssc patwari admit card 2026 डाउनलोड कर उसका प्रिंटआउट निकाल लें।
परीक्षा केंद्र पर प्रवेश पत्र के साथ एक वैध फोटो पहचान पत्र अवश्य लेकर जाएं।
ये भी पढ़े:-
uksssc patwari admit card 2026 डाउनलोड करने के बाद अभ्यर्थियों को उसमें अंकित सभी जानकारियों का सावधानीपूर्वक मिलान कर लेना चाहिए। किसी भी प्रकार की त्रुटि होने पर तत्काल आयोग से संपर्क करना आवश्यक है। सामान्यतः uksssc admit card 2026 में निम्नलिखित विवरण दर्ज होते हैं:
अभ्यर्थी का नाम
रोल नंबर
आवेदन/पंजीकरण संख्या
अभ्यर्थी की फोटो
अभ्यर्थी के हस्ताक्षर
पिता/माता का नाम
जन्मतिथि
परीक्षा का नाम
पद का नाम (पटवारी/लेखपाल)
परीक्षा तिथि
परीक्षा का समय एवं शिफ्ट
रिपोर्टिंग समय
परीक्षा केंद्र का नाम
परीक्षा केंद्र का पूरा पता
परीक्षा केंद्र कोड
परीक्षा दिवस के लिए आवश्यक दिशा-निर्देश
महत्वपूर्ण निर्देश एवं निषिद्ध वस्तुओं की जानकारी
आयोग के हस्ताक्षर/प्राधिकृत अधिकारी की मुहर (यदि लागू हो)
uksssc पटवारी एवं लेखपाल भर्ती परीक्षा में शामिल होने वाले अभ्यर्थियों को uksssc patwari admit card 2026 के साथ कुछ आवश्यक दस्तावेज परीक्षा केंद्र पर ले जाने होंगे। इन दस्तावेजों के बिना उम्मीदवारों को परीक्षा में बैठने की अनुमति नहीं दी जा सकती है। परीक्षा दिवस पर निम्नलिखित दस्तावेज अपने साथ अवश्य रखें:
प्रिंटेड उत्तराखंड पटवारी/लेखपाल एडमिट कार्ड 2026
आधार कार्ड , वोटर आईडी कार्ड , पैन कार्ड, ड्राइविंग लाइसेंस, पासपोर्ट में से कोई एक
सरकारी विभाग द्वारा जारी कोई अन्य वैध फोटो पहचान पत्र
हाल ही में खींची गई पासपोर्ट साइज फोटो (यदि प्रवेश पत्र में निर्देशित हो)
ये भी पढ़ें: एमपी अस्पताल सहायक रिजल्ट 2026 । एमपी अस्पताल सहायक आंसर की 2026
यदि किसी अभ्यर्थी को uksssc patwari admit card 2026 डाउनलोड करने, आवेदन विवरण में त्रुटि, लॉगिन संबंधी समस्या या भर्ती प्रक्रिया से जुड़ी किसी अन्य तकनीकी परेशानी का सामना करना पड़ रहा है, तो वह उत्तराखंड अधीनस्थ सेवा चयन आयोग (UKSSSC) द्वारा जारी आधिकारिक संपर्क माध्यमों के जरिए सहायता प्राप्त कर सकता है। उम्मीदवार अपनी समस्या के समाधान के लिए हेल्पलाइन नंबर या ई-मेल का उपयोग कर सकते हैं।
संपर्क विवरण
यूकेएसएसएससी पटवारी एवं लेखपाल भर्ती परीक्षा में शामिल होने वाले अभ्यर्थियों को परीक्षा केंद्र पर निर्धारित नियमों का पालन करना अनिवार्य होगा। आयोग द्वारा जारी uksssc patwari admit card 2026 में भी परीक्षा संबंधी आवश्यक निर्देश दिए गए हैं। उम्मीदवारों को किसी भी असुविधा से बचने के लिए निम्नलिखित दिशानिर्देशों का पालन करना चाहिए:
परीक्षा केंद्र पर निर्धारित रिपोर्टिंग समय से पहले पहुंचें।
प्रवेश पत्र (Admit Card) का प्रिंटआउट अपने साथ अवश्य लेकर जाएं।
एडमिट कार्ड के साथ एक वैध फोटो पहचान पत्र (आधार कार्ड, वोटर आईडी, पैन कार्ड, ड्राइविंग लाइसेंस आदि) भी रखें।
परीक्षा केंद्र पर प्रवेश से पहले पहचान सत्यापन प्रक्रिया पूरी करनी होगी।
परीक्षा शुरू होने के बाद किसी भी अभ्यर्थी को परीक्षा कक्ष में प्रवेश नहीं दिया जाएगा।
मोबाइल फोन, स्मार्ट वॉच, ब्लूटूथ डिवाइस, कैलकुलेटर, ईयरफोन या अन्य इलेक्ट्रॉनिक उपकरण परीक्षा केंद्र में ले जाना प्रतिबंधित है।
किसी भी प्रकार की अध्ययन सामग्री, नोट्स, पुस्तकें या कागजात परीक्षा कक्ष में ले जाने की अनुमति नहीं होगी।
परीक्षा के दौरान अनुचित साधनों का प्रयोग करने पर उम्मीदवारी रद्द की जा सकती है।
उत्तर पुस्तिका/ओएमआर शीट पर सभी विवरण सही-सही भरें।
परीक्षा कक्ष में निरीक्षक द्वारा दिए गए सभी निर्देशों का पालन करें।
परीक्षा समाप्त होने तक अपनी सीट न छोड़ें और उत्तर पुस्तिका निर्धारित प्रक्रिया के अनुसार जमा करें।
परीक्षा केंद्र के अनुशासन एवं सुरक्षा नियमों का पालन करना सभी अभ्यर्थियों के लिए अनिवार्य है।
उत्तराखंड अधीनस्थ सेवा चयन आयोग (UKSSSC) द्वारा आयोजित इस भर्ती अभियान के माध्यम से विभिन्न विभागों में ग्रुप-सी श्रेणी के कुल 419 रिक्त पदों को भरा जाएगा। भर्ती में पटवारी, लेखपाल, ग्राम विकास अधिकारी (VDO), सहायक समीक्षा अधिकारी (ARO), पर्सनल असिस्टेंट समेत कई महत्वपूर्ण पद शामिल हैं। पदवार रिक्तियों का विवरण नीचे दिया गया है। इन पदों से संबंधित अभ्यर्थी uksssc patwari admit card 2026 डाउनलोड कर सकते हैं।
इस भर्ती अभियान के तहत विभिन्न विभागों में कुल 419 पदों पर नियुक्तियां की जाएंगी, जिनमें सबसे अधिक 205 पद ग्राम विकास अधिकारी (VDO) और 119 पद पटवारी के लिए निर्धारित हैं।
उपयोगी लिंक",hi,8/8/26 3:46,8/14/26 11:16,Chamoli,recruitment_jobs|health_education|tourism_religion,UKSSSC|अधीनस्थ सेवा चयन आयोग|उत्तराखंड|यूकेएसएसएससी,trafilatura,1564
203a5209f95c60152b29bbc7c8904b591b59b4b1,https://www.bhaskar.com/g/sports/cricket/news/rishabh-pant-uttarakhand-land-purchase-cm-dhami-home-request-138665017.html,https://bhaskar.com/g/sports/cricket/news/rishabh-pant-uttarakhand-land-purchase-cm-dhami-home-request-138665017.html,gnews_dhami_govt,Dainik Bhaskar,gnews,"ऋषभ पंत को उत्तराखंड में जमीन दिलाएगी सरकार: CM धामी बोले- हमारे राज्य का बेटा, हरसंभव मदद करेंगे; रात को ट...","ऋषभ पंत को उत्तराखंड में जमीन दिलाएगी सरकार: CM धामी बोले- हमारे राज्य का बेटा, हरसंभव मदद करेंगे; रात को ट...  Dainik Bhaskar","- Hindi News
- Sports
- Cricket
- Rishabh Pant Uttarakhand Land Acquisition; Pushkar Singh Dhami | Highest Tax Payer
ऋषभ पंत को उत्तराखंड में जमीन दिलाएगी सरकार:CM धामी बोले- हमारे राज्य का बेटा, हरसंभव मदद करेंगे; रात को ट्वीट करके मदद मांगी थी
- कॉपी लिंक
भारतीय विकेटकीपर-बल्लेबाज ऋषभ पंत की उत्तराखंड में जमीन खरीदने की इच्छा अब पूरी हो सकती है। मुख्यमंत्री पुष्कर सिंह धामी ने पंत की अपील पर जवाब देते हुए कहा कि वे उत्तराखंड के बेटे हैं और सरकार उन्हें हरसंभव मदद करेगी।
इससे पहले पंत ने शुक्रवार देर रात सोशल मीडिया पर लिखा था कि वे पिछले तीन साल से जमीन खरीदने की कोशिश कर रहे हैं, लेकिन अब तक सफल नहीं हो सके।
पंत फाइनेंशियल ईयर 2025-26 के लिए उत्तराखंड में सबसे ज्यादा टैक्स देने वाले व्यक्ति हैं। रिपोर्ट के मुताबिक, उन्होंने 23.84 करोड़ रुपए का इनकम टैक्स भरा था।
CM धामी बोले- पंत ने राज्य का नाम रोशन किया
मुख्यमंत्री पुष्कर सिंह धामी ने कहा, जो भी उत्तराखंड आना चाहता है, उसका स्वागत है। पंत हमारे राज्य के हैं। उन्होंने क्रिकेट में देश और उत्तराखंड का नाम रोशन किया है। अधिकारी उनसे बात करेंगे और जरूरत पड़ी तो हरसंभव सहायता दी जाएगी।
पंत ने सोशल मीडिया पर लगाई थी गुहार
ऋषभ पंत ने X पर लिखा था कि वे दिल्ली से उत्तराखंड शिफ्ट होकर अपने गृहराज्य में घर बनाना चाहते हैं, लेकिन तीन साल से जमीन नहीं मिल पा रही है।
उन्होंने लिखा, हैलो सर, आप कैसे हैं? उत्तराखंड का होने के नाते मुझे बहुत समय हो गया है। मैं दिल्ली से उत्तराखंड शिफ्ट होने के लिए जमीन खरीदने की कोशिश कर रहा हूं, लेकिन मुझे नहीं मिल रही।
मुझे अपना उत्तराखंड बहुत पसंद है। मेरी आपसे रिक्वेस्ट है कि प्लीज जमीन खरीदने में मेरी मदद करें। मैं अपने पहाड़ी लोगों के पास लौटना चाहता हूं। प्लीज इस मामले को देखें। 3 साल हो गए हैं, आपके जवाब का इंतजार है, कोई जमीन नहीं मिली।
‘सरकार से जमीन खरीदना चाहता हूं’
अपनी पोस्ट पर कमेंट करते हुए पंत ने लिखा, इंटरनेशनल लेवल पर रिप्रेजेंट करने के लिए यह गिफ्ट बहुत अच्छा रहेगा। अगर आप इजाजत दें तो मैं राज्य सरकार से जमीन खरीदना चाहता हूं।
सरकार के रेट पर कम से कम मैं अपने राज्य में अपना पहला घर बनवा सकता हूं। प्लीज हेल्प करें। सच में मुझे नहीं पता था कि यह कैसे करना है।
रुड़की में हुआ जन्म, दिल्ली से शुरू किया प्रोफेशनल सफर
पंत का जन्म उत्तराखंड के हरिद्वार जिले के रुड़की में हुआ था। उन्होंने अपने क्रिकेट का सफर रुड़की से शुरू किया और प्रोफेशनली खेल को आगे बढ़ाने के लिए दिल्ली चले गए। वे घरेलू क्रिकेट में दिल्ली को रिप्रेजेंट करते हैं।
2027 IPL में फिर दिल्ली कैपिटल्स से खेलेंगे
पंत ने IPL में अब तक 139 मैचों में 3,865 रन बनाए हैं। पंत 2016 से 2024 तक 9 सीजन दिल्ली कैपिटल्स के लिए खेले। हालांकि, 2025 मेगा ऑक्शन से पहले फ्रेंचाइजी के साथ मतभेद के बाद उन्हें रिलीज कर दिया गया था।
इसके बाद वे 2025 और 2026 सीजन में लखनऊ सुपर जायंट्स के लिए खेले। अब 2027 सीजन में पंत एक बार फिर दिल्ली कैपिटल्स की जर्सी में नजर आएंगे।
------------------------
स्पोर्ट्स की यह खबर भी पढ़ें…
5 हजार इंटरनेशनल मैचों वाला पहला फॉर्मेट बना वनडे
इंटरनेशनल क्रिकेट में पहली बार किसी फॉर्मेट में 5 हजार मैच पूरे हो गए हैं। यह उपलब्धि हासिल हुई वनडे को। जिस स्कॉटलैंड में अभी कॉमनवेल्थ गेम्स हुए हैं वहीं 5000वां वनडे मैच भी खेला गया। शुक्रवार को स्कॉटलैंड और कनाडा के बीच हुए इस मुकाबले को स्कॉटलैंड ने 9 रन से जीत लिया। पूरी खबर…",hi,8/8/26 3:45,8/14/26 11:17,Haridwar,politics_governance,dhami|uttarakhand|उत्तराखंड|धामी|पुष्कर सिंह धामी|मुख्यमंत्री|राज्य सरकार,trafilatura,597
bea9ab08b5747642b1d59641ba6c072e67fdb387,https://www.bhaskar.com/local/uttarakhand/dehradun/news/ukpsc-interview-schedule-uttarakhand-pcs-exam-date-update-list-138664334.html,https://bhaskar.com/local/uttarakhand/dehradun/news/ukpsc-interview-schedule-uttarakhand-pcs-exam-date-update-list-138664334.html,gnews_uksssc,Dainik Bhaskar,gnews,"UKPSC एग्जाम 2024: इंटरव्यू डेट फाइनल: 31 अगस्त से शुरू होंगे; 1, 2 और 3 सितंबर को भी साक्षात्कार, 328 अभ्य...","UKPSC एग्जाम 2024: इंटरव्यू डेट फाइनल: 31 अगस्त से शुरू होंगे; 1, 2 और 3 सितंबर को भी साक्षात्कार, 328 अभ्य...  Dainik Bhaskar","UKPSC एग्जाम 2024: इंटरव्यू डेट फाइनल:31 अगस्त से शुरू होंगे; 1, 2 और 3 सितंबर को भी साक्षात्कार, 328 अभ्यर्थियों का इंटरव्यू पहले ही शुरू
- कॉपी लिंक
उत्तराखंड लोक सेवा आयोग (UKPSC) ने उत्तराखंड सम्मिलित राज्य अवर अधीनस्थ सेवा परीक्षा-2024 के इंटरव्यू का कार्यक्रम जारी कर दिया है। मुख्य परीक्षा के परिणाम में सफल घोषित अभ्यर्थियों के अभिलेखों की संवीक्षा के बाद 328 अभ्यर्थियों के लिए साक्षात्कार 27
अभ्यर्थियों को क्या करना होगा? आयोग ने स्पष्ट किया है कि इंटरव्यू के लिए पात्र अभ्यर्थी मूल अभिलेखों के साथ निर्धारित इंटरव्यू तिथि को आयोग कार्यालय में उपस्थित होना सुनिश्चित करें। अभ्यर्थियों को इंटरव्यू ज्ञाप अलग से डाक के माध्यम से नहीं भेजे जाएंगे। आयोग की वेबसाइट: psc.uk.gov.in है।
यहां देखिए इंटरव्यू का पूरा शेड्यूल...",hi,8/8/26 3:18,8/14/26 11:15,,,UKPSC|उत्तराखंड|लोक सेवा आयोग,trafilatura,124
99d17d1ac628430cb6617e73e253028aa28f0e6a,https://www.aajtak.in/sports/cricket/story/rishabh-pant-late-night-post-pushkar-singh-dhami-demand-land-in-uttarakhand-tspok-dskc-2617800-2026-08-08,https://aajtak.in/sports/cricket/story/rishabh-pant-late-night-post-pushkar-singh-dhami-demand-land-in-uttarakhand-tspok-dskc-2617800-2026-08-08,gnews_uttarakhand_hi,AajTak,gnews,"'भटक रहा हूं...', क्रिकेटर ऋषभ पंत ने देर रात लगाई उत्तराखंड के CM पुष्कर धामी से गुहार, कर दी ये बड़ी ड‍िमांड","'भटक रहा हूं...', क्रिकेटर ऋषभ पंत ने देर रात लगाई उत्तराखंड के CM पुष्कर धामी से गुहार, कर दी ये बड़ी ड‍िमांड  AajTak","भारतीय क्रिकेट टीम के स्टार विकेटकीपर-बल्लेबाज ऋषभ पंत इन दिनों श्रीलंका दौरे पर हैं. वह टेस्ट टीम के नियमित सदस्य हैं, जबकि वनडे और टी20 टीम से बाहर चल रहे हैं. इसी बीच पंत का एक सोशल मीडिया पोस्ट चर्चा में है, जिसमें उन्होंने उत्तराखंड के मुख्यमंत्री पुष्कर सिंह धामी से खास मदद की गुहार लगाई है.
पंत ने शुक्रवार और शनिवार की दरम्यानी रात 12:46 बजे एक्स पर मुख्यमंत्री पुष्कर सिंह धामी को टैग करते हुए लंबा पोस्ट लिखा. इसमें उन्होंने उत्तराखंड में अपना बेस बनाने और अपना घर बनाने की इच्छा जाहिर की. पंत ने कहा कि वह दिल्ली से उत्तराखंड शिफ्ट होना चाहते हैं, लेकिन जमीन खरीदने की कोशिश में उन्हें लगातार परेशानियों का सामना करना पड़ रहा है. इस मामले में सीएम धामी का भी रिएक्शन आ गया है. 
यह भी पढ़ें: अकाउंट हैक? CM पुष्कर धामी से जमीन मांगकर घिरे ऋषभ पंत, पोस्ट में कई 'ब्लंडर', हुए ट्रोल
दिल्ली से उत्तराखंड शिफ्ट होना चाहता हूं:पंत 
ऋषभ पंत ने अपने पोस्ट में लिखा कि लंबे समय से वह उत्तराखंड में जमीन खरीदकर अपना बेस दिल्ली से यहां शिफ्ट करने की कोशिश कर रहे हैं. उन्होंने कहा कि वह उत्तराखंड से स्थानीय तौर पर जुड़े हुए हैं और अपने राज्य से बेहद प्यार करते हैं.
यह भी पढ़ें: 'आप उत्तराखंड के गौरव', ऋषभ पंत की गुहार पर CM पुष्कर सिंह धामी का एक्शन, बोले- हरसंभव सहयोग मिलेगा 
पंत के मुताबिक, उन्हें ऐसी बड़ी और सुविधाजनक जगह नहीं मिल पा रही है, जहां वह रह सकें. उन्होंने मुख्यमंत्री से जमीन खरीदने के प्रोसेस में मदद करने की अपील की. पंत ने लिखा कि जमीन हासिल करने को लेकर पिछले कुछ समय से स्थिति उनके लिए काफी मुश्किल हो गई है और प्रोसेस में क्लेयरिटी की भी कमी महसूस हो रही है.
3 साल से जमीन का इंतजार कर रहा हूं:पंत
ऋषभ पंत ने दावा किया कि वह पिछले तीन साल से जमीन मिलने का इंतजार कर रहे हैं. उन्होंने मुख्यमंत्री से इस मामले को देखने और उनकी मदद करने की अपील की.
पंत ने यह भी कहा कि उत्तराखंड को प्रमोट करने के दौरान जो कुछ जमीन से जुड़ी उम्मीदें या बातें थीं, वह उन्हें भी याद कर रहे हैं. उन्होंने अपने पोस्ट में लिखा कि वह अब उत्तराखंड वापस लौटना चाहते हैं और अपने राज्य के विकास में योगदान देना चाहते हैं.
@pushkardhami hello sir how’s you ??? It’s a long time for me especially being local from Uttrakhand . I have been trying to buy land to shift my base from Delhi to Uttrakhand and I couldn’t find anything facilitating and big to live here I love my Uttrakhand. My humble request…
— Rishabh Pant (@RishabhPant17) August 7, 2026
पहाड़ी लोगों के बीच लौटना चाहता हूं, पंत ने ऐसा क्यों कहा?
पंत ने अपने संदेश में उत्तराखंड से अपने जुड़ाव को भी जाहिर किया. उन्होंने कहा कि वह अपने मूल स्थान पर वापस लौटना चाहते हैं और अपने 'पहाड़ी लोगों' के बीच रहना चाहते हैं.
A gift would be lovey for representation out states at the highest level internationally stages but if you allow me I wanna buy it fromGovernment and on there rates at least I can have my first house built in my own state and our state please be helpful. Seriously didn’t know…
— Rishabh Pant (@RishabhPant17) August 7, 2026
उन्होंने लिखा कि वह उत्तराखंड के लिए कुछ करना और राज्य के आसपास निर्माण और विकास में योगदान देना चाहते हैं. इसी वजह से वह अपना बेस दिल्ली से उत्तराखंड शिफ्ट करने की इच्छा रखते हैं.
सरकारी जमीन खरीदने का भी दिया सुझाव
ऋषभ पंत ने मुख्यमंत्री के सामने एक और विकल्प रखा. उन्होंने कहा कि अगर सरकार उन्हें जमीन उपलब्ध कराने की अनुमति देती है तो वह उसे सरकार से तय सरकारी दर पर खरीदने के लिए भी तैयार हैं.
पंत ने इसे अपने लिए उत्तराखंड में पहला घर बनाने का मौका बताया. उनका कहना था कि अगर सरकार की तरफ से इस मामले में मदद मिलती है तो वह अपने ही राज्य में अपना पहला घर बना सकेंगे.
पंत ने मुख्यमंत्री धामी से इस मामले में गंभीरता से ध्यान देने की अपील करते हुए पूछा कि इस प्रोसेस को कैसे आगे बढ़ाया जा सकता है. उन्होंने यह भी कहा कि उन्हें समझ नहीं आ रहा कि इस काम को किस तरह पूरा किया जाए.
उत्तराखंड से पंत का पुराना जुड़ाव
ऋषभ पंत का उत्तराखंड से खास जुड़ाव रहा है. उनका परिवार मूल रूप से उत्तराखंड से है और पंत कई मौकों पर राज्य के प्रति अपना लगाव जाहिर कर चुके हैं. अब उन्होंने सार्वजनिक तौर पर मुख्यमंत्री पुष्कर सिंह धामी से जमीन खरीदने में मदद मांगी है.
सीएम धामी का भी आया रिएक्शन
हालांकि बाद में इस पर सीएम धामी का भी रिएक्शन आया और उन्होंने जरूरी मदद की बात कही. उन्होंने अपने पोस्ट में लिखा- प्रिय ऋषभ, आप उत्तराखण्ड के गौरव हैं, आपने अपने शानदार खेल और उपलब्धियों से देश-दुनिया में देवभूमि का नाम रोशन किया है, अपनी मातृभूमि के प्रति आपका यह प्रेम और यहां वापस आकर योगदान देने की भावना अत्यंत सराहनीय है.
प्रिय ऋषभ, आप उत्तराखण्ड के गौरव हैं। आपने अपने शानदार खेल और उपलब्धियों से देश-दुनिया में देवभूमि का नाम रोशन किया है। अपनी मातृभूमि के प्रति आपका यह प्रेम और यहां वापस आकर योगदान देने की भावना अत्यंत सराहनीय है।
आपके द्वारा उठाए गए विषय के संबंध में संबंधित अधिकारियों को… https://t.co/v3iFQVpxUK
पंत इस समय भारतीय टेस्ट टीम के साथ श्रीलंका दौरे पर हैं. वह टेस्ट क्रिकेट में टीम इंडिया के अहम खिलाड़ियों में शामिल हैं.
अब देखना होगा कि ऋषभ पंत की इस अपील पर उत्तराखंड सरकार की ओर से क्या जवाब आता है और क्या उन्हें अपने गृह राज्य में जमीन खरीदकर अपना घर बनाने में मदद मिल पाती है. हालांकि, पंत के इस पोस्ट पर कई फैन्स कई फनी कमेंट कर रहे हैं.",hi,8/8/26 1:51,8/14/26 11:15,,politics_governance,uttrakhand|उत्तराखंड|उत्तराखंड सरकार|उत्तराखण्ड|देवभूमि|धामी|पुष्कर सिंह धामी|मुख्यमंत्री,trafilatura,961
6cfaad5a39ce9271393bc9db7d7725822bf3e3d7,https://www.bbc.com/hindi/articles/c87nrwrn817o,https://bbc.com/hindi/articles/c87nrwrn817o,gnews_dhami_govt,BBC,gnews,"ऋषभ पंत ने आधी रात उत्तराखंड की बीजेपी सरकार से की ये शिकायत, मुख्यमंत्री धामी ने दिया जवाब","ऋषभ पंत ने आधी रात उत्तराखंड की बीजेपी सरकार से की ये शिकायत, मुख्यमंत्री धामी ने दिया जवाब  BBC","ऋषभ पंत ने आधी रात उत्तराखंड की बीजेपी सरकार से की ये शिकायत, मुख्यमंत्री धामी ने दिया जवाब
भारतीय विकेट कीपर ऋषभ पंत ने शुक्रवार देर रात उत्तराखंड की बीजेपी सरकार से एक शिकायत की है.
ऋषभ पंत ने शुक्रवार रात 12:46 बजे एक्स पर एक पोस्ट में उत्तराखंड के मुख्यमंत्री पुष्कर सिंह धामी को संबोधित करते हुए लिखा है कि यहाँ ज़मीन ख़रीदने की प्रक्रिया में स्पष्टता को लेकर कई तरह की दिक़्क़ते हैं.
ऋषभ पंत ने एक्स पर लिखा है, ''हेलो सर, कैसे हैं आप? उत्तराखंड के होने के नाते काफ़ी समय से मेरी कोशिश है कि मैं अपना बेस दिल्ली से उत्तराखंड शिफ़्ट करूं, लेकिन यहां रहने के लिए अपनी ज़रूरत के मुताबिक़ अच्छी और बड़ी जगह नहीं मिल पा रही है.''
''मेरा उत्तराखंड से बहुत लगाव है और मैं वापस अपने राज्य आकर रहना चाहता हूँ. आपसे विनम्र अनुरोध है कि ज़मीन ख़रीदने में मेरी मदद करें. ज़मीन ख़रीदने की प्रक्रिया में स्पष्टता को लेकर काफ़ी दिक्कतें हैं और तीन साल से कोशिश करने के बावजूद मुझे अब तक ज़मीन नहीं मिल पाई है.''
''मैंने उत्तराखंड को बढ़ावा देने के लिए भी काम किया है और अब मैं अपने पहाड़ी लोगों के बीच वापस आकर राज्य के लिए कुछ करना और इसके विकास में योगदान देना चाहता हूँ. कृपया इस मामले को देखिए. आपके जवाब का इंतज़ार रहेगा, सर.''
गिफ्ट में मांग रहे हैं ज़मीन
एक और पोस्ट में ऋषभ पंत ने लिखा है, ''अगर अंतरराष्ट्रीय स्तर पर राज्य का प्रतिनिधित्व करने के लिए सरकार की ओर से कोई ज़मीन उपहार में मिल सके तो यह मेरे लिए बहुत सम्मान की बात होगी. लेकिन अगर आप अनुमति दें, तो मैं सरकार से ज़मीन उसके तय सरकारी रेट पर ख़रीदना चाहूंगा.''
''कम से कम इससे मैं अपने राज्य, अपने उत्तराखंड में अपना पहला घर बना सकूंगा. कृपया इस मामले में मेरी मदद कीजिए. सच कहूं तो मुझे समझ ही नहीं आ रहा कि इस प्रक्रिया को कैसे आगे बढ़ाऊं.''
ऋषभ पंत की इस पोस्ट का उत्तराखंड के मुख्यमंत्री पुष्कर सिंह धामी ने जवाब दिया है. धामी ने लिखा है, ''प्रिय ऋषभ, आप उत्तराखंड के गौरव हैं. आपने अपने शानदार खेल और उपलब्धियों से देश-दुनिया में देवभूमि का नाम रोशन किया है. अपनी मातृभूमि के प्रति आपका यह प्रेम और यहाँ वापस आकर योगदान देने की भावना अत्यंत सराहनीय है.''
मुख्यमंत्री ने लिखा है, ''आपके विषय के संबंध में संबंधित अधिकारियों को निर्देशित किया जा रहा है. वे शीघ्र ही आपसे संपर्क कर नियमानुसार हरसंभव सहयोग सुनिश्चित करेंगे.''
ऋषभ पंत की इन दो पोस्ट की चर्चा सोशल मीडिया पर काफ़ी हो रही है. कई लोग कह रहे हैं कि ये दोनों पोस्ट बाद में डिलीट हो सकती हैं.
क्रिकेट पर टिप्पणियां करने वाले रोशन राय ने ऋषभ की पोस्ट पर लिखा है, ''भारतीय स्टार क्रिकेटर ऋषभ पंत ने बीजेपी के ""कठपुतली मुख्यमंत्री"" पर तीखा हमला बोला है. यह पोस्ट जल्द ही डिलीट कर दी जाएगी, लेकिन अगर एक स्टार क्रिकेटर की यह स्थिति है, तो कल्पना कीजिए कि आम लोगों को किन हालात से गुजरना पड़ रहा होगा.''
ऋषभ पंत के लिए ज़िंदगी का मुश्किल मोड़ कोई नई बात नहीं है. टेस्ट उपकप्तान बनाए जाने और इंग्लैंड में भारत की 2-2 से बराबरी पर ख़त्म हुई सिरीज़ में कप्तान शुभमन गिल के बाद टीम के दूसरे सबसे ज़्यादा रन बनाने वाले बल्लेबाज़ रहने के एक साल बाद अब यह धाकड़ बल्लेबाज़ टेस्ट टीम में अपनी जगह बचाने और अगले साल होने वाले विश्व कप से पहले वनडे में अपनी प्रासंगिकता बनाए रखने की चुनौती का सामना कर रहा है.
भारतीय क्रिकेट के 28 वर्षीय इस स्टार को अचानक अफ़ग़ानिस्तान के ख़िलाफ़ एकमात्र टेस्ट से पहले टेस्ट उपकप्तानी से हटाकर अनुभवी केएल राहुल को यह ज़िम्मेदारी दे दी गई. इसके बाद पंत अपने लंबे समय के मार्गदर्शक महेंद्र सिंह धोनी के रांची स्थित फार्महाउस पहुंचे, जहां उन्होंने धीमी श्रीलंकाई पिचों पर विकेटकीपिंग और मेज़बान टीम के स्पिनरों का सामना करने की तैयारी की.
ऋषभ की मुश्किलें
इसके बाद वह भारतीय टीम से जुड़ गए, जो मंगलवार को कोलंबो पहुंची. भारत 15 अगस्त से शुरू होने वाली दो टेस्ट मैचों की सिरीज़ खेलेगा, जो उसके विश्व टेस्ट चैंपियनशिप (डब्ल्यूटीसी) अभियान के लिहाज से बेहद अहम दौर में हो रही है.
भारतीय विकेट कीपर ऋषभ पंत की टेस्ट टीम में स्थिति पिछले कुछ महीनों में कमज़ोर हुई है. 28 वर्षीय पंत से जून में अफ़ग़ानिस्तान के ख़िलाफ़ एकमात्र टेस्ट से पहले उपकप्तानी की ज़िम्मेदारी भी ले ली गई थी.
पंत की बल्लेबाज़ी पर भी सवाल उठे थे. उन्होंने दक्षिण अफ़्रीका के ख़िलाफ़ गुवाहाटी में खेले गए अहम दूसरे टेस्ट में कप्तानी संभाली थी, जिसमें भारत को पिछले नवंबर में 408 रन से अपनी सबसे बड़ी हार का सामना करना पड़ा था.
भारत की स्पिन खेलने में कमज़ोरियां पिछले दो घरेलू सत्रों में उजागर हुई हैं. ऐसे में भारत के पूर्व विकेट कीपर दीप दासगुप्ता का मानना है कि श्रीलंका के आगामी दो टेस्ट मैचों की सिरीज़ में ऋषभ पंत टीम के सबसे अहम बल्लेबाज़ होंगे.
दासगुप्ता ने अपने यूट्यूब चैनल पर कहा, ""इस सिरीज़ में वह भारत के लिए महत्वपूर्ण हैं. ऋषभ क्रिकेट के ऐसे दीवाने हैं जो 24 घंटे क्रिकेट पर बात कर सकते हैं. जब भी मैंने उनसे बात की है, बातचीत हमेशा क्रिकेट को लेकर ही हुई है.''
''बाहर से भले ही वह अलग नज़र आते हों, लेकिन वह पूरी तरह क्रिकेट को समर्पित हैं. वह भारत के मैच विनर हैं और यह ज़रूरी होगा कि भारतीय बल्लेबाज़ बहुत ज़्यादा रक्षात्मक न हों और विपक्षी गेंदबाज़ों पर दबाव बनाएं.""
टेस्ट क्रिकेट में सक्रिय खिलाड़ियों के बीच पंत सबसे ज़्यादा छक्के लगाने वाले बल्लेबाज़ हैं. उन्होंने 50 टेस्ट मैचों में 97 छक्के लगाए हैं. दिल्ली के इस विकेटकीपर-बल्लेबाज़ ने 43.37 की औसत से 3,557 रन बनाए हैं, जिसमें आठ शतक और 19 अर्धशतक शामिल हैं.
दासगुप्ता ने कहा कि श्रीलंका के स्पिन आक्रमण में दो बाएं हाथ के स्पिनरों का होना बाएं हाथ से बल्लेबाज़ी करने वाले पंत के लिए फायदेमंद साबित हो सकता है.
बीबीसी के लिए कलेक्टिव न्यूज़रूम की ओर से प्रकाशित.
BBC News हिन्दी को चुनें और पाइए न्यूज़ अलर्ट, लाइव टीवी, पॉडकास्ट... सब एक जगह
कृपया नोट करें: नया ऐप ब्रिटेन और अमेरिका में उपलब्ध नहीं है.",hi,8/8/26 1:48,8/14/26 10:14,,politics_governance,उत्तराखंड|देवभूमि|धामी|पुष्कर सिंह धामी|मुख्यमंत्री,trafilatura,1012
4ec5dded845a79b182d983cf332893741be88f21,https://www.livehindustan.com/assembly-elections/uttarakhand-election/candidates/pushkar-singh-dhami,https://livehindustan.com/assembly-elections/uttarakhand-election/candidates/pushkar-singh-dhami,gnews_dhami_govt,Hindustan,gnews,पुष्कर सिंह धामी,पुष्कर सिंह धामी  Hindustan,"पुष्कर सिंह धामी (Pushkar Singh Dhami) उत्तराखंड विधानसभा में खटीमा विधानसभा क्षेत्र का प्रतिनिधित्व करने वाले विधायक हैं। वे भाजपा (BJP) के सदस्य हैं और वर्तमान में अपने क्षेत्र के विकास, जनहित और सामाजिक कार्यों में सक्रिय भूमिका निभा रहे हैं।
पुष्कर सिंह धामी MLA Profile, Biography, Age, Education, Family, Caste, Party, Contact Number, Constituency Details, Election Result and Political Career से जुड़ी सभी महत्वपूर्ण जानकारी यहां उपलब्ध है।",hi,8/8/26 1:07,8/14/26 11:17,Udham Singh Nagar,politics_governance,dhami|उत्तराखंड|धामी|पुष्कर सिंह धामी|विधानसभा,trafilatura,69
cecfeceb13d6023a12a6004fc5522171aa83ff62,https://hindi.news18.com/news/uttarakhand/dehradun-uttarakhand-aaj-ka-mausamt-08-august-heavy-rainfall-alert-imd-dehradun-chamoli-rivers-overflow-local18-10728593.html,https://hindi.news18.com/news/uttarakhand/dehradun-uttarakhand-aaj-ka-mausamt-08-august-heavy-rainfall-alert-imd-dehradun-chamoli-rivers-overflow-local18-10728593.html,news18_hindi_uttarakhand,News18 Hindi,rss,"उत्तराखंड मौसम: रुद्रप्रयाग-चमोली समेत 7 जिलों में आफत की बारिश, पहाड़ों पर चमोली में 20 सड़कें ठप, नदियां उफान पर","Uttarakhand Aaj Ka Mausam 08 August: मौसम विज्ञान केंद्र (IMD) देहरादून के अनुसार 8 अगस्त को उत्तराखंड के रुद्रप्रयाग, चमोली, टिहरी और बागेश्वर में भारी बारिश का अलर्ट जारी किया गया है. देहरादून, नैनीताल और उत्तरकाशी में भी हल्की से मध्यम बारिश और तेज बौछारें पड़ेंगी. चमोली जिले में भूस्खलन के कारण 20 से अधिक सड़कें ठप हैं और ऋषिकेश में पहाड़ों पर जारी मूसलाधार बारिश से गंगा उफान पर है. हरिद्वार और ऊधमसिंह नगर में आकाशीय बिजली चमकने की आशंका है. 9 से 11 अगस्त के बीच देहरादून, पौड़ी, पिथौरागढ़ और चंपावत समेत 9 जिलों में भारी से अति भारी बारिश की चेतावनी दी गई है.",,hi,8/7/26 23:46,8/14/26 11:13,Dehradun|Haridwar|Nainital|Pauri Garhwal|Tehri Garhwal|Chamoli|Rudraprayag|Uttarkashi|Pithoragarh|Bageshwar|Champawat,infrastructure|environment_disaster,uttarakhand|उत्तराखंड,,0
d7a8f40865f72fcbbd904955f68cb3bf3ef2d422,https://www.bhaskar.com/g/national/news/india-pm-modi-independence-day-education-unemployment-inflation-petition-138663215.html,https://bhaskar.com/g/national/news/india-pm-modi-independence-day-education-unemployment-inflation-petition-138663215.html,gnews_protest_youth,Dainik Bhaskar,gnews,दीपके बोले- पीएम स्वतंत्रता दिवस पर युवाओं को संबोधित करें: सरकार बताए शिक्षा-बेरोजगारी पर क्या कदम उठाए; ल...,दीपके बोले- पीएम स्वतंत्रता दिवस पर युवाओं को संबोधित करें: सरकार बताए शिक्षा-बेरोजगारी पर क्या कदम उठाए; ल...  Dainik Bhaskar,"- Hindi News
- National
- Abhijeet Dipke Vs PM Narendra Modi; Independence Day 2026 | Unemployment Inflation
दीपके बोले- पीएम स्वतंत्रता दिवस पर युवाओं को संबोधित करें:सरकार बताए शिक्षा-बेरोजगारी पर क्या कदम उठाए; लोगों से पिटीशन साइन करने को कहा
- कॉपी लिंक
कॉकरोच जनता पार्टी के फाउंडर अभिजीत दीपके ने कहा कि इस स्वतंत्रता दिवस पर हम चाहते हैं कि प्रधानमंत्री देश के युवाओं को संबोधित करें।
उन्होंने शुक्रवार को X पर पोस्ट कर लिखा- हम प्रधानमंत्री से अनुरोध करते हैं कि वे बताएं कि सरकार शिक्षा, बेरोजगारी और बढ़ती महंगाई के मुद्दों पर युवाओं के लिए क्या कदम उठा रही है।
उन्होंने अपने पोस्ट के साथ एक लिंक शेयर करते हुए कहा, ‘अगर आप इस बात का समर्थन करते हैं, तो पिटीशन पर साइन करें।’ शनिवार सुबह 4 बजे तक याचिका पर 32 हजार से ज्यादा लोगों ने साइन किए हैं।
कॉकरोच जनता पार्टी शुरू करेगी 'क्या बोलती पब्लिक' कैंपेन
कॉकरोच जनता पार्टी के फाउंडर अभिजीत दीपके सितंबर से देशभर में ‘क्या बोलती पब्लिक’ अभियान शुरू करेंगे। दीपके ने गुरुवार को महाराष्ट्र के संभाजीनगर में यह घोषणा की था। उन्होंने कहा था कि हम गांव-शहर जाकर युवाओं से बात करेंगे। साथ ही, बेरोजगारी और महंगी शिक्षा को मुद्दा बनाएंगे।
नीट पेपर लीक को लेकर दीपके और उनकी पार्टी ने जंतर-मंतर पर 20 जून से 25 जुलाई तक, लगातार 36 दिनों तक धरना दिया था। 25 जुलाई को तत्कालीन शिक्षा मंत्री धर्मेंद्र प्रधान के इस्तीफे के बाद CJP ने धरना समाप्त करने की घोषणा की थी।
CJP ने नेशनल वर्किंग कमेटी के नामों की घोषणा की
CJP ने गुरुवार को नेशनल वर्किंग कमेटी के सदस्यों के नामों की घोषणा की। पार्टी ने कहा कि अगले छह महीनों में देशभर में राज्य समन्वय समितियों के साथ-साथ लोकसभा और शहर स्तर की समन्वय इकाइयों का गठन किया जाएगा।
----------------------------------------
कॉकरोच जनता पार्टी चलाएंगे ये 12 लोग, सभी 35 साल से कम, जानिए इनकी कहानी; CJP असल में किसे डेंट मारेगी
कॉकरोच जनता पार्टी फिलहाल राजनीति में नहीं आएगी। सरकार के लिए प्रेशर ग्रुप की तरह काम करेगी। गुरुवार को 12 कोर सदस्यों की टीम का ऐलान भी कर दिया। इनमें वकील, CA, इंजीनियर, पत्रकार शामिल हैं और सबकी उम्र 35 साल से कम। अगले महीने से ये पूरे देश में घूमकर सदस्यता अभियान चलाएंगे। पूरी खबर पढें…
- थरूर बोले- RSS की विचारधारा नहीं बदली: उनका मकसद देश को हिंदू राष्ट्र के रूप में आगे बढ़ाना, लेकिन भागवत का बयान बदलाव का संकेत
- सरकार ने अरुणाचल की 27 जगह मैप में शामिल कीं: चीन की वजह से ऐसा किया, इसने कई बार भारतीय इलाकों के नाम बदले
- दिल्ली-NCR में तेज बारिश, कई इलाकों में ट्रैफिक जाम: यूपी के 30 गांवों में बाढ़, उत्तराखंड में बद्रीनाथ-गंगोत्री हाईवे बंद
- झारखंड सरकार के साथ बैठक के बावजूद छात्र आंदोलन जारी: स्टूडेंट बोले- भरोसा है मुख्यमंत्री हमारी मांगों को मानेंगे, और कोई समाधान निकालेंगे",hi,8/7/26 22:26,8/14/26 11:18,Chamoli|Uttarkashi,recruitment_jobs|exam_paper_leak|protest_agitation|infrastructure|environment_disaster|politics_governance,उत्तराखंड|मुख्यमंत्री,trafilatura,473
0fa9ed7f6364ba572248211a074530738c69d446,https://hindi.news18.com/news/uttarakhand/haldwani-who-is-renu-dhariyal-world-longest-hair-record-local18-10728856.html,https://hindi.news18.com/news/uttarakhand/haldwani-who-is-renu-dhariyal-world-longest-hair-record-local18-10728856.html,news18_hindi_uttarakhand,News18 Hindi,rss,"Renu Dhariyal : कौन हैं उत्तराखंड की रेणु धरियाल, इनके बाल दुनिया में सबसे लंबे, जानिए बिना शैंपू-तेल कैसे किए इतने बड़े?","Who is Renu Dhariyal : उत्तराखंड की रेणु धरियाल विश्व में लंबे बालों की क्वीन बन चुकी हैं. उनके बालों की लंबाई 8 फीट, 10 इंच है, जो अब तक के सबसे लंबे व्यक्ति रॉबर्ट वाडलो से थोड़ी ही कम है. रेणु ने अपने लंबे बालों से आलिया नासिरोवा (यूक्रेन) का रिकॉर्ड तोड़ा है. आलिया के बालों की लंबाई 257.33 cm (8 ft 5.3 in) थी. रेणु यूट्यूबर भी हैं, जिन्हें दूसरी महिलाओं के साथ अपने ब्यूटी टिप्स शेयर करना पसंद है. वह हल्द्वानी में अपने पति और बच्चों के साथ रहती हैं.",,hi,8/7/26 18:00,8/14/26 11:13,Nainital,,उत्तराखंड,,0
c40418e03d4199d8a0e0984e6f7a48600101c309,https://www.amarujala.com/dehradun/uttarakhand-police-ranks-fifth-in-india-for-cybercrime-control-and-management-cm-dhami-congratulate-2026-08-07,https://amarujala.com/dehradun/uttarakhand-police-ranks-fifth-in-india-for-cybercrime-control-and-management-cm-dhami-congratulate-2026-08-07,gnews_dhami_govt,Amar Ujala,gnews,"अच्छी खबर: साइबर अपराध नियंत्रण व प्रबंधन में उत्तराखंड पुलिस का देश में पांचवां नंबर, सीएम धामी ने दी बधाई","अच्छी खबर: साइबर अपराध नियंत्रण व प्रबंधन में उत्तराखंड पुलिस का देश में पांचवां नंबर, सीएम धामी ने दी बधाई  Amar Ujala","अच्छी खबर: साइबर अपराध नियंत्रण व प्रबंधन में उत्तराखंड पुलिस का देश में पांचवां नंबर, सीएम धामी ने दी बधाई
बैठक में एक जनवरी से 31 जुलाई तक के राज्य/केंद्र शासित प्रदेश प्रदर्शन मैट्रिक्स को प्रस्तुत किया गया था। इसमें राज्यों की पुलिस का मूल्यांकन इंडियन साइबर क्राइम कॉर्डिनेशन सेंटर (आई4सी) की ओर से संचालित साइबर पहलों के प्रभावी क्रियान्वयन के आधार पर किया था।
खबरें लगातार पढ़ने के लिए अमर उजाला एप डाउनलोड करें
या 
 वेबसाइट पर पढ़ना जारी रखने के लिए वीडियो विज्ञापन देखें
अगर आपके पास प्रीमियम मेंबरशिप है तो
विस्तार
साइबर अपराध नियंत्रण एवं प्रबंधन में उत्तराखंड पुलिस ने देश में शीर्ष पांच में जगह बनाई है। प्रधानमंत्री कार्यालय में बृहस्पतिवार को हुई प्रगति समीक्षा बैठक में राज्यों और केंद्र शासित प्रदेशों की पुलिस को कई मानकों पर परखा गया था। इनमें तेलंगाना राज्य पहले स्थान पर रहा है। जबकि, उत्तराखंड ने स्टेट साइबर क्राइम कॉर्डिनेशन सेंटर (एस4सी) की स्थापना जैसे बड़े कदम उठाकर देश में पांचवा नंबर हासिल किया है। पुलिस की इस उपलिब्ध पर मुख्यमंत्री पुष्कर सिंह धामी ने पुलिस को बधाई दी है।
पुलिस मुख्यालय के अनुसार बैठक में एक जनवरी से 31 जुलाई तक के राज्य/केंद्र शासित प्रदेश प्रदर्शन मैट्रिक्स को प्रस्तुत किया गया था। इसमें राज्यों की पुलिस का मूल्यांकन इंडियन साइबर क्राइम कॉर्डिनेशन सेंटर (आई4सी) की ओर से संचालित साइबर पहलों के प्रभावी क्रियान्वयन के आधार पर किया था।
इसमें एस4सी की स्थापना, ईजीरो एफआईआर, ग्रीवांस रिड्रेसल मॉड्यूल (जीआरएम), मनी रिस्टोरेशन मॉड्यूल (एमआरएम), सहयोग पोर्टल, समन्वय पोर्टल, सूचना साझाकरण, सीआईएआर अनुपालन, साइट्रेन क्षमता निर्माण, राष्ट्रीय साइबर हॉट स्पॉट विश्लेषण और साइबर जागरूकता जैसे मानक शामिल हैं। उत्तराखंड पुलिस का इन सभी मानकों पर बेहतर प्रदर्शन रहा।
धामी सरकार सख्त: नंदा की चौकी पुल की एप्राेच रोड धंसने के मामले में कार्रवाई; ईई, एई और जेई निलंबित
इनमें एस4सी की स्थापना के लिए राज्य सरकार ने अधिसूचना जारी कर दी थी। इसके साथ ही सेंटर के लिए अलग से भवन व आधारभूत अवसंरचना के लिए बजट का प्रावधान भी किया गया है। इससे राज्य में साइबर अपराध नियंत्रण व समन्वय के लिए एक समर्पित संस्थागत व्यवस्था विकसित हो रही है। एसटीएफ की ओर से आई4सी के सहयोग से साइबर अपराधों की रोकथाम, अन्वेषण, तकनीकी सहायता, अंतरराज्यीय समन्वय पीड़ित सहायता प्रणाली को लगातार सुदृढ़ किया जा रहा है।
                                                                                                                                 
                                                
                                                                                                                                 
                                                
                                                                                                                                 
                                                
                                                                                                                                 
                                                
                                                                                                                                 
                                                
                                                                                                                                 
                                                
                                                                                                                                 
                                                ईजीरो एफआईआर का क्रियान्वयन किया गया। पुलिस के इस प्रदर्शन पर डीजीपी दीपम सेठ ने कहा कि शीर्ष पांच राज्यों में स्थान प्राप्त करना राज्य पुलिस के लिए अत्यंत गौरव एवं संतोष का विषय है। यह उपलब्धि राज्य सरकार के मार्गदर्शन, उत्तराखंड पुलिस,एसटीएफ व अन्य इकाईयों के समन्वय का ही प्रयास है।
                                                                                                                                 
                                                
                                                                                                                                 
                                                
                                                                                                                                 
                                                
                                                                                                                                 
                                                
                                                                                                                                 
                                                
                                                                                                                                 
                                                
                                                                                                                                 
                                                यह उपलब्धि राज्य सरकार की सरलीकरण, समाधान, निस्तारण एवं संतुष्टि की कार्यसंस्कृति, आधुनिक तकनीक के प्रभावी उपयोग और प्रतिबद्धता का परिणाम है। उन्होंने विश्वास जताया कि उत्तराखंड पुलिस भविष्य में भी साइबर अपराधों के प्रभावी नियंत्रण, नागरिकों की डिजिटल सुरक्षा एवं सुरक्षित साइबर इकोसिस्टम के निर्माण के लिए इसी प्रतिबद्धता के साथ कार्य करती रहेगी।
                                                                                                                                 
                                                
                                                                                                                                 
                                                
                                                                                                                                 
                                                
                                                                                                                                 
                                                - पुष्कर सिंह धामी, मुख्यमंत्री",hi,8/7/26 17:45,8/14/26 11:16,,protest_agitation|infrastructure|politics_governance,उत्तराखंड|धामी|पुष्कर सिंह धामी|मुख्यमंत्री|राज्य सरकार,trafilatura,488
0b04f409f03aa0e9b4dcbdd4816062e0699cdc42,https://timesofindia.indiatimes.com/city/dehradun/ngt-seeks-report-on-sewage-discharge-into-bhagirathi-at-devprayag/articleshow/133039788.cms,https://timesofindia.indiatimes.com/city/dehradun/ngt-seeks-report-on-sewage-discharge-into-bhagirathi-at-devprayag/articleshow/133039788.cms,gnews_dehradun_en,The Times of India,gnews,NGT seeks report on ‘sewage discharge’ into Bhagirathi at Devprayag,NGT seeks report on ‘sewage discharge’ into Bhagirathi at Devprayag  The Times of India,"DEVPRAYAG SANGAM (REPRESENTATIONAL PHOTO)

Dehradun: National Green Tribunal (NGT) on Friday directed Devprayag municipal council to submit a detailed report addressing allegations of untreated sewage and septage being discharged into Bhagirathi river in Uttarakhand’s Tehri Garhwal district. A bench headed by NGT chairperson Justice Prakash Shrivastava observed that the plea raised a substantial question relating to compliance with environmental norms and listed the matter for hearing on Oct 16. The application, filed by Priyank Karnatak, a tirth purohit at Badrinath Dham, alleged that untreated sewage from public toilets and nearby drains was polluting the river near the Devprayag Sangam, where Bhagirathi and Alaknanda meet to form Ganga. The plea submitted that public toilets constructed near Okaranand Public School for pilgrims were discharging untreated sewage and septage directly into Bhagirathi. Photographs of the site were also submitted to support the allegations. The tribunal impleaded Tehri Garhwal district magistrate, member secretary of Uttarakhand Pollution Control Board, state environment secretary and Devprayag municipal council through its chief executive officer and issued notices seeking their responses.

End of Article",en,8/7/26 17:44,8/14/26 11:21,Dehradun|Tehri Garhwal|Chamoli,investigation_justice,garhwal|uttarakhand,newspaper4k,175
05b717bb27b56f84aac4362d69ebe531c37aac61,https://timesofindia.indiatimes.com/city/dehradun/pwd-exec-engg-suspended-over-nanda-ki-chowki-road-collapse/articleshow/133038948.cms,https://timesofindia.indiatimes.com/city/dehradun/pwd-exec-engg-suspended-over-nanda-ki-chowki-road-collapse/articleshow/133038948.cms,gnews_dehradun_en,The Times of India,gnews,PWD exec engg suspended over Nanda ki Chowki road collapse,PWD exec engg suspended over Nanda ki Chowki road collapse  The Times of India,"Dehradun: Ten days after the approach road to the newly built Nanda ki Chowki bridge collapsed, the executive engineer of public works department’s (PWD) provincial division, Dehradun, has been suspended. According to the preliminary investigation report, the design consultant failed to provide a design for the river diversion work. “The design consultant should have provided measures for river training, considering the bed’s cross-slope and the meandering nature of the river, which were not given. As a result, the river flow concentrated toward a single span, causing heavy scouring upstream of the abutment. This created a cavity in the approach road, leading to its damage,” the report read. An order issued by PWD secretary Pankaj Kumar Pandey stated that Rajesh Kumar, who was overseeing the project, failed to perform necessary technical supervision, maintain quality control, enforce contractual conditions, and properly discharge his duties. The order noted that this prima facie indicates gross negligence toward govt work, lax supervision and a serious lapse in official responsibilities. “Since the matter is serious, a major penalty may be imposed on him. Therefore, under the provisions of Rule 4(1) of Uttarakhand Govt Servants (Discipline and Appeal) Rules, 2003, (as amended), Kumar is suspended with immediate effect,” Pandey ordered. Kumar has been attached to the PWD chief engineer office in Dehradun. Pandey had directed the chief engineer on July 28—when the bridge collapsed—to conduct an inspection and submit a findings report within three days. TOI had reported earlier this week that even after eight days, no accountability had been fixed for the collapse, nor had action been taken against the contractor. Built at a cost of ₹16 crore, the bridge was opened to the public on July 12 after the original structure collapsed during heavy rainfall in Sept 2025.

End of Article",en,8/7/26 17:00,8/14/26 11:21,Dehradun,infrastructure,uttarakhand,newspaper4k,296
3b7fcc78c35f9656268510cd338eae3ae32a9e07,https://www.livehindustan.com/uttarakhand/dhami-govt-brings-good-news-for-pashupalak-and-laborers-these-decisions-were-taken-in-cabinet-meeting-201786117660688.html,https://livehindustan.com/uttarakhand/dhami-govt-brings-good-news-for-pashupalak-and-laborers-these-decisions-were-taken-in-cabinet-meeting-201786117660688.html,gnews_dhami_govt,Hindustan,gnews,"धामी सरकार ने पशुपालकों, मजदूरों समेत इन वर्गों को दी खुशखबरी, कैबिनेट की बैठक में लिए ये खास फैसले","धामी सरकार ने पशुपालकों, मजदूरों समेत इन वर्गों को दी खुशखबरी, कैबिनेट की बैठक में लिए ये खास फैसले  Hindustan","धामी सरकार ने पशुपालकों, मजदूरों समेत इन वर्गों को दी खुशखबरी, कैबिनेट की बैठक में लिए ये खास फैसले
कैबिनेट ने हल्द्वानी के लामाचौड़ में उपलब्ध 73 हेक्टेयर वन भूमि में से करीब 40 हेक्टेयर भूमि हाईकोर्ट परिसर के निर्माण के लिए ट्रांसफर करने के प्रस्ताव को मंजूरी दी। बैठक के बाद महानिदेशक सूचना एवं अपर सचिव मुख्यमंत्री बंशीधर तिवारी ने वहां हुए फैसलों की जानकारी दी।
उत्तराखंड कैबिनेट की गुरुवार को हुई बैठक में पशुपालन, श्रमिक कल्याण, शिक्षा, न्यायिक आधारभूत ढांचे, पर्यटन, खेल, पेयजल और औद्योगिक विकास से जुड़े कई प्रस्तावों को मंजूरी दी गई। इस बैठक में राज्य सरकार ने गौ पालन योजना का दायरा बढ़ाते हुए सामान्य वर्ग के पशुपालकों को भी इसमें शामिल करने का निर्णय लिया। साथ ही बैठक में नई मजदूर नियमावली को भी स्वीकृति दी गई, जिसके अनुसार ओवरटाइम पर दोगुना भुगतान और हर महीने की 7 तारीख तक वेतन मिलना सुनिश्चित किया गया है। उधर अनुसूचित जाति एवं जनजाति छात्रावासों के संचालन के लिए नई नियमावली को भी बैठक में मंजूरी दी गई।
इसके अलावा इस बैठक में राज्य सरकार ने खेल विश्वविद्यालय में 122 नियमित पदों के सृजन को भी मंजूरी दे दी साथ ही वन विकास निगम में भर्ती प्रक्रिया को अधिक पारदर्शी बनाने के लिए स्केलर पदों पर भर्ती के लिए 100 अंकों की लिखित परीक्षा लागू करने का फैसला लिया। कैबिनेट ने मेरठ से हरिद्वार तक गंगा एक्सप्रेसवे विस्तार के लिए यूपी सरकार के साथ समझौता ज्ञापन पर हस्ताक्षर करने को भी मंजूरी दी।
सामान्य वर्ग के पशुपालकों को भी मिलेगा अनुदान
कैबिनेट ने राज्य सेक्टर की गौ पालन योजना का दायरा बढ़ाते हुए सामान्य वर्ग के पशुपालकों को भी इसमें शामिल करने का निर्णय लिया। अब लाभार्थी गाय के साथ भैंस खरीदने का विकल्प भी चुन सकेंगे। पशु की यूनिट लागत 40 हजार रुपए से बढ़ाकर 60 हजार रुपए कर दी गई है। अनुसूचित जाति एवं जनजाति वर्ग को 90 प्रतिशत तथा सामान्य वर्ग को 60 प्रतिशत तक अनुदान मिलेगा। सरकार के अनुसार पहले वर्ष में करीब 2,128 पशुपालकों को इसका लाभ मिलने की उम्मीद है।
मजदूरी नियमावली लागू, 7 तारीख तक मिलेगा वेतन
कैबिनेट ने मजदूरी संहिता, 2019 के तहत उत्तराखंड मजदूरी संहिता नियमावली-2026 को भी मंजूरी दी। इसके तहत न्यूनतम मजदूरी, ओवरटाइम पर दोगुना भुगतान, हर महीने की 7 तारीख तक वेतन, डिजिटल भुगतान और समान कार्य के लिए महिला एवं पुरुष को समान वेतन जैसे प्रावधान लागू किए गए हैं।
SC-ST हॉस्टल संचालन के लिए भी नई नियमावली
अनुसूचित जाति एवं जनजाति छात्रावासों के संचालन के लिए नई नियमावली को भी मंजूरी दी गई। सरकार का कहना है कि इससे विद्यार्थियों को बेहतर आवास, भोजन और शैक्षणिक सुविधाएं मिलेंगी। ईको-टूरिज्म को बढ़ावा देने के लिए गठित उच्चाधिकार प्राप्त समिति की संरचना में भी संशोधन किया गया है। इसमें वन विभाग के वरिष्ठ अधिकारियों को शामिल कर पर्यावरण संरक्षण, कचरा प्रबंधन और स्थानीय समुदायों की भागीदारी को मजबूत करने का लक्ष्य रखा गया है।
हाईकोर्ट परिसर, खेल विश्वविद्यालय पर फैसले
कैबिनेट ने हल्द्वानी के लामाचौड़ क्षेत्र में उपलब्ध 73 हेक्टेयर वन भूमि में से करीब 40 हेक्टेयर भूमि हाईकोर्ट परिसर के निर्माण के लिए हस्तांतरित करने के प्रस्ताव को मंजूरी दी। गौलापार स्थित उत्तराखंड राज्य खेल विश्वविद्यालय के संचालन के लिए 122 नियमित पदों के सृजन और तकनीकी व सहायक कर्मचारियों की आउटसोर्स व्यवस्था को भी स्वीकृति दी गई।
बैठक में केंद्र सरकार के संशोधनों के अनुरूप उत्तराखंड जीएसटी अधिनियम, 2017 में संशोधन के लिए अध्यादेश लाने का निर्णय लिया गया। साथ ही जल जीवन मिशन की ग्रामीण पेयजल योजनाओं को ग्राम पंचायतों और ग्राम जल एवं स्वच्छता समितियों को हस्तांतरित करने के लिए केंद्र सरकार के प्रोटोकॉल को अपनाने पर भी सहमति बनी। मुख्यमंत्री पुष्कर सिंह धामी की अध्यक्षता में हुई बैठक के बाद महानिदेशक सूचना एवं अपर सचिव मुख्यमंत्री बंशीधर तिवारी ने बैठक में हुए फैसलों की जानकारी दी।",hi,8/7/26 15:59,8/14/26 11:17,Haridwar|Nainital,investigation_justice|protest_agitation|health_education|tourism_religion|politics_governance,उत्तराखंड|धामी|पुष्कर सिंह धामी|मुख्यमंत्री|राज्य सरकार,trafilatura,626
4e9dbabba08d5bf416ac1a1e0bb735064e68f3ac,https://hindi.news18.com/news/agriculture/meet-colonel-vikas-gunasai-organic-farming-chemical-free-food-local18-10728487.html,https://hindi.news18.com/news/agriculture/meet-colonel-vikas-gunasai-organic-farming-chemical-free-food-local18-10728487.html,news18_hindi_uttarakhand,News18 Hindi,rss,कारगिल युद्ध लड़ने वाले कर्नल ने कैसे खड़ा किया ऑर्गेनिक फार्मिंग का ब्रांड? मिलिए देहरादून के एक्स आर्मी विकास गुसाई से,"Home Gardening Tips : देहरादून शहर में रहने के बावजूद यह परिवार बाजार से फल और सब्जियां खरीदने के बजाय खुद अपने घर पर ही उन्हें जैविक तरीके से उगाता है. उत्तराखंड के विकास गुसाई ने सेना से सेवानिवृत्त होने के बाद अपनी अनुशासित जीवनशैली को प्रकृति से जोड़ लिया है. लोकल 18 से वे बताते हैं कि 2011 में सेना से सेवानिवृत्त होने के बाद उन्होंने दिल्ली में प्राइवेट नौकरी भी की, लेकिन उनका मन पहाड़ों की मिट्टी में ही अटका रहा. थोड़े दिनों बाद ही देहरादून लौट आए और अपनी पत्नी के साथ 'दून गूसबेरी फार्म' की नींव रखी. आज उनका यह काम देहरादून का एक लोकप्रिय लोकल ब्रांड बन चुका है. वे इसके जरिए सालाना 9 से 10 लाख रुपये तक आराम से कमा लेते हैं.",,hi,8/7/26 15:23,8/14/26 11:13,Dehradun,,उत्तराखंड,,0
58d03c81b40639a7da56f69efe16fd976c6c9851,https://hindi.news18.com/news/uttarakhand/bageshwar-triveni-sangam-uttarakhand-saryu-gomti-saraswati-river-religious-tourism-babanath-temple-local18-10728370.html,https://hindi.news18.com/news/uttarakhand/bageshwar-triveni-sangam-uttarakhand-saryu-gomti-saraswati-river-religious-tourism-babanath-temple-local18-10728370.html,news18_hindi_uttarakhand,News18 Hindi,rss,"Triveni Sangam: प्रयागराज नहीं जा पा रहे, तो बागेश्वर के त्रिवेणी संगम में करें स्नान, मान्यता है पापों से मिलती है मुक्ति","Bageshwar Triveni Sangam: उत्तराखंड के बागेश्वर में स्थित त्रिवेणी संगम आस्था और प्राकृतिक खूबसूरती का अनोखा संगम है. मान्यता है कि यहां सरयू, गोमती और अदृश्य सरस्वती नदियों का मिलन होता है. यही वजह है कि हर साल बड़ी संख्या में श्रद्धालु इस पवित्र संगम में स्नान और पूजा-अर्चना के लिए पहुंचते हैं. कहा जाता है कि संगम में डुबकी लगाने के बाद बाबा बागनाथ के दर्शन करने से विशेष पुण्य की प्राप्ति होती है. माघ महीने के उत्तरायणी मेले से लेकर सावन के सोमवार तक यहां भक्तों की भीड़ उमड़ती है. पहाड़ों के बीच बहती नदियां, शांत वातावरण और धार्मिक महत्व बागेश्वर के इस संगम को खास बनाते हैं.",,hi,8/7/26 14:21,8/14/26 11:13,Bageshwar,,उत्तराखंड,,0
28859de45a71592b495dd7c377383e6a5e74435f,https://hindi.news18.com/news/uttarakhand/dehradun-doon-hospital-patients-waiting-weeks-for-ultrasound-local18-10728294.html,https://hindi.news18.com/news/uttarakhand/dehradun-doon-hospital-patients-waiting-weeks-for-ultrasound-local18-10728294.html,news18_hindi_uttarakhand,News18 Hindi,rss,"'पैसे होते तो इतनी दूर न आती', दून अस्पताल में अल्ट्रासाउंड के लिए हफ्ते-हफ्ते भर की वेटिंग, एक रेडियोलॉजिस्ट पर 150 मरीज","Dehradun ki local news : दून अस्पताल में इन दिनों मरीजों को अल्ट्रासाउंड करने में काफी दिक्कत हो रही है. हफ्ते-हफ्ते भर बाद नंबर आ रहा है. अल्ट्रासाउंड फीस भी 350 रुपये से बढ़ाकर 680 रुपये कर दी गई है. टिहरी गढ़वाल से अल्ट्रासाउंड करवाने आई बसंती देवी ने लोकल 18 को बताया कि उनके गांव में कोई अच्छा अस्पताल नहीं. वहां के डॉक्टरों ने उन्हें दून अस्पताल दिखाने की सलाह दी थी, लेकिन यहां भी परेशानी पीछा नहीं छोड़ रही है. अस्पताल सूत्रों का कहना है कि वर्तमान में यहां केवल एक ही रेडियोलॉजिस्ट तैनात है. उस पर ओपीडी और आईपीडी दोनों विभागों के सभी मरीजों की जांच का जिम्मा है. रोज करीब 150 मरीजों का अल्ट्रासाउंड किया जा रहा है. जांच के लिए हफ्ते भर लंबी तारीख देना मजबूरी है.",,hi,8/7/26 14:16,8/14/26 11:13,Dehradun|Tehri Garhwal,health_education,गढ़वाल,,0
4291593c8fa2c6fe04a7f449973a53037f0c2c12,https://hindi.news18.com/news/uttarakhand/almora-flying-car-ravi-viral-video-tamta-tests-hapida-skynex-in-almora-watch-viral-electric-flying-vehicle-video-now-local18-10728255.html,https://hindi.news18.com/news/uttarakhand/almora-flying-car-ravi-viral-video-tamta-tests-hapida-skynex-in-almora-watch-viral-electric-flying-vehicle-video-now-local18-10728255.html,news18_hindi_uttarakhand,News18 Hindi,rss,"'ये क्‍या बना डाला…' जब उत्तराखंड के आसमान पर रवि टम्‍टा ने उड़ाई कार, हर कोई रह गया दंग","Flying Car Video: उत्तराखंड के अल्मोड़ा के रहने वाले एक युवक ने वह कर दिखाया है, जिसे हम सिर्फ हॉलीवुड की साइंस-फिक्सन की फिल्मों में देखते थे. रवि टम्टा नाम के युवक ने सिंगल-सीटर इलेक्ट्रिक फ्लाइंग कार का सफल परीक्षण किया है. इस फ्लाइंग मशीन का नाम 'HAPIDA SKYNeX' है. सोशल मीडिया पर पहाड़ों के बीच उड़ती इस कार का वीडियो तेजी से वायरल हो रहा है. रवि का सपना पहाड़ी क्षेत्रों में यात्रा के समय को कम करना है, जहां 90 मिनट का सफर हवा के जरिए मात्र 10 मिनट में पूरा किया जा सकेगा.",,hi,8/7/26 13:37,8/14/26 11:13,Almora,,उत्तराखंड,,0
4e6519930508e827ace5f98874b8389c00f68f94,https://www.newindianexpress.com/india/2026/Aug/07/uttarakhand-cabinet-clears-high-court-land-transfer-ganga-expressway-extension,https://newindianexpress.com/india/2026/Aug/07/uttarakhand-cabinet-clears-high-court-land-transfer-ganga-expressway-extension,gnews_uttarakhand_en,The New Indian Express,gnews,"Uttarakhand Cabinet clears High Court land transfer, Ganga Expressway extension","Uttarakhand Cabinet clears High Court land transfer, Ganga Expressway extension  The New Indian Express","DEHRADUN: The Uttarakhand Cabinet on Friday approved the transfer of about 40 hectares of forest land at Lamachaur in Haldwani for a new High Court complex and cleared the proposed extension of the Ganga Expressway from Meerut to Haridwar.

Briefing reporters after the meeting chaired by Chief Minister Pushkar Singh Dhami, Director General of Information and Additional Secretary to the Chief Minister Banshidhar Tiwari said the Cabinet took several decisions related to infrastructure, labour welfare, education, sports, tourism, drinking water and rural development.

The Cabinet approved the signing of a memorandum of understanding between the Uttar Pradesh and Uttarakhand governments to extend the Ganga Expressway to Haridwar. The project is expected to improve connectivity and boost religious tourism.

For the new High Court campus, the government will transfer the required land from a 73-hectare forest parcel at Lamachaur. The project is expected to strengthen judicial infrastructure in the Kumaon region.

The Cabinet approved the Uttarakhand Code on Wages Rules, 2026, under the Code on Wages, 2019. The rules provide for minimum wages, double payment for overtime, salary disbursal by the seventh of every month, digital payments and equal remuneration for women and men doing the same work.

A new framework for Scheduled Caste and Scheduled Tribe hostels was also approved to improve accommodation, meals and academic support.

The Cabinet revised the composition of the high-powered eco-tourism committee to improve coordination on conservation, medicinal herbs, waste management and community participation. It also approved an ordinance to amend the Uttarakhand Goods and Services Tax Act, 2017, in line with changes made by the Centre.

The government sanctioned 122 regular posts for the State Sports University at Gaulapar in Haldwani, along with technical and support staff to be hired through outsourcing.

The Cabinet also expanded the state's cattle rearing scheme to include general-category livestock farmers and allow beneficiaries to purchase buffaloes as well as cows. The unit cost has been increased from ₹40,000 to ₹60,000. Scheduled Caste and Scheduled Tribe beneficiaries will receive a 90 per cent subsidy, while general-category beneficiaries will get up to 60 per cent. Around 2,128 farmers are expected to benefit in the first year.

“This will support the rural economy, self-employment and efforts to check migration,” the government said.

The Cabinet also approved the Uttarakhand Forest Development Corporation Service (Amendment) Regulations, 2026, under which recruitment to scaler posts will include a 100-mark written examination.",en,8/7/26 13:20,8/14/26 10:15,Dehradun|Haridwar|Nainital,investigation_justice|migration_demography|health_education|tourism_religion|politics_governance,chief minister|dhami|kumaon|uttarakhand|uttarakhand government,newspaper4k,396
510bb617fc138e93ec9177900414749c46e35b7f,https://www.jagran.com/uttarakhand/nainital-kumari-selja-uttarakhand-a-paper-leak-capital-slams-govt-40332940.html,https://jagran.com/uttarakhand/nainital-kumari-selja-uttarakhand-a-paper-leak-capital-slams-govt-40332940.html,gnews_uksssc,jagran.com,gnews,"कांग्रेस प्रदेश प्रभारी शैलजा ने सरकार को घेरा, बोलीं- उत्तराखंड बन गया है पेपर लीक की राजधानी","कांग्रेस प्रदेश प्रभारी शैलजा ने सरकार को घेरा, बोलीं- उत्तराखंड बन गया है पेपर लीक की राजधानी  jagran.com","कांग्रेस प्रदेश प्रभारी शैलजा ने सरकार को घेरा, बोलीं- उत्तराखंड बन गया है पेपर लीक की राजधानी
कांग्रेस प्रदेश प्रभारी शैलजा ने हल्द्वानी में उत्तराखंड को पेपर लीक की राजधानी बताया और शिक्षा प्रणाली पर सवाल उठाए। ...और पढ़ें
HighLights
- शैलजा ने उत्तराखंड को पेपर लीक की राजधानी कहा।
- शिक्षा प्रणाली, रोजगार और सीएम की कार्यप्रणाली पर सवाल।
- खरगे की हल्द्वानी रैली से कार्यकर्ताओं में नई ऊर्जा।
जागरण संवाददाता, नैनीताल। कांग्रेस प्रदेश प्रभारी शैलजा ने हल्द्वानी में मीडिया से बातचीत में पेपर लीक का मुद्दा उठाया। कहा जब दिल्ली में युवा प्रदर्शन कर रहे थे उसी समय उत्तराखंड तकनीकी विश्वविद्यालय का प्रश्नपत्र भी लीक हुआ। बार-बार ऐसा हो रहा है।
ऐसे में लगता है कि उत्तराखंड भी पेपर लीक की एक राजधानी बन गया है। उन्होंने प्रदेश की शिक्षा प्रणाली पर सवाल खड़े करते हुए कहा कि नौजवानों को यहां के एजुकेशन सिस्टम पर भरोसा नहीं रहा है। साथ ही रोजगार की व्यवस्था नहीं हो पा रही है और न ही पलायन रुक रहा है।
उन्होंने कहा कि पेपर लीक के साथ ही ऐसे-ऐसे कारनामे यहां सरकार के हैं जिन पर भाजपा के लोग, विधायक और कार्यकर्ता खुद सवाल उठा रहे हैं। ऐसे में सीएम की कार्यप्रणाली और कार्यशैली पर सवाल उठ रहे हैं। कहा प्रदेश के लोग जानते हैं कि किस तरह उनके साथ धोखा हुआ है।
इधर, लोक सभा में नेता प्रतिपक्ष राहुल गांधी के देहरादून में हुए कार्यक्रम को लेकर कहा कि इससे छात्रों और युवाओं में जागृति आई है। ऐसे में भाजपा और आरएसएस युवाओं की बात सुनने एवं उनके साथ संवाद करने करने को मजबूर हो गए हैं।
खबरें और भी
संघ प्रमुख ने खुद माना कि हमें इस नौजवान पीढ़ी से बात करनी चाहिए। उन्होंने शनिवार को हल्द्वानी के रामलीला मैदान में होने वाली कांग्रेस राष्ट्रीय अध्यक्ष मल्लिकार्जुन खरगे की रैली को लेकर कहा कि यह कार्यक्रम ऐतिहासिक रहेगा। साथ ही इससे कार्यकर्ताओं में एक नई ऊर्जा का संचार होगा।",hi,8/7/26 12:53,8/14/26 11:15,Dehradun|Nainital,exam_paper_leak|protest_agitation|migration_demography|health_education|politics_governance,उत्तराखंड,trafilatura,319
0a3bb7d365065538556e774c7b2c20b27494c47c,https://www.aajtak.in/short-videos/video/uttarakhand-innovator-develops-electric-flying-vehicle-prototype-successfully-tested-for-future-personal-air-mobility-solutions-india-mmta-2617530-2026-08-07,https://aajtak.in/short-videos/video/uttarakhand-innovator-develops-electric-flying-vehicle-prototype-successfully-tested-for-future-personal-air-mobility-solutions-india-mmta-2617530-2026-08-07,gnews_protest_youth,AajTak,gnews,Uttarakhand के Almora में तैयार हुआ भारत का पहला इलेक्ट्रिक फ्लाइंग व्हीकल,Uttarakhand के Almora में तैयार हुआ भारत का पहला इलेक्ट्रिक फ्लाइंग व्हीकल  AajTak,"Advertisement

Swipe

Advertisement

Swipe

Advertisement

Swipe

Advertisement

Swipe

Kanwar Yatra में दिखा भक्ति का अनोखा रूप, 800 किमी पैदल चला शिवभक्त!

Advertisement

Swipe

काजल राघवानी ने पवन सिंह पर लगाया बड़ा आरोप

Advertisement

Swipe

Advertisement

Swipe

बुमराह बाहर, गिल चोटिल, श्रीलंका दौरे पर टीम इंडिया परेशान

Advertisement

Swipe",hi,8/7/26 12:30,8/14/26 11:18,Almora,tourism_religion,uttarakhand,newspaper4k,48
4bc260acd4fcbfae8149fa01c065d865715ff7c6,https://www.amarujala.com/lucknow/up-akhilesh-takes-a-dig-at-yogi-says-the-chief-minister-set-a-world-record-by-getting-a-cosmetic-facial-wo-2026-08-07,https://amarujala.com/lucknow/up-akhilesh-takes-a-dig-at-yogi-says-the-chief-minister-set-a-world-record-by-getting-a-cosmetic-facial-wo-2026-08-07,gnews_protest_youth,Amar Ujala,gnews,"UP: अखिलेश का सीएम योगी पर तंज, बोले- आज का युवा बेरोजगारी-गरीबी से जूझ रहा; ये बेहद अवांछनीय और अति-निंदनीय","UP: अखिलेश का सीएम योगी पर तंज, बोले- आज का युवा बेरोजगारी-गरीबी से जूझ रहा; ये बेहद अवांछनीय और अति-निंदनीय  Amar Ujala","UP: अखिलेश का सीएम योगी पर तंज, बोले- आज का युवा बेरोजगारी-गरीबी से जूझ रहा; ये बेहद अवांछनीय और अति-निंदनीय
समाजवादी पार्टी प्रमुख ने सरकार पर आरोप लगाया। उनका कहना है कि आज का युवा रोजगार और बुनियादी सुविधाओं से जूझ रहा है। सरकार कुछ नहीं कर रही है।
खबरें लगातार पढ़ने के लिए अमर उजाला एप डाउनलोड करें
या 
 वेबसाइट पर पढ़ना जारी रखने के लिए वीडियो विज्ञापन देखें
अगर आपके पास प्रीमियम मेंबरशिप है तो
विस्तार
समाजवादी पार्टी के राष्ट्रीय अध्यक्ष अखिलेश यादव ने मुख्यमंत्री योगी आदित्यनाथ पर तीखा हमला बोला है। उन्होंने कहा कि प्रदेश में शिक्षा, रोजगार और बुनियादी सुविधाओं पर अधिक निवेश की जरूरत है, क्योंकि उत्तर प्रदेश आज भी गरीबी, बेरोजगारी, महंगाई, एमएसपी, बिजली, पानी, सड़क और स्वास्थ्य जैसी बुनियादी समस्याओं से जूझ रहा है।
'युवाओं का भविष्य बेहतर बनाया जा सकता था'
सपा प्रमुख ने दावा किया कि यदि शिक्षा क्षेत्र पर ध्यान दिया जाता तो 'केजी से पीजी और रिसर्च' तक की दो-तीन विश्वस्तरीय यूनिवर्सिटी स्थापित की जा सकती थीं, जिससे प्रदेश के बच्चों और युवाओं का भविष्य बेहतर बनाया जा सकता था।
अखिलेश यादव ने कहा कि समाजवादी पार्टी की सरकार बनने पर शिक्षा और युवाओं को प्राथमिकता दी जाएगी। उन्होंने ""नियो इंडिया"" का जिक्र करते हुए दावा किया कि उनकी सरकार उत्तर प्रदेश को तरक्की और खुशहाली के रास्ते पर ले जाएगी।
Video शेयर कर अखिलेश का तंज; बोले- जोखिम कौन उठाएगा?
छह अगस्त को भी अखिलेश ने तंज कसा। लखनऊ-कानपुर एक्सप्रेसवे की गुणवत्ता को लेकर विवाद गहराता जा रहा है। उद्घाटन के कुछ ही दिनों बाद सड़क धंसने की घटनाओं और मरम्मत के दौरान पंखों से सड़क सुखाने का वीडियो सोशल मीडिया पर वायरल होने के बाद समाजवादी पार्टी के राष्ट्रीय अध्यक्ष अखिलेश यादव ने योगी सरकार पर निशाना साधा है।
                                                                                                                                 
                                                
                                                                                                                                 
                                                
                                                                                                                                 
                                                
                                                                                                                                 
                                                
                                                                                                                                 
                                                
                                                                                                                                 
                                                
                                                                                                                                 
                                                अखिलेश यादव ने सोशल मीडिया प्लेटफॉर्म एक्स पर वीडियो साझा करते हुए लिखा- 'भाजपाई तरक्की की नई हवा'। उन्होंने तंज कसते हुए कहा कि जिस एक्सप्रेसवे का कुछ दिन पहले उद्घाटन हुआ हो, उसे इतनी जल्दी बार-बार मरम्मत की जरूरत पड़ना निर्माण गुणवत्ता पर गंभीर सवाल खड़े करता है।
                                                                                                                                 
                                                
                                                                                                                                 
                                                
                                                                                                                                 
                                                
                                                                                                                                 
                                                
                                                                                                                                 
                                                
                                                                                                                                 
                                                
                                                                                                                                 
                                                उन्होंने कहा कि मरम्मत वाले हिस्से को जल्दी सुखाने के लिए पंखों का इस्तेमाल किया जा रहा है, जो स्थिति को और हास्यास्पद बनाता है। उन्होंने सवाल किया कि जब एक्सप्रेसवे उद्घाटन के दो-तीन सप्ताह के भीतर ही कई बार मरम्मत मांग रहा है तो उस पर तेज रफ्तार से सफर करने का जोखिम कौन उठाएगा।",hi,8/7/26 8:42,8/14/26 11:19,,recruitment_jobs|protest_agitation|infrastructure|health_education|politics_governance,मुख्यमंत्री,trafilatura,397
fa3d8589367e9b903a04c88fd6e670226be17c84,https://www.livehindustan.com/uttarakhand/uksssc-vacancy-2026-4000-government-jobs-exam-schedule-announced-till-december-check-full-timetable-201786078826472.html,https://livehindustan.com/uttarakhand/uksssc-vacancy-2026-4000-government-jobs-exam-schedule-announced-till-december-check-full-timetable-201786078826472.html,gnews_uksssc,Hindustan,gnews,"UKSSSC Vacancy 2026: उत्तराखंड में सरकारी नौकरी का सुनहरा मौका, दिसंबर तक परीक्षाएं; पूरा शेड्यूल","UKSSSC Vacancy 2026: उत्तराखंड में सरकारी नौकरी का सुनहरा मौका, दिसंबर तक परीक्षाएं; पूरा शेड्यूल  Hindustan","गौरव काला: वरिष्ठ पत्रकार और स्टेट टीम सदस्य

संक्षिप्त विवरण: गौरव काला पिछले 15 वर्षों से पत्रकारिता में सक्रिय हैं और वर्तमान में लाइव हिन्दुस्तान में स्टेट टीम का हिस्सा हैं। वह विशेष रूप से हिमालयी राज्य उत्तराखंड के अलावा, दिल्ली-एनसीआर, मध्यप्रदेश, झारखंड समेत कई हिंदी बेल्ट के राज्यों की खबरें कवर कर रहे हैं।

विस्तृत बायो

परिचय और अनुभव: गौरव काला का भारतीय डिजिटल मीडिया जगत में एक दशक से अधिक का अनुभव है। वह वर्ष 2011 से पत्रकारिता के क्षेत्र में सक्रिय हैं। वर्तमान में, वह 'लाइव हिन्दुस्तान' (हिन्दुस्तान टाइम्स ग्रुप) में स्टेट टीम सेक्शन का हिस्सा हैं। पिछले पांच वर्षों से वह पहले होम टीम का हिस्सा रहे और अब बड़ी बखूबी से स्टेट टीम में अपनी जिम्मेदारी को निभा रहे हैं। उन्हें डिजिटल पाठकों की पसंद और बदलती प्रवृत्तियों (Trends) को समझने में विशिष्ट महारत हासिल है। गौरव का करियर प्रिंट मीडिया से शुरू होकर टीवी जगत और डिजिटल मीडिया तक फैला हुआ है। यही वजह है कि उनकी खबरों में गहराई और सटीकता की झलक दिखती है।

शैक्षणिक पृष्ठभूमि और रिपोर्टिंग: गौरव मॉस कम्यूनिकेशन में पोस्ट ग्रेजुएट हैं और यही उनकी सबसे बड़ी विशेषता है। पहले बी. ए. इन मॉस कम्यूनिकेशन और फिर आधुनिक पत्रकारिता में पोस्ट ग्रेजुएशन होने के कारण उनके पास खबरों की ठोस समझ है। 2011 में दैनिक जनवाणी अखबार में क्राइम रिपोर्टिंग से पत्रकारिता शुरू करने के बाद उन्होंने ईटीवी भारत में बतौर एंकर और स्क्रिप्ट राइटर पर तौर पर काम किया। 2015 में डिजिटल पत्रकारिता में एंट्री लेते हुए अमर उजाला और दैनिक जागरण जैसे संस्थानों में काम किया। इस दौरान उन्होंने न सिर्फ राष्ट्रीय बल्कि अंतरराष्ट्रीय खबरों को भी कवर किया, बल्कि आकर्षक लेखनी से पाठकों के बीच लोकप्रियता बनाई।

सितंबर 2021 में गौरव लाइव हिन्दुस्तान की नेशनल टीम के साथ जुड़े। तब से वह न सिर्फ राष्ट्रीय बल्कि अंतरराष्ट्रीय, वायरल समाचार और मौसम संबंधी खबरों पर विशेष ध्यान दे रहे हैं, बल्कि राजनीतिक, रिसर्च बेस स्टोरीज भी कवर कर रहे हैं। अपनी मजबूत लेखनी के दम पर वह खबरों को आकर्षक नए कलेवर के साथ आम जनता तक पहुंचा रहे हैं।

डिजिटल ट्रेंड्स के साथ रिपोर्टिंग: डिजिटल प्लेटफॉर्म पर बदलते ट्रेंड्स को समझना गौरव की बड़ी ताकत है। वायरल खबरों, सोशल मीडिया ट्रेंड्स और इंटरनेट कल्चर से जुड़े विषयों को वह तथ्यात्मक जांच और संतुलित प्रस्तुति के साथ सामने रखते हैं। उनकी यही क्षमता उन्हें क्लिक-बेस्ड नहीं, बल्कि कंटेंट-बेस्ड पत्रकार बनाती है। इसके अलावा वह राष्ट्रीय और राज्य स्तरीय राजनीति से जुड़े मुद्दों को तथ्यात्मक गहराई और संतुलित दृष्टिकोण के साथ प्रस्तुत करते हैं।

पत्रकारिता का उद्देश्य: गौरव के लिए पत्रकारिता केवल खबर देने का माध्यम नहीं, बल्कि समाज के प्रति जिम्मेदारी है। उनका मानना है कि पत्रकारिता का मूल उद्देश्य सत्य और जनहित को प्राथमिकता देते हुए पाठकों तक सही जानकारी पहुंचाना है। वह अपनी लेखनी से सत्ता, समाज और आम जनता के बीच एक मजबूत और भरोसेमंद सेतु बनाने में विश्वास रखते हैं।

विशेषज्ञता (Areas of Expertise):

राष्ट्रीय और अंतरराष्ट्रीय समाचार

वायरल और ट्रेंडिंग कंटेंट

राजनीतिक और रिसर्च-आधारित स्टोरीज

हेडलाइन और न्यूज़ प्रेजेंटेशन

और पढ़ें",hi,8/7/26 5:07,8/14/26 10:14,,recruitment_jobs|politics_governance,UKSSSC|उत्तराखंड,newspaper4k,499
490f5d1c05ef6a63779aef85f8c9398b2d5fe8fa,https://timesofindia.indiatimes.com/city/dehradun/uttarakhand-poll-body-ceo-mlas-and-top-officials-receive-sir-notice/articleshow/133019366.cms,https://timesofindia.indiatimes.com/city/dehradun/uttarakhand-poll-body-ceo-mlas-and-top-officials-receive-sir-notice/articleshow/133019366.cms,gnews_dehradun_en,The Times of India,gnews,"Uttarakhand poll body CEO, MLAs and top officials receive SIR notice","Uttarakhand poll body CEO, MLAs and top officials receive SIR notice  The Times of India","Chief electoral officer (CEO) BVRC Purshottam

DEHRADUN: Several high-profile figures in Uttarakhand, including chief electoral officer (CEO) BVRC Purshottam, Kumaon commissioner Deepak Rawat, and family members of leader of opposition Yashpal Arya, have been served notices as part of the ongoing Special Intensive Revision (SIR) drive of the voter rolls. Prominent lawmakers, including BJP MLAs Savita Kapoor, Umesh Sharma Kau, and Sarita Arya, alongside Congress MLA Bhuwan Chand Kapri, were also issued notices. Officials confirmed that most of the notices stem from procedural issues such as spelling errors, incomplete names or unupdated residential addresses in the electoral database. Clarifying the development, CEO Purshottam stated that the notices are part of a routine administrative procedure designed to ensure data accuracy. He confirmed receiving a notice himself regarding a discrepancy in his name and noted that the required supporting documents have already been submitted to the local block level officer (BLO). Officials stated that Kumaon commissioner Deepak Rawat was served a notice because his full name was missing from the 2003 voter list. Raipur BJP MLA Umesh Sharma received a notice regarding the addition of his surname ""Kau"" to the records, while Nainital MLA Sarita Arya was issued a notice following an unrecorded address change. Urging citizens not to panic, Purshottam emphasised that resolving such notices is a straightforward process. ""The discrepancies can be easily corrected by submitting the prescribed documents to the designated BLO,"" the CEO said. He added that district authorities have been strictly instructed to empower BLOs to verify documents and settle basic administrative notices directly, preventing unnecessary inconvenience for voters. Purshottam also instructed that special focus be directed toward voters whose mapping remains incomplete, directing electoral registration officers (EROs) and assistant electoral registration officers (AEROs) to conduct formal hearings and settle remaining cases strictly according to established rules.

End of Article",en,8/7/26 2:33,8/14/26 11:21,Dehradun|Nainital,politics_governance,kumaon|uttarakhand,newspaper4k,303
65d86857280c81866d4695da2507d269a9c2856c,https://www.amarujala.com/dehradun/congress-held-a-protest-rally-against-the-agniveer-recruitment-scheme-dehradun-news-c-5-drn1043-1035952-2026-08-07,https://amarujala.com/dehradun/congress-held-a-protest-rally-against-the-agniveer-recruitment-scheme-dehradun-news-c-5-drn1043-1035952-2026-08-07,gnews_protest_youth,Amar Ujala,gnews,Dehradun News: अग्निवीर भर्ती के विरोध में कांग्रेस ने निकाली आक्रोश रैली,Dehradun News: अग्निवीर भर्ती के विरोध में कांग्रेस ने निकाली आक्रोश रैली  Amar Ujala,"{""_id"":""6a74e8b264d7ca6a8f032d7c"",""slug"":""congress-held-a-protest-rally-against-the-agniveer-recruitment-scheme-dehradun-news-c-5-drn1043-1035952-2026-08-07"",""type"":""story"",""status"":""publish"",""title_hn"":""Dehradun News: अग्निवीर भर्ती के विरोध में कांग्रेस ने निकाली आक्रोश रैली"",""category"":{""title"":""City & states"",""title_hn"":""शहर और राज्य"",""slug"":""city-and-states""}}
    Dehradun News: अग्निवीर भर्ती के विरोध में कांग्रेस ने निकाली आक्रोश रैली
    विज्ञापन
    
        
    
     
   
        
        
        
    
      
            खबरें लगातार पढ़ने के लिए अमर उजाला एप डाउनलोड करें
या 
 वेबसाइट पर पढ़ना जारी रखने के लिए वीडियो विज्ञापन देखें
अगर आपके पास प्रीमियम मेंबरशिप है तो
                                                 
                देहरादून। अग्निपथ योजना के विरोध में कांग्रेस पूर्व सैनिक प्रकोष्ठ ने आक्रोश रैली निकाल कर प्रदर्शन किया। प्रकोष्ठ के राष्ट्रीय अध्यक्ष कर्नल रोहित चौधरी (सेनि.) ने कहा कि अग्निवीर भर्ती राष्ट्रीय सुरक्षा के साथ युवाओं के भविष्य पर कुठाराघात है। देश को अनुबंध पर आधारित सेना जगह स्थायी व प्रशिक्षित सैनिकों की आवश्यकता है।
                                
                
                
                 
                    
                        
                                                                                        
                             
                                         
     
                                       
                                                                    
                                
                                                                                                               
                                                    
                            
                                 
                                
                               
                                                                                
                                                                                
                                 
                
प्रदेश कांग्रेस पूर्व सैनिक प्रकोष्ठ की ओर से अग्निपथ योजना के विरोध में घंटाघर, लैंसडौन चौक होते हुए वापस पार्टी कार्यालय तक आक्रोश रैली निकाली। राष्ट्रीय अध्यक्ष रोहित चौधरी, कांग्रेस चुनाव प्रबंधन समिति के अध्यक्ष डॉ.हरक सिंह रावत के नेतृत्व में कार्यकर्ताओं ने केंद्र सरकार की इस नीति के खिलाफ प्रदर्शन कर नारेबाजी की।    
             
                                                
                            
                                 
                                
                               
                                                                                
                                                                 
                
रैली से पहले प्रेसवार्ता में चौधरी ने केंद्र सरकार की अग्निपथ योजना को लेकर भाजपा पर पलटवार किया। उन्होंने कहा, अग्निवीर भर्ती देश की सैन्य परंपरा व सुरक्षा के लिए गंभीर खतरा है। देवभूमि और वीरभूमि उत्तराखंड के युवाओं के मन में देशसेवा का जज्बा है, लेकिन केंद्र सरकार की अग्निपथ योजना ने उनके स्थायी भविष्य और सपनों को चकनाचूर कर दिया है। कांग्रेस पार्टी राष्ट्रीय सुरक्षा से समझौता बर्दाश्त नहीं करेगी। उन्होंने आरोप लगाया कि चार साल की यह योजना सेना की युद्ध क्षमता और मनोबल को कमजोर कर रही है। देश को ठेका आधारित सेना नहीं, बल्कि स्थायी और प्रशिक्षित सैनिकों की आवश्यकता है। कांग्रेस का संकल्प है सत्ता में आने पर अग्निपथ योजना को समाप्त कर सेना में पुरानी स्थायी भर्ती प्रक्रिया को बहाल किया जाएगा।
                    विज्ञापन 
                    
                    
                        
                    
                    
                        
                    
                    
                                                                               
                                                             
                        
                                
                                                                 
                
                                
                
                
                                
                                
                                                                                                               
                                                    
                         
            
                                
                
                
                                
                                
                                                                                                               
                                                    
                            
                                                                                
                                
                
                
                                
                                
                                                                                                               
                                                    
                            
                                 
                                
                               
                                                
                                                                 
                 
                                
                                
                
                
                                
                                
                                                                                                               
                                                    
                            
                                 
                                
                               
                                                
                                                
                                
                
                                                                
                               
                                                        
        
विज्ञापन
 
    प्रदेश कांग्रेस पूर्व सैनिक प्रकोष्ठ की ओर से अग्निपथ योजना के विरोध में घंटाघर, लैंसडौन चौक होते हुए वापस पार्टी कार्यालय तक आक्रोश रैली निकाली। राष्ट्रीय अध्यक्ष रोहित चौधरी, कांग्रेस चुनाव प्रबंधन समिति के अध्यक्ष डॉ.हरक सिंह रावत के नेतृत्व में कार्यकर्ताओं ने केंद्र सरकार की इस नीति के खिलाफ प्रदर्शन कर नारेबाजी की।
                विज्ञापन
                
                    
                
            
            रैली से पहले प्रेसवार्ता में चौधरी ने केंद्र सरकार की अग्निपथ योजना को लेकर भाजपा पर पलटवार किया। उन्होंने कहा, अग्निवीर भर्ती देश की सैन्य परंपरा व सुरक्षा के लिए गंभीर खतरा है। देवभूमि और वीरभूमि उत्तराखंड के युवाओं के मन में देशसेवा का जज्बा है, लेकिन केंद्र सरकार की अग्निपथ योजना ने उनके स्थायी भविष्य और सपनों को चकनाचूर कर दिया है। कांग्रेस पार्टी राष्ट्रीय सुरक्षा से समझौता बर्दाश्त नहीं करेगी। उन्होंने आरोप लगाया कि चार साल की यह योजना सेना की युद्ध क्षमता और मनोबल को कमजोर कर रही है। देश को ठेका आधारित सेना नहीं, बल्कि स्थायी और प्रशिक्षित सैनिकों की आवश्यकता है। कांग्रेस का संकल्प है सत्ता में आने पर अग्निपथ योजना को समाप्त कर सेना में पुरानी स्थायी भर्ती प्रक्रिया को बहाल किया जाएगा।
विज्ञापन",hi,8/6/26 20:04,8/14/26 11:19,Dehradun,recruitment_jobs|protest_agitation|politics_governance,उत्तराखंड|देवभूमि,trafilatura,481
eb73d13fd4c628ae2fe9c737c63f4ab2159cdb35,https://timesofindia.indiatimes.com/city/dehradun/chandrabani-residents-blame-encroachments-for-monsoon-flooding/articleshow/133013305.cms,https://timesofindia.indiatimes.com/city/dehradun/chandrabani-residents-blame-encroachments-for-monsoon-flooding/articleshow/133013305.cms,gnews_dehradun_en,The Times of India,gnews,Chandrabani residents blame encroachments for monsoon flooding,Chandrabani residents blame encroachments for monsoon flooding  The Times of India,"Residents say unauthorised construction over natural drains has obstructed the flow of rainwater

Residents say unauthorised construction over natural drains has obstructed the flow of rainwater

Dehradun: Residents of Chandrabani, on the outskirts of Dehradun, said that their homes are inundated every monsoon, blaming encroachments and clogged drains for worsening waterlogging along the Asan river. Suresh Lal, a resident of Kailashpur, said prolonged waterlogging has caused cracks to develop in the boundary walls of his house. “There is heavy discharge from the river and the adjoining forest area, which has always been the case. But rampant encroachment has now completely disrupted the natural flow of water,” he said. Residents alleged that unauthorised construction over natural drains has obstructed the flow of rainwater. They claimed civic authorities neither desilt drains nor remove encroachments before the monsoon. Pawan Rawat, another resident, said, “The water does not drain even after the rain stops and during heavy spells like those this week, commuting through the colony becomes a nightmare.” He added, “Authorities have repeatedly assured us that retaining walls would be built to address the problem, but the work remains incomplete. Residents have filed several complaints over the years through the chief minister’s helpline, the district magistrate’s office and the municipal corporation, but nothing has changed.”

Do you think local authorities are effectively addressing the issue of waterlogging?

Yes, they are taking action No, not at all

3k+ users shared opinion today

5k+ users already voted today

3k+ users shared opinion today

Share Opinion

Area councillor Suman Butola said illegal construction along the Asan river has aggravated the problem and should be removed. “The incomplete drainage network along the new Jhajhra highway is diverting rainwater directly into residential areas,” she said. Chief health officer Dr Anand Shukla told TOI that several encroachments had been removed before the monsoon. “Supervisors and field staff have already been directed to clear more encroachments and clean drains. We will conduct additional site inspections and act on public complaints. Even the larger drains constructed by other civic agencies are being cleaned to the best of our ability,” he said. Officials added that the area’s low-lying terrain also contributes to recurrent flooding.

End of Article",en,8/6/26 17:51,8/14/26 11:21,Dehradun,investigation_justice|infrastructure|environment_disaster,chief minister,newspaper4k,365
d23f01b313dce1acd4704c429cac1d37d708bdac,https://timesofindia.indiatimes.com/city/dehradun/uttarakhand-cop-who-alleged-patwari-paper-leak-at-cjps-jantar-mantar-rally-dismissed-from-service/articleshow/132980048.cms,https://timesofindia.indiatimes.com/city/dehradun/uttarakhand-cop-who-alleged-patwari-paper-leak-at-cjps-jantar-mantar-rally-dismissed-from-service/articleshow/132980048.cms,gnews_dehradun_en,The Times of India,gnews,Uttarakhand cop who alleged patwari paper leak at CJP's Jantar Mantar rally dismissed from service,Uttarakhand cop who alleged patwari paper leak at CJP's Jantar Mantar rally dismissed from service  The Times of India,"Dismissed from service, a police constable attended a protest in full uniform, claiming irregularities in the patwari recruitment exam.

PITHORAGARH: Uttarakhand Police constable Sher Singh has been dismissed from service after a departmental inquiry found him guilty of violating service conduct rules for appearing in uniform at a Cockroach Janata Party (CJP) protest at Jantar Mantar in Delhi, where he alleged irregularities in the state's patwari recruitment examination. Pithoragarh SP Akshaya Prahlad Konde said Singh, who had been transferred from Rudraprayag to Pithoragarh on administrative grounds, was suspended on July 20 for unauthorised absence from duty and failing to respond to official notices. The controversy escalated after a video of the July 24 protest surfaced on social media, showing Singh in police uniform addressing the gathering. During his speech, he extended support to the agitation, handed what he described as his resignation to CJP leader Abhijit Dipke, and claimed that the question paper for the Uttarakhand patwari recruitment examination was available at grocery stores. Following the video's circulation, Pithoragarh police initiated both departmental and legal proceedings against him. ""A departmental inquiry found Singh's conduct to be in gross violation of the Uttarakhand Government Servants' Conduct Rules, 2002, and the Uttarakhand Police Act, 2007. Based on the inquiry report, he was dismissed from service with immediate effect on Tuesday,"" Konde said. The SP added that Singh is no longer an employee of the Uttarakhand Police and that any future participation by him in protests or political activities would be in his personal capacity. Konde also said Singh is an accused in a land-grabbing case allegedly involving gangster Praveen Balmiki. He was earlier lodged in Haridwar jail in connection with the case and is currently out on bail.

End of Article",en,8/6/26 6:59,8/14/26 11:21,Haridwar|Rudraprayag|Pithoragarh,exam_paper_leak|protest_agitation,uttarakhand|uttarakhand government,newspaper4k,289
06948f2a407574b66b7d7d85e2cff66c87b47693,https://www.jagran.com/uttarakhand/dehradun-city-uksssc-recruitment-2477-new-govt-jobs-in-uttarakhand-by-dec-40331982.html,https://jagran.com/uttarakhand/dehradun-city-uksssc-recruitment-2477-new-govt-jobs-in-uttarakhand-by-dec-40331982.html,gnews_uksssc,jagran.com,gnews,"उत्तराखंड में 2500 नई सरकारी भर्तियों का रास्ता हुआ साफ, दिसंबर तक पूरी होगी प्रक्रिया","उत्तराखंड में 2500 नई सरकारी भर्तियों का रास्ता हुआ साफ, दिसंबर तक पूरी होगी प्रक्रिया  jagran.com","उत्तराखंड में 2500 नई सरकारी भर्तियों का रास्ता हुआ साफ, दिसंबर तक पूरी होगी प्रक्रिया
उत्तराखंड अधीनस्थ सेवा चयन आयोग दिसंबर से पहले 2477 नए पदों पर भर्ती प्रक्रिया शुरू करेगा। इसके साथ ही 1470 पदों की लिखित परीक्षाएं भी दिसंबर तक आयोजि ...और पढ़ें
HighLights
- दिसंबर तक 2477 नए पदों पर भर्ती प्रक्रिया शुरू।
- 1470 पदों की लिखित परीक्षाएं भी दिसंबर तक होंगी।
- कुल 4000 सरकारी पदों पर भर्ती निर्णायक चरण में।
राज्य ब्यूरो, देहरादून। विधानसभा चुनाव से पहले धामी सरकार रोजगार के मोर्चे पर बड़ा दांव खेलने जा रही है। उत्तराखंड अधीनस्थ सेवा चयन आयोग (यूकेएसएसएससी) दिसंबर से पहले विभिन्न विभागों में 2477 नए पदों पर भर्ती प्रक्रिया शुरू करेगा। इसके साथ ही पहले से आवेदन प्राप्त 1470 पदों की लिखित परीक्षाएं भी दिसंबर तक कराने की तैयारी है। ऐसे में वर्ष के अंत तक करीब चार हजार सरकारी पदों की भर्ती प्रक्रिया निर्णायक चरण में पहुंच जाएगी।
उत्तराखंड अधीनस्थ सेवा चयन आयोग के अध्यक्ष जीएस मर्तोलिया ने बताया कि दिसंबर से पहले 2477 पदों के लिए आवेदन आमंत्रित किए जाएंगे। इनमें स्केलर, कनिष्ठ सहायक, वैयक्तिक सहायक, स्नातक स्तरीय विज्ञान वर्ग के पद, पुलिस, आबकारी एवं परिवहन विभाग के वर्दीधारी पद, संस्कृत विभाग में सहायक अध्यापक तथा सहायक विकास अधिकारी सहित विभिन्न श्रेणियों के पद शामिल हैं।
उन्होंने बताया कि इसके समानांतर जिन 1470 पदों के लिए आवेदन प्रक्रिया पहले ही पूरी हो चुकी है, उनकी लिखित परीक्षाएं भी दिसंबर तक आयोजित कर ली जाएंगी। इनमें वैयक्तिक सहायक, पशुधन प्रसार अधिकारी, विभिन्न तकनीकी पद, सहायक लेखाकार, कृषि विभाग के इंटरमीडिएट स्तर के पद तथा विभिन्न विभागों के स्नातक स्तरीय पद शामिल हैं।
यह भी पढ़ें- सीएम धामी के कुशल प्रबंधन का असर, उत्तराखंड में सुरक्षित और सुचारु रूप से चल रही है कांवड़ यात्रा
प्रदेश सरकार भर्ती प्रक्रिया को अपनी प्रमुख उपलब्धियों में शामिल कर रही है। सरकार का दावा है कि साढ़े चार वर्षों में 34 हजार से अधिक युवाओं को सरकारी नौकरियां दी जा चुकी हैं। नकल विरोधी कानून लागू होने के बाद भर्ती प्रक्रिया अधिक पारदर्शी और समयबद्ध हुई है, जिससे आवेदन से नियुक्ति तक का समय भी कम हुआ है।
खबरें और भी
      प्रदेश सरकार पहले दिन से ही बेरोजगारी की समस्या को समाप्त करने का प्रयास कर रही है। इसी क्रम में अभियान चलाकर रिक्त पदों को भरने का काम किया है। विगत वर्षों में 34 हजार से अधिक युवाओं को नौकरी मिल चुकी है। आने वाले महीनों में भी विभिन्न विभागों में हजारों पदों पर भर्ती प्रक्रिया आगे बढ़ाई जाएगी, ताकि अधिक से अधिक योग्य युवाओं को रोजगार के अवसर मिल सकें और राज्य के विकास को गति मिले। 
                                                                         पुष्कर सिंह धामी, मुख्यमंत्री, उत्तराखंड",hi,8/6/26 6:59,8/14/26 11:15,Dehradun,recruitment_jobs|exam_paper_leak|tourism_religion|politics_governance,अधीनस्थ सेवा चयन आयोग|उत्तराखंड|धामी|पुष्कर सिंह धामी|मुख्यमंत्री|यूकेएसएसएससी|विधानसभा,trafilatura,435
9f44d75c80a292149b0201a3ddf8ca7d324d60cd,https://www.abplive.com/states/up-uk/uttarakhand-government-job-uksssc-release-exam-calendar-of-2026-ann-3170061,https://abplive.com/states/up-uk/uttarakhand-government-job-uksssc-release-exam-calendar-of-2026-ann-3170061,gnews_uksssc,ABP News,gnews,"उत्तराखंड में सरकारी नौकरी का मौका, 1632 पदों पर जल्द होगी भर्ती","उत्तराखंड में सरकारी नौकरी का मौका, 1632 पदों पर जल्द होगी भर्ती  ABP News","उत्तराखंड में सरकारी नौकरी का मौका, 1632 पदों पर जल्द होगी भर्ती
Uttarakhand News: उत्तराखंड अधीनस्थ सेवा चयन आयोग जल्द अलग अलग सरकारी विभागों में रिक्त पड़े 1632 पदों को भरने का काम करेगा. जिसके लिए विस्तृत परीक्षा कैलेंडर भी आयोग द्वारा जारी कर दिया गया है.
सरकारी नौकरी की चाह रखने वाले लाखों युवा अब राहत की सांस ले सकते हैं उत्तराखंड अधीनस्थ सेवा चयन आयोग (UKSSSC) जल्द अलग अलग सरकारी विभागों में रिक्त पड़े 1632 पदों को भरने का काम करेगा. जिसके लिए विस्तृत परीक्षा कैलेंडर भी आयोग द्वारा जारी कर दिया गया है. इस कैलेंडर के अनुसार अगस्त 2026 से लेकर दिसंबर 2026 तक लगातार परीक्षाएं आयोजित करवाई जाएंगी ताकि समय सीमा के भीतर भर्ती प्रक्रिया पूरी की जा सके.
राज्य सरकार के विभिन्न विभागों में खाली पड़े यह पद सीधे तौर पर सरकारी कामकाज और सेवाओं पर असर डालते हैं अब 1632 पदों पर एक साथ भर्ती होने से ना सिर्फ प्रशासनिक काम काज सुचारू होगा बल्कि हजारों युवाओं को नौकरी का सुनहरा अवसर भी मिलेगा. खास बात आयोग के लक्ष्य को लेकर भी है भर्ती प्रक्रिया की डेडलाइन दिसंबर 2026 रखी गई है यानी उत्तराखंड में विधानसभा चुनाव से पहले ही ज्यादातर नियुक्तियों का रास्ता साफ़ हो जाएगा.
परीक्षा कैलेंडर जारी होने से अभ्यार्थियों को मिलेगा लाभ
परीक्षा कैलेंडर जारी होने सब से बड़ा लाभ उन उम्मीदवारों को मिलेगा जो परीक्षा के लिए कई वक्त से मेहनत कर रहे हैं. अब उन्हें अंदाजे या अफवाहों के भरोसे नहीं रहना पड़ेगा. हर भर्ती परीक्षा की तिथि पहले से तय होने से वह अपनी पढ़ाई का शेड्यूल व्यवस्थित तरीक़े से बना सकेंगे.
आयोग के अध्यक्ष जी एस मार्तोलिया ने जानकारी देते हुए बताया है की पहले से घोषित भर्ती कार्यक्रम के अनुरूप ही सारी परीक्षा तय तरीक़े पे संपन्न करवाई जाएंगी.
गौरतलब है कि उत्तराखंड अधीनस्थ सेवा चयन आयोग पर बीते कुछ वक़्त में पेपर लीक के आरोप लगते रहे हैं और अब सरकार और चयन आयोग दोनों की कोशिश है की भर्ती परीक्षा को पारदर्शी तरीक़े से पूरा किया जा सके. जिस दिशा में यह परीक्षा कैलेंडर एक अहम कदम माना जा रहा है अब देखना यह होगा की उत्तराखंड अधीनस्थ सेवा चयन आयोग की यह परीक्षा धरातल पर क्या रूप लेती है.",hi,8/4/26 6:59,8/14/26 10:14,,recruitment_jobs|exam_paper_leak|politics_governance,UKSSSC|uttarakhand|अधीनस्थ सेवा चयन आयोग|उत्तराखंड|राज्य सरकार|विधानसभा,trafilatura,367
ed7b2597001172ea6f22db464cc5b53a3927a130,https://www.livehindustan.com/uttarakhand/haldwani/story-uttarakhand-elections-shift-focus-to-gen-z-political-strategies-adapt-201785738466847.html,https://livehindustan.com/uttarakhand/haldwani/story-uttarakhand-elections-shift-focus-to-gen-z-political-strategies-adapt-201785738466847.html,gnews_protest_youth,Hindustan,gnews,"Haldwani News: जेन-जी’ की चौखट पर सियासत, पहाड़ से मैदान तक युवाओं की तलाश में 'नेता-जी'","Haldwani News: जेन-जी’ की चौखट पर सियासत, पहाड़ से मैदान तक युवाओं की तलाश में 'नेता-जी'  Hindustan","Haldwani News: जेन-जी’ की चौखट पर सियासत, पहाड़ से मैदान तक युवाओं की तलाश में 'नेता-जी'
Haldwani News: हल्द्वानी। दिल्ली के छात्र-युवा आंदोलन के बाद उत्तराखंड की चुनावी राजनीति का फोकस तेजी से 'जेन-जी' (14 से 29 साल) की ओर मुड़ गया है। सभी प्रमुख दल युवाओं के मुद्दों पर ध्यान दे रहे हैं। अब छोटे संवाद कार्यक्रमों, युवा बैठकों और स्थानीय आउटरीच पर जोर दिया जा रहा है।
Haldwani News: हल्द्वानी। दिल्ली के छात्र-युवा आंदोलन के बाद उत्तराखंड की चुनावी राजनीति का फोकस तेजी से 'जेन-जी' (14 से 29 साल) की ओर मुड़ गया है। विधानसभा चुनाव से पहले भाजपा, कांग्रेस, यूकेडी समेत सभी प्रमुख दल युवाओं तक पहुंचने की रणनीति बदल रहे हैं। बड़े मंचों और लंबी रैलियों की जगह अब लाइब्रेरी, कोचिंग सेंटर, जिम, खेल मैदान, स्टार्टअप हब और कॉफी कैफे राजनीतिक संवाद के नए केंद्र बनते दिख रहे हैं। हालिया घटनाक्रम के बाद युवाओं के मुद्दों को लेकर राजनीतिक दलों की सक्रियता और बढ़ी है। राजनीतिक दलों का आकलन है कि सोशल मीडिया पर सक्रिय जेन-जी केवल भाषण नहीं, बल्कि रोजगार, प्रतियोगी परीक्षाएं, पारदर्शी भर्ती, शिक्षा, स्टार्टअप, पलायन, नशामुक्ति और डिजिटल अवसरों पर ठोस जवाब चाहती है। इसी कारण अब छोटे-छोटे संवाद कार्यक्रमों, युवा बैठकों और स्थानीय आउटरीच पर जोर बढ़ रहा है。
युवाओं के बीच संवाद
भाजपा संगठन ने जिला इकाइयों को युवाओं के बीच नियमित संवाद बढ़ाने के संकेत दिए हैं। दूसरी ओर कांग्रेस भी 'छात्रों की गूंज' अभियान के जरिए छात्र-युवा वर्ग तक पहुंच मजबूत कर रही है। हाल के सप्ताहों में युवाओं और प्रतियोगी परीक्षाओं के मुद्दों पर दोनों दलों ने अपनी राजनीतिक सक्रियता तेज की है।
30 वर्ष से कम उम्र के युवाओं पर फोकस
राजनीतिक विश्लेषकों का मानना है कि इस बार पहली बार मतदान करने वाले और 30 वर्ष से कम आयु के मतदाता कई सीटों पर निर्णायक साबित हो सकते हैं। यही वजह है कि सोशल मीडिया कैंपेन के साथ-साथ गली क्रिकेट, मॉर्निंग वॉक ग्रुप, कॉलेज परिसर और कैफे तक राजनीतिक पहुंच बढ़ाई जा रही है। आने वाले महीनों में रोजगार, शिक्षा, भर्ती प्रक्रिया और पलायन जैसे मुद्दे चुनावी बहस के केंद्र में रहने की संभावना है।
कॉलेज-कैंपस से विधानसभा तक पहुंचेगा भाजयुमो
भाजयुमो के प्रदेश मंत्री कार्तिक हर्बोला के अनुसार एक से 10 अगस्त तक प्रत्येक विधानसभा में खेल महाकुंभ आयोजित होगा। लाइब्रेरी, स्पोर्ट्स मैदान, जिम, मॉर्निंग वॉक ग्रुप और कॉलेज परिसरों में युवाओं से संवाद कर रोजगार, विकास और सरकारी योजनाओं पर चर्चा की जाएगी।
युकां की 'छात्रों की गूंज' अब सभी 13 जिलों में
युवक कांग्रेस के प्रदेश अध्यक्ष विशाल भोजक के मुताबिक दिल्ली आंदोलन के बाद रणनीति बदली गई है। अब उत्तराखंड के सभी 13 जिलों में 'छात्रों की गूंज' कार्यक्रम होंगे, जिनमें एआईसीसी और प्रदेश नेतृत्व युवाओं से सीधे संवाद करेगा। अब तक यह कार्यक्रम देश के 28 शहरों में प्रस्तावित है, जिसमें राहुल गांधी प्रतिभाग कर रहे हैं।
भगत ने किया 'कॉफी विद जेन-जी' संवाद
कालाढूंगी में विधायक प्रतिनिधि विकास भगत ने शनिवार को 'कॉफी विद जेन-जी' कार्यक्रम आयोजित किया। इस दौरान बड़ी संख्या में पहुंचे युवाओं के साथ शिक्षा, करियर, स्टार्टअप और रोजगार पर खुली चर्चा की गई।
युवा अब सिर्फ वोटर नहीं, चुनावी एजेंडा भी
इस बार मुकाबला केवल नारों का नहीं, बल्कि भरोसे का माना जा रहा है। जो दल रोजगार, गुणवत्तापूर्ण शिक्षा, पारदर्शी भर्ती, डिजिटल अवसर और पलायन जैसे मुद्दों पर ठोस रोडमैप पेश करेगा, जेन-जी के बीच वही बढ़त हासिल कर सकता है। दिल्ली के छात्र आंदोलन के बाद उत्तराखंड में भी युवाओं की राजनीति चुनावी विमर्श के केंद्र में आ चुकी है",hi,8/3/26 6:59,8/14/26 11:18,Nainital,recruitment_jobs|protest_agitation|migration_demography|health_education|politics_governance,उत्तराखंड|विधानसभा,trafilatura,576
2d11778c1c0da2f16b2f3506fa7417a0440252dc,https://www.aajtak.in/india/news/story/fast-track-courts-pending-cases-ndps-paper-leak-cases-ntc-mnrd-smsr-rpti-2614261-2026-08-03,https://aajtak.in/india/news/story/fast-track-courts-pending-cases-ndps-paper-leak-cases-ntc-mnrd-smsr-rpti-2614261-2026-08-03,gnews_uksssc,AajTak,gnews,"पेपर लीक पर अब फास्ट-ट्रैक एक्शन, राज्यों को स्पेशल कोर्ट बनाने का केंद्र का आदेश","पेपर लीक पर अब फास्ट-ट्रैक एक्शन, राज्यों को स्पेशल कोर्ट बनाने का केंद्र का आदेश  AajTak","केंद्र सरकार ने ड्रग्स और सार्वजनिक परीक्षाओं में पेपर लीक जैसे गंभीर मामलों के त्वरित निपटारे के लिए राज्यों को विशेष और फास्ट-ट्रैक कोर्ट स्थापित करने के निर्देश दिए हैं. सरकार का कहना है कि एनडीपीएस (NDPS) कानून के तहत दर्ज करीब 3.9 लाख लंबित मामलों के जल्द निपटारे के लिए अतिरिक्त विशेष अदालतों की जरूरत है.

इसी के साथ सार्वजनिक परीक्षा (अनुचित साधनों की रोकथाम) अधिनियम, 2024 के तहत दर्ज होने वाले पेपर लीक मामलों की सुनवाई भी तेजी से पूरी कराने पर जोर दिया गया है. प्रधानमंत्री नरेंद्र मोदी पहले ही देश के चुनिंदा चार राज्यों और संबंधित हाईकोर्ट के अधिकार क्षेत्र में पेपर लीक मामलों के लिए नए फास्ट-ट्रैक कोर्ट स्थापित करने की घोषणा कर चुके हैं.

यह भी पढ़ें: 'पेपर लीक हाय-हाय...', पंजाब विधानसभा के मॉनसून सेशन में हंगामा, शिक्षा मंत्री का मांगा इस्तीफा

मध्य प्रदेश के चार जिलों में फास्ट-ट्रैक कोर्ट

केंद्र ने राज्यों से कहा है कि जहां लंबित मामलों का बोझ अधिक है, वहां तुरंत नई विशेष अदालतें बनाई जाएं. मध्य प्रदेश में भोपाल, इंदौर, जबलपुर और ग्वालियर में फास्ट-ट्रैक कोर्ट स्थापित करने की प्रक्रिया शुरू हो चुकी है. राज्य में करीब 14 हजार NDPS मामले लंबित हैं और पहले कोई विशेष अदालत नहीं थी. ऐसे में केंद्र ने इंदौर, भोपाल, नीमच, मंदसौर, रीवा और सिंगरौली में 6 विशेष NDPS अदालतें गठित करने को कहा है.

Advertisement

वहीं कर्नाटक में करीब 15 हजार NDPS मामले लंबित हैं, जबकि वहां केवल तीन विशेष अदालतें काम कर रही हैं. इसी वजह से राज्य सरकार को अदालतों की संख्या बढ़ाने की सलाह दी गई है.

देशभर में 775 फास्ट-ट्रैक स्पेशल कोर्ट पहले से चल रहे

केंद्र ने यह भी बताया कि महिलाओं और बच्चों के खिलाफ अपराधों की सुनवाई के लिए देशभर में 775 फास्ट-ट्रैक स्पेशल कोर्ट पहले से संचालित हैं, जिन्हें हाल ही में आगे भी जारी रखने की मंजूरी दी गई है.

यह भी पढ़ें: नीट पेपर लीक आंदोलन के बाद CJP की अगली रणनीति तैयार: 5 अगस्त को संभाजीनगर में कोर कमेटी की बड़ी बैठक

सरकार का कहना है कि नई विशेष अदालतों का उद्देश्य जांच एजेंसियों, अभियोजन, गवाहों और अदालतों के बीच बेहतर समन्वय स्थापित करना है, ताकि वर्षों से लंबित मामलों की रोजाना सुनवाई हो सके और उनका समयबद्ध निपटारा सुनिश्चित किया जा सके. केंद्र ने सभी राज्यों से लंबित मामलों की संख्या के आधार पर जल्द से जल्द अतिरिक्त विशेष अदालतें स्थापित करने को कहा है.

---- समाप्त ----",hi,8/3/26 6:59,8/14/26 11:15,,exam_paper_leak|investigation_justice|protest_agitation|politics_governance,राज्य सरकार|विधानसभा,newspaper4k,399
a41b73fad6dd7c64bf4bc04c1fd68fd648fc3bb1,https://www.bbc.com/hindi/articles/cx2r75dg2zgo,https://bbc.com/hindi/articles/cx2r75dg2zgo,gnews_protest_youth,BBC,gnews,"झारखंड: रांची में युवाओं का प्रदर्शन, स्टूटेंड्स क्यों कर रहे सीबीआई जाँच की मांग","झारखंड: रांची में युवाओं का प्रदर्शन, स्टूटेंड्स क्यों कर रहे सीबीआई जाँच की मांग  BBC","रांची में युवाओं का प्रदर्शन, स्टूटेंड्स क्यों कर रहे सीबीआई जाँच की मांग

Author, मोहम्मद सरताज आलम

पदनाम, बीबीसी हिन्दी के लिए

........से, रांची

प्रकाशित 3 अगस्त 2026

पढ़ने का समय: 7 मिनट

झारखंड की राजधानी रांची में छात्र नेता देवेंद्र नाथ महतो अनिश्चितकालीन भूख हड़ताल पर बैठ गए हैं.

यहां पिछले कई दिनों से सिविल सेवा और अन्य प्रतियोगी परीक्षाओं की तैयारी कर रहे अभ्यर्थियों का प्रदर्शन जारी है.

स्टूडेंट्स लीडर देवेंद्र नाथ महतो ने कहा, ""एक महीने पहले जेपीएससी (झारखंड लोक सेवा आयोग) की 14वीं प्रारंभिक परीक्षा का रिज़ल्ट आया. तब से यह विवाद शुरू हुआ है. इस मामले में कई लोग गिरफ़्तार हुए. अनियमितताओं की वजह से इस पीटी परीक्षा को रद्द किया जाना चाहिए. ""

29 जुलाई से ये स्टूडेंट जयपाल सिंह मुंडा स्टेडियम में जुटकर झारखंड लोक सेवा आयोग (जेपीएससी) और झारखंड कर्मचारी चयन आयोग (जेएसएससी) में कथित अनियमितताओं के खिलाफ़ आवाज़ उठा रहे हैं.

झारखंड में प्रशासनिक और अन्य सरकारी नौकरियों में भर्ती के लिए जेपीएससी और जेएसएससी प्रमुख संस्थाएं हैं.

प्रदर्शनकारी अभ्यर्थियों का आरोप है कि इन आयोगों की परीक्षाओं में लंबे समय से अनियमितताएं होती रही हैं और इससे लाखों युवाओं का भविष्य प्रभावित हुआ है.

ये प्रदर्शन ऐसे समय में हो रहे हैं जबकि झारखंड संयुक्त असैनिक सेवा प्रतियोगिता परीक्षा-2025 की प्रारंभिक परीक्षा का रिजल्ट जारी होने पर धांधली के आरोप सामने आए हैं.

जिसके बाद मुख्य परीक्षा स्थगित कर दी गई है.

छोड़कर सबसे अधिक पढ़ी गईं आगे बढ़ें

सबसे अधिक पढ़ी गईं

समाप्त

विवाद बढ़ने पर राज्य सरकार ने मामले की जांच सीआईडी को सौंपी. सीआईडी से चली पूछताछ के बाद बीती 22 जुलाई को जेपीएससी अध्यक्ष एल. खियांग्ते ने इस्तीफ़ा दे दिया.

प्रदर्शन स्थल पर हर शाम को जुट रहे प्रदर्शनकारियों की मुख्य मांग है कि इस मामले की जांच सीबीआई से कराई जाए.

हालांकि इस मांग में आम अभ्यर्थियों के साथ बीजेपी समर्थित, आजसू और जेएलकेएम समर्थित छात्र भी शामिल हो रहे हैं.

रविवार को छात्र आंदोलन के बीच पहुंचे नेता देवेंद्र नाथ महतो ने आमरण अनशन पर बैठने की घोषणा की है. वे रांची सीट पर लोकसभा चुनाव, 2024 में जेएलकेएम के उम्मीदवार थे.

क्या बोले प्रदर्शनकारी स्टूडेंट्स

छोड़कर पॉडकास्ट आगे बढ़ें

Dinbhar: आवाज़ वही, अंदाज़ नया

देश - दुनिया की बड़ी ख़बरें जिन्होंने बटोरी सुर्खियां.

एपिसोड

समाप्त

अभ्यर्थी अपने हाथों में कई मांगों से जुड़े पोस्टर और बैनर थामे दिखाई दे रहे हैं. बीबीसी हिन्दी ने कुछ ग़ैर राजनीतिक प्रदर्शनकारियों से बात की.

हजारीबाग के पीयूष कुमार जो पिछले आठ वर्षों से जेपीएससी की तैयारी कर रहे हैं. प्रदर्शन स्थल पर उन्होंने कहा कि झारखंड राज्य गठन के बाद 26 वर्षों में आयोग ने केवल गिनी-चुनी परीक्षाएं आयोजित कराईं, जबकि इसके साथ ही बने उत्तराखंड और छत्तीसगढ़ में लगभग नियमित भर्ती परीक्षाएं हुई हैं.

पलामू की अर्चना कुमारी ने कहा कि राज्य में भर्ती परीक्षाओं की नियमितता न होने से अभ्यर्थियों को कई साल तक एग्ज़ाम के लिए इंतज़ार करना पड़ता है.

अर्चना कुमारी कहती हैं, ""कई बार परीक्षाओं को पिछले साल की भर्ती से जोड़ दिया जाता है ताकि नियमितता रहे, इससे उम्मीदवारों की उम्र सीमा पर असर पड़ता है. जैसे- 14वीं जेपीएससी परीक्षा को सरकार ने 11वीं, 12वीं और 13वीं के साथ मिलाकर संयुक्त जेपीएससी का नाम दिया है.""

छात्र कार्यकर्ता शमीम अली मानते हैं कि राज्य गठन के बाद लंबे समय तक स्थिर सरकार न होने, नीतियां बनने में देरी और भर्ती प्रक्रियाओं में पारदर्शिता की कमी के कारण ऐसे हालात बने हैं.

अभ्यर्थी पीयूष बोले, ""जेपीएससी की पहली और दूसरी परीक्षा में जो धांधली सामने आई थी, उस मामले में चार्ज़शीट दाख़िल हो जाने के इतने साल के बाद भी केस लटका हुआ है.""

वहीं, विधायक अरूप चटर्जी का कहना है कि जेपीएससी की पहली और दूसरी परीक्षा से जुड़े मामले अब भी न्यायिक प्रक्रिया में लंबित हैं.

चटर्जी कहते हैं, ""मैं नाम नहीं लूंगा मगर इस मामले में कई सफेदपोश घरानों के लोग जुड़े हैं, जिन्हें सभी सरकारें बचाने की कोशिश कर रही हैं. ऐसे में जब न्याय नहीं मिलेगा तो छात्र सड़क पर तो आएंगे ही.""

उल्लेखनीय है कि जेपीएससी की पहली और दूसरी सिविल सेवा परीक्षा में कथित धांधली की जांच के दौरान तत्कालीन अध्यक्ष समेत कई लोगों को अभियुक्त बनाया गया था. मामला अब भी अदालत में विचाराधीन है.

इसी साल जनवरी में द्वितीय जेपीएससी परीक्षा में कथित अनियमितताओं से जुड़े मनी लॉन्ड्रिंग के आरोपों की जांच के लिए प्रवर्तन निदेशालय (ईडी) ने इन्फोर्समेंट केस इन्फॉर्मेशन रिपोर्ट (ईसीआईआर) दर्ज की थी.

जेपीएससी-14 को लेकर क्या आरोप हैं?

14वीं संयुक्त सिविल सेवा प्रतियोगिता परीक्षा का विज्ञापन बीती 29 जनवरी को निकला. 19 अप्रैल को राज्य के 564 केंद्रों पर इसकी प्रारंभिक परीक्षा हुई. 21 अप्रैल को माॅडल उत्तर जारी कर अभ्यर्थियों से आपत्तियां मांगी गईं.

फिर बीती दो जुलाई को प्रारंभिक परीक्षा का रिजल्ट आया और यहीं से विवाद खड़ा हो गया. सोशल मीडिया पर कथित ओएमआर शीट वायरल होने लगीं और दावा किया जाने लगा कि सेलेक्शन पाने वाले कुछ कैंडिडेट्स ने पूरे प्रश्न तक हल नहीं किए थे.

विवाद बढ़ा तो 25 से 27 जुलाई को आयोजित होनेवाली मुख्य परीक्षा को स्थगित कर दिया गया.

दरअसल इस प्रारंभिक परीक्षा में सौ-सौ सवालों के दो पेपर जनरल स्टडी-एक और झारखंड जनरल स्टडी-दो हुए.

प्रदर्शन कर रहे अभ्यर्थियों का आरोप है कि सोशल मीडिया पर एक अभ्यर्थी की ओएमआर शीट वायरल हो गई, जिससे पता लग रहा है कि उसने 100 प्रश्नों में महज़ 48 प्रश्नों को हल किया मगर उसका सेलेक्शन हो गया.

प्रदर्शनकारी अभ्यर्थियों का आरोप है कि ""कई ओएमआर शीटों को देखकर पता लगता है कि धांधली हुई है.""

यह मामला इतना गंभीर हो गया कि ओएमआर शीट के जरिए गड़बड़ियों का दावा किए जाने के मामले की जांच कर रही सीआईडी ने एक पब्लिक नोटिस जारी किया.

उन्होंने परीक्षा पास करने वाले अभ्यर्थियों से कहा है कि 30 जुलाई से पांच अगस्त के बीच वे अपने दोनों पेपर की ओएमआर सीट की फोटो कॉपी को आयोग को ईमेल के जरिए उपलब्ध करवाएं.

इतना ही नहीं, अगर कोई ओएमआर शीट न दे पाने में सक्षम है तो उसे लिखित में कारण बताकर अपना रोल नंबर देना होगा. यानी प्रारंभिक परीक्षा पास करने वाले सभी अभ्यर्थियों की ओएमआर शीट रेडार पर आ गई है.

इस मामले में सीआईडी ने प्रारंभिक परीक्षा में पास हुए एक अभ्यर्थी सुमन सौरभ को गिरफ़्तार किया, जिसे न्यायिक हिरासत में भेज दिया गया है.

जेपीएससी अध्यक्ष ने दिया इस्तीफ़ा

सिविल सेवा समेत अन्य परीक्षाओं में गड़बड़ी के आरोपों को लेकर 21 जुलाई को जेपीएससी मुख्यालय सहित सात ठिकानों पर सीआईडी ने छापा मारा.

इसमें उप-परीक्षा नियंत्रक श्वेता गुप्ता, अन्य स्टाफ और आउटसोर्सिंग एजेंसी टीडीपीएल के ठिकाने भी शामिल थे.

इसी दौरान वर्तमान जेपीएससी अध्यक्ष एल. खियांग्ते ने 22 जुलाई 2026 को पद से इस्तीफ़ा दे दिया. उनसे सीआईडी ने कई दिनों से पूछताछ की थी. वे झारखंड के मुख्य सचिव रह चुके हैं.

टेंडर प्रक्रिया पर भी उठ रहे सवाल

प्रदर्शनकारी छात्रों ने परीक्षा संचालन से जुड़े टेंडर आवंटन पर भी सवाल उठाए हैं.

उनका आरोप है कि परीक्षा प्रक्रिया से जुड़े कई महत्वपूर्ण कार्य टीडीपीएल को सौंपे गए, जबकि उस एजेंसी पर पहले भी अनियमितताओं के आरोप लग चुके थे.

छात्रों का कहना है कि आवेदन प्रक्रिया, प्रवेश पत्र निर्माण, प्रश्नपत्र छपाई, ओएमआर स्कैनिंग और परिणाम तैयारी जैसे संवेदनशील कामों के लिए इस एजेंसी का चयन किन आधारों पर हुआ, इसकी जवाबदेही तय होनी चाहिए.

जबकि इस मामले में उठ रहे सवालों के बीच आयोग के सचिव ने 26 जुलाई को सूचना प्रकाशित कर कहा कि आयोग ने 20 मई 2025 को इस एजेंसी को परीक्षा संबंधी सभी कार्यों से मुक्त करते हुए गैर सूचीबद्ध कर दिया था. उसके बाद हुई किसी भी परीक्षा में इस एजेंसी से कोई काम नहीं लिया गया.

प्रदर्शनकारियों की ये हैं मुख्य मांगें

जेपीएससी और जेएसएससी में कथित अनियमितताओं की जांच सीबीआई से कराई जाए.

भर्ती प्रक्रियाओं में गड़बड़ी के लिए जिम्मेदार अधिकारियों को तत्काल पद से हटाया जाए.

दोषी पाए जाने वालों के ख़िलाफ़ सख्त कानूनी कार्रवाई सुनिश्चित की जाए.

भविष्य की सभी प्रतियोगी परीक्षाओं के लिए पारदर्शी, निष्पक्ष और विश्वसनीय भर्ती प्रणाली लागू की जाए.

लंबित भर्ती प्रक्रियाओं को निर्धारित समयसीमा के भीतर पूरा किया जाए.

क्या बोले सीएम सोरेन

झारखंड लोक सेवा आयोग (जेपीएससी) परीक्षा में हुई गड़बड़ी मामले में सीआईडी की कार्रवाई के बाद मुख्यमंत्री हेमंत सोरेन ने 21 जुलाई को कैबिनेट बैठक के बाद प्रोजेक्ट भवन में मीडियाकर्मियों से बातचीत की थी.

सीआईडी जांच और परीक्षाओं के मामले में मीडिया की ओर से पूछे गए एक सवाल पर उन्होंने कहा था, ""हमने कई एग्ज़ाम सफलतापूर्वक कराए. चूंकि सिस्टम में कुछ छिपे हुए लोग हैं, ऐसी एक्टिविटीज़ हैं जो समय पर ही सामने आती हैं, ऐसे लोग वर्षों से जगह-जगह पर बैठकर गलत काम में संलिप्त रहे हैं तो आगे आप देखेंगे कि कई चीजें पारदर्शिता के साथ होंगी.""

बीबीसी के लिए कलेक्टिव न्यूज़रूम की ओर से प्रकाशित.

BBC World Service के नए ऐप को डाउनलोड करें

BBC News हिन्दी को चुनें और पाइए न्यूज़ अलर्ट, लाइव टीवी, पॉडकास्ट... सब एक जगह",hi,8/3/26 6:59,8/14/26 10:15,,recruitment_jobs|exam_paper_leak|investigation_justice|protest_agitation|infrastructure|politics_governance,उत्तराखंड|मुख्यमंत्री|राज्य सरकार|लोक सेवा आयोग,newspaper4k,1462
78ae43b8c167cfeb0e47f01049730c2ef51600ed,https://www.jagran.com/uttarakhand/dehradun-city-almoras-garvita-bhakuni-to-represent-uttarakhand-at-rashtrapati-bhavan-40326819.html,https://jagran.com/uttarakhand/dehradun-city-almoras-garvita-bhakuni-to-represent-uttarakhand-at-rashtrapati-bhavan-40326819.html,gnews_protest_youth,jagran.com,gnews,कौन हैं अल्मोड़ा की गर्विता? राष्ट्रपति भवन के 'एट होम' में करेंगी उत्तराखंड का प्रतिनिधित्व,कौन हैं अल्मोड़ा की गर्विता? राष्ट्रपति भवन के 'एट होम' में करेंगी उत्तराखंड का प्रतिनिधित्व  jagran.com,"कौन हैं अल्मोड़ा की गर्विता? राष्ट्रपति भवन के 'एट होम' में करेंगी उत्तराखंड का प्रतिनिधित्व
अल्मोड़ा की युवा आपदा मित्र कैडेट गर्विता भाकुनी स्वतंत्रता दिवस पर राष्ट्रपति भवन के 'एट होम' रिसेप्शन में उत्तराखंड का प्रतिनिधित्व करेंगी। ...और पढ़ें
समय कम है?
जानिए मुख्य बातें और खबर का सार एक नजर में
राज्य ब्यूरो, देहरादून। स्वतंत्रता दिवस के अवसर पर 15 अगस्त को राष्ट्रपति भवन में आयोजित होने वाले प्रतिष्ठित ''एट होम'' रिसेप्शन के लिए उत्तराखंड की गर्विता भाकुनी का चयन हुआ है।
अल्मोड़ा के लोअर माल रोड निवासी गर्विता राष्ट्रीय कैडेट कोर (एनसीसी) की युवा आपदा मित्र कैडेट हैं। इस समारोह के लिए देशभर से केवल पांच युवा आपदा मित्र कैडेट का चयन किया गया है, जिनमें उत्तराखंड के अलावा कर्नाटक, मध्य प्रदेश, मिजोरम और नागालैंड के एक-एक प्रतिनिधि शामिल हैं।
देशभर से केवल पांच युवा आपदा मित्र कैडेट का चयन
मुख्यमंत्री पुष्कर सिंह धामी ने गर्विता को शुभकामनाएं देते हुए कहा कि यह सम्मान उत्तराखंड के युवाओं की सेवा भावना, अनुशासन और आपदा प्रबंधन के प्रति उनकी प्रतिबद्धता का प्रमाण है।
उन्होंने कहा कि आपदा की स्थिति में स्थानीय समुदाय सबसे पहला प्रतिक्रियादाता होता है और प्रशिक्षित युवाओं का मजबूत नेटवर्क राहत एवं बचाव कार्यों को अधिक प्रभावी बनाता है।
सचिव आपदा प्रबंधन एवं पुनर्वास विनोद कुमार सुमन ने बताया कि राष्ट्रीय आपदा प्रबंधन प्राधिकरण (एनडीएमए) के सहयोग से संचालित युवा आपदा मित्र योजना के तहत उत्तराखंड में 4,310 युवाओं को प्रशिक्षण दिया जा रहा है।
अब तक करीब 2,700 युवा आपदा प्रबंधन, खोज एवं बचाव, प्राथमिक उपचार, निकासी और सामुदायिक जागरूकता का प्रशिक्षण प्राप्त कर चुके हैं। उधर, गर्विता भाकुनी ने कहा कि राष्ट्रपति भवन में उत्तराखंड का प्रतिनिधित्व करना उनके लिए गर्व का क्षण है।",hi,8/2/26 6:59,8/14/26 11:18,Dehradun|Almora,environment_disaster,उत्तराखंड|धामी|पुष्कर सिंह धामी|मुख्यमंत्री,trafilatura,279
b3ed7321e472ab64dd66b4edc9c93addd0d6a220,https://www.abplive.com/news/india/uksssc-paper-leak-case-ed-attached-hakam-singh-assets-ann-3169177,https://abplive.com/news/india/uksssc-paper-leak-case-ed-attached-hakam-singh-assets-ann-3169177,gnews_uksssc,ABP News,gnews,"UKSSSC पेपर लीक केस, ED का बड़ा एक्शन, हाकम सिंह की 63 लाख की संपत्ति अटैच","UKSSSC पेपर लीक केस, ED का बड़ा एक्शन, हाकम सिंह की 63 लाख की संपत्ति अटैच  ABP News","UKSSSC पेपर लीक केस, ED का बड़ा एक्शन, हाकम सिंह की 63 लाख की संपत्ति अटैच
उत्तराखंड के बहुचर्चित UKSSSC भर्ती परीक्षा पेपर लीक मामले में ED ने बड़ी कार्रवाई की है. हाकम सिंह रावत की करीब 63 लाख रुपये की संपत्तियां अटैच की हैं.
उत्तराखंड के बहुचर्चित UKSSSC भर्ती परीक्षा पेपर लीक मामले में प्रवर्तन निदेशालय (ED) ने बड़ी कार्रवाई करते हुए मुख्य आरोपी हाकम सिंह रावत की करीब 63 लाख रुपये मूल्य की चल और अचल संपत्तियों को अस्थायी रूप से अटैच कर लिया है. ईडी का दावा है कि भर्ती घोटाले से अर्जित अवैध धन का इस्तेमाल संपत्तियां खरीदने और उसे वैध दिखाने के लिए किया गया. एजेंसी की जांच अभी जारी है और मामले से जुड़े अन्य लोगों की भूमिका भी खंगाली जा रही है.
ईडी के अनुसार, यह कार्रवाई धन शोधन निवारण अधिनियम (PMLA) के तहत की गई है. जांच में सामने आया कि हाकम सिंह रावत और उसके सहयोगियों ने कथित तौर पर भर्ती परीक्षाओं में धांधली कर अभ्यर्थियों से मोटी रकम वसूली. इसी अपराध से अर्जित धन से खरीदी गई करीब 63 लाख रुपये की संपत्तियों को एजेंसी ने अस्थायी रूप से अटैच किया है.
वित्तीय जांच के दौरान ईडी को हाकम सिंह रावत की आय और बैंक खातों से जुड़े कई अहम सुराग मिले. एजेंसी का दावा है कि उसे भर्ती घोटाले से करीब 95 लाख रुपये की अवैध कमाई हुई. बैंक खातों में बड़ी मात्रा में नकदी जमा होने के साक्ष्य भी जांच में सामने आए. ईडी के मुताबिक, इस धन को वैध दिखाने के लिए आयकर रिटर्न में कृषि आय दर्शाई गई, लेकिन जांच के दौरान कृषि गतिविधियों से जुड़े दावे प्रमाणित नहीं हो सके. एजेंसी का आरोप है कि अपराध से अर्जित धन को वित्तीय प्रणाली के जरिए वैध बनाकर संपत्तियां खरीदी गईं.
मनी ट्रेल की जांच के दौरान ईडी ने 14 अलग-अलग स्थानों पर तलाशी अभियान चलाया. कार्रवाई के दौरान जांच एजेंसी ने डिजिटल उपकरण, बैंक रिकॉर्ड, संपत्ति से जुड़े दस्तावेज और अन्य महत्वपूर्ण रिकॉर्ड कब्जे में लिए. अधिकारियों का कहना है कि बरामद दस्तावेजों के आधार पर मामले में शामिल अन्य लोगों की भूमिका की भी जांच की जा रही है.
2016 और 2021 की भर्ती परीक्षाओं से जुड़ा है मामला
ईडी के मुताबिक, जांच का दायरा 2016 और 2021 में आयोजित UKSSSC भर्ती परीक्षाओं तक फैला हुआ है. जांच में प्रश्नपत्र लीक करने, ओएमआर शीट में कथित छेड़छाड़ करने और अभ्यर्थियों को अवैध लाभ पहुंचाने के लिए संगठित नेटवर्क के काम करने के संकेत मिले हैं. एजेंसी इस पूरे नेटवर्क के वित्तीय लेन-देन की पड़ताल कर रही है.
करोड़ों रुपये लेकर चलाया सिंडिकेट
जांच एजेंसी का दावा है कि हाकम सिंह रावत ने RMS Techno Solutions Pvt. Ltd. के कुछ कर्मचारियों, परीक्षा प्रक्रिया से जुड़े कुछ लोगों और कथित बिचौलियों के साथ मिलकर पेपर लीक का संगठित नेटवर्क तैयार किया. आरोप है कि अभ्यर्थियों से भारी रकम लेकर उन्हें गोपनीय प्रश्नपत्र उपलब्ध कराए गए और इसी अवैध कमाई का इस्तेमाल चल-अचल संपत्तियां खरीदने में किया गया.
विशेष अदालत में शिकायत दाखिल 
ईडी ने बताया कि मामले में विशेष पीएमएलए अदालत, देहरादून में पहले ही अभियोजन शिकायत (Prosecution Complaint) दाखिल की जा चुकी है. इसमें RMS Techno Solutions Pvt. Ltd. के कुछ कर्मचारियों, सरकारी कर्मियों, बिचौलियों और अन्य आरोपियों को भी नामजद किया गया है. एजेंसी का कहना है कि जांच आगे भी जारी रहेगी और नए साक्ष्य मिलने पर अतिरिक्त कार्रवाई की जाएगी.
भर्ती घोटाले पर सरकार का सख्त रुख
उत्तराखंड में पेपर लीक मामलों के सामने आने के बाद सरकार ने भर्ती प्रक्रिया को पारदर्शी बनाने के लिए कई सख्त कदम उठाए हैं. नकल विरोधी कानून को और मजबूत किया गया है, जबकि एसटीएफ, विजिलेंस और ईडी जैसी एजेंसियां आर्थिक अपराधों की भी समानांतर जांच कर रही है. सरकार का कहना है कि भर्ती परीक्षाओं की निष्पक्षता से समझौता करने वालों के खिलाफ कठोर कार्रवाई जारी रहेगी.
ये भी पढ़ें",hi,8/2/26 6:59,8/14/26 11:15,Dehradun,recruitment_jobs|exam_paper_leak|investigation_justice,UKSSSC|उत्तराखंड,trafilatura,635
4b2f1061976762a4428bf5cce7b56d10430e1917,https://www.livehindustan.com/ncr/ed-reveals-details-in-uttarakhand-paper-leak-case-accused-collected-95-lakh-to-ensure-candidates-passed-201785643417353.html,https://livehindustan.com/ncr/ed-reveals-details-in-uttarakhand-paper-leak-case-accused-collected-95-lakh-to-ensure-candidates-passed-201785643417353.html,gnews_uksssc,Hindustan,gnews,"उत्तराखंड पेपर लीक मामले में ED का खुलासा, आरोपी ने पास कराने के लिए वसूले 95 लाख रुपए","उत्तराखंड पेपर लीक मामले में ED का खुलासा, आरोपी ने पास कराने के लिए वसूले 95 लाख रुपए  Hindustan","उत्तराखंड पेपर लीक मामले में ED का खुलासा, आरोपी ने पास कराने के लिए वसूले 95 लाख रुपए
यूकेएसएसएससी पेपर लीक मामले में ईडी ने बड़ा खुलासा करते हुए कहा है कि आरोपी ने छात्रों को पास कराने के लिए करीब 95 लाख रुपए वसुले थे।
उत्तराखंड अधीनस्थ सेवा चयन आयोग (यूकेएसएसएससी) पेपर लीक मामले में प्रवर्तन निदेशालय (ईडी) की जांच में बड़ा खुलासा हुआ है। मुख्य आरोपी हाकम सिंह रावत ने उम्मीदवारों को पास कराने के नाम पर करीब 95 लाख रुपए वसूले थे। इस रकम को कृषि आय दिखाकर छिपाया गया। बैंक खातों में बड़े पैमाने पर नकद जमा कराया गया। ईडी ने साल 2021 की यूकेएसएसएससी स्नातक स्तरीय परीक्षा पेपर लीक मामले में देहरादून के रायपुर थाने और 2016 की वीडीओ/वीपीडीओ परीक्षा में अनियमितताओं के संबंध में विजिलेंस सेक्टर देहरादून में दर्ज एफआईआर के आधार पर धन शोधन निवारण अधिनियम (पीएमएलए) के तहत जांच शुरू की थी।
इस दौरान ईडी ने हाकम के 14 ठिकानों पर तलाशी ली, जहां से दस्तावेज, डिजिटल उपकरण, संपत्ति संबंधी रिकॉर्ड और बैंक खातों से जुड़े सबूत मिले। बैंक खातों के विश्लेषण में परीक्षा से पहले और बाद के दौरान संदिग्ध नकद लेनदेन सामने आए हैं। ईडी के अनुसार जांच में हाकम के साथ परीक्षा आयोजित कराने वाली आरएमएस टेक्नो सॉल्यूशंस प्राइवेट लिमिटेड के कुछ कर्मचारियों, प्रिंटिंग एजेंसी के कर्मचारियों, लोक सेवकों और बिचौलियों की मिलीभगत का खुलासा हुआ है
जांच के दौरान यह भी पता चला कि लीक पेपर अभ्यर्थियों तक बिचौलियों के नेटवर्क के जरिए पहुंचाए जाते थे। इसके बदले उनसे मोटी रकम वसूली जाती थी। ईडी की इस मामले में अभी जांच जारी है।
मनी ट्रेल की जांच जारी
पेपर लीक मामले में ईडी अब अपराध से कमाए गए धन की पूरी मनी ट्रेल की जांच कर रही है। एजेंसी यह पता लगा रही है कि अभ्यर्थियों से अवैध रूप से वसूली गई रकम किन-किन लोगों तक पहुंची, किस-किस बैंक खाते से होकर गुजरी और उसका इस्तेमाल कहां किया गया। जांच में यह भी देखा जा रहा है कि इस धन से जमीन, मकान या अन्य चल-अचल संपत्तियां खरीदी गईं या नहीं।
63.30 लाख की संपत्ति अटैच
ईडी ने पीएमएलए के तहत हाकम सिंह रावत की 63.30 लाख रुपए मूल्य की चल और अचल संपत्तियां अस्थायी रूप से अटैच की हैं। ईडी के अनुसार, ये संपत्तियां कथित तौर पर अपराध से अर्जित धन से खरीदी गई थीं। एजेंसी ने बैंक खातों, डिजिटल सबूतों और दस्तावेजों के आधार पर कार्रवाई की है। मामले में मनी ट्रेल और अन्य संपत्तियों की जांच अभी जारी है।
ईडी की जांच में हाकम सिंह की भूमिका अहम
बताई गई है। एजेंसी के अनुसार, वह पेपर लीक गिरोह का प्रमुख सदस्य था। आरोप है कि उसने अपने नेटवर्क के जरिए परीक्षा से पहले पेपर लीक कर अभ्यर्थियों तक पहुंचाए और इसके बदले मोटी रकम वसूली। हाकम फिलहाल जमानत पर है। उसके खिलाफ भर्ती परीक्षाओं में पेपर लीक व अन्य गड़बड़ी से जुड़े मामलों की जांच पहले से चल रही है। उसे पटवारी भर्ती परीक्षा से एक दिन पहले, 20 सितंबर 2025 को देहरादून पुलिस और एसटीएफ उत्तराखंड ने संयुक्त कार्रवाई में गिरफ्तार किया था। उस पर अभ्यर्थियों को परीक्षा में पास कराने का झांसा देकर 12 से 15 लाख रुपये मांगने का आरोप था। बाद में उसे इस मामले में जमानत मिल गई।
कृषि आय के जरिए नकदी को वैध दिखाया
ईडी की वित्तीय जांच में हाकम के आयकर रिटर्न का भी परीक्षण किया गया। इसमें कृषि आय दर्शाई गई थी, लेकिन जांच एजेंसी को घोषित आय के अनुरूप कृषि गतिविधियां नहीं मिलीं। एजेंसी का आरोप है कि संदिग्ध नकद जमा को छिपाने के लिए कृषि आय का सहारा लिया गया। बैंक खातों की जांच में परीक्षा अवधि के आसपास बड़े पैमाने पर नकद लेनदेन भी सामने आए हैं, जिनकी जांच जारी है।
लेखक के बारे में
Aditi Sharma
अदिति शर्मा
अदिति शर्मा डिजिटल मीडिया की एक अनुभवी पत्रकार हैं, जिन्हें लाइव हिंदुस्तान, TV9 भारतवर्ष और न्यूज नेशन जैसे संस्थानों में 9 वर्षों का अनुभव है। BCA और MMC की शैक्षणिक पृष्ठभूमि के साथ, वे तकनीक और पत्रकारिता के मूल्यों का सटीक संतुलन बनाती हैं। उनकी विशेषज्ञता राजनीति, अपराध और शोध-आधारित लेखन में है, जहां वे सकारात्मक प्रभाव डालने वाली विश्वसनीय पत्रकारिता को प्राथमिकता देती हैं।
विस्तृत बायो
डिजिटल मीडिया के इस दौर में, अदिति शर्मा पिछले 9 सालों से सूचनाओं को खबरों में और खबरों को अटूट विश्वसनीयता में बदलने का काम कर रही हैं। वर्तमान में 'लाइव हिंदुस्तान' में डिप्टी चीफ कंटेंट प्रोड्यूसर के रूप में कार्यरत रहते हुए, उनकी पत्रकारिता का मुख्य आधार रफ्तार के साथ गहरी सटीकता बनाए रखना रहा है। उनकी शैक्षणिक पृष्ठभूमि तकनीकी और मीडिया शिक्षा का एक संतुलित मेल है। उन्होंने वेस्ट बंगाल स्टेट यूनिवर्सिटी से BCA किया है। इसके बाद उन्होंने इंडिया टुडे मीडिया इंस्टीट्यूट (ITMI) से मास कम्युनिकेशन में पोस्ट ग्रेजुएशन की डिग्री प्राप्त की, जिसने उनके पत्रकारिता कौशल को निखारा।
अदिति के करियर का एक बड़ा हिस्सा TV9 भारतवर्ष, न्यूज नेशन और इंडिया टुडे जैसे देश के प्रतिष्ठित न्यूज रूम्स के साथ बीता है। इस दौरान उन्होंने न केवल पॉलिटिक्स, क्राइम और स्टेट न्यूज जैसी 'हार्ड-कोर' खबरों को कवर किया, बल्कि फीचर राइटिंग, ओपिनियन आर्टिकल्स और रिसर्च-आधारित गहन लेखन के जरिए खबरों की तह तक जाने का सफल प्रयास किया है।
उनके लिए पत्रकारिता केवल सूचना देना नहीं, बल्कि मल्टीमीडिया का एक संपूर्ण अनुभव है। एंकरिंग से लेकर वीडियो प्रोडक्शन और 'कैलेंडर जर्नलिज्म' से लेकर 'फैक्ट चेक' तक, उन्होंने डिजिटल पत्रकारिता के हर अनिवार्य पहलू को जिया है। सोशल मीडिया की नब्ज पहचानना और कंटेंट को लाखों लोगों तक प्रभावी ढंग से पहुंचाना उनकी सबसे बड़ी पेशेवर ताकत है।
तथ्यों के प्रति उनकी ईमानदारी और 'मीडिया लॉ एंड एथिक्स' के दायरे में रहकर जनता की आवाज उठाना ही उनकी पत्रकारिता का असली उद्देश्य है। वे नई तकनीक और पत्रकारिता के पुराने मूल्यों के बीच एक ऐसा संतुलन बनाने में विश्वास रखती हैं, जिससे समाज को न केवल सही जानकारी मिले, बल्कि उस पर लोगों का भरोसा भी बना रहे। उनका हमेशा यह प्रयास रहता है कि उनकी खबरों से समाज में एक सकारात्मक बदलाव आए।
और पढ़ें",hi,8/2/26 6:59,8/14/26 11:15,Dehradun,recruitment_jobs|exam_paper_leak|investigation_justice|protest_agitation,अधीनस्थ सेवा चयन आयोग|उत्तराखंड|यूकेएसएसएससी,trafilatura,992
95c48252c900f37de3521373df0ad2f116291099,https://www.aajtak.in/india/uttarakhand/story/uksssc-paper-leak-ed-action-hakam-singh-rawat-property-seizure-ntc-drmt-rptc-2613465-2026-08-02,https://aajtak.in/india/uttarakhand/story/uksssc-paper-leak-ed-action-hakam-singh-rawat-property-seizure-ntc-drmt-rptc-2613465-2026-08-02,gnews_uksssc,AajTak,gnews,"UKSSSC पेपर लीक केस में ED का बड़ा एक्शन, आरोपी हाकम सिंह रावत की 63.30 लाख की संपत्ति जब्त","UKSSSC पेपर लीक केस में ED का बड़ा एक्शन, आरोपी हाकम सिंह रावत की 63.30 लाख की संपत्ति जब्त  AajTak","उत्तराखंड अधीनस्थ सेवा चयन आयोग (UKSSSC) पेपर लीक घोटाले में ED ने बड़ी कार्रवाई की है. ईडी के देहरादून सब-जोनल कार्यालय ने धन शोधन निवारण अधिनियम (PMLA), 2002 के तहत आरोपी हाकम सिंह रावत की 63.30 लाख रुपये की चल और अचल संपत्तियों को जब्त कर लिया है.

ईडी ने ये जांच रायपुर पुलिस स्टेशन में दर्ज FIR और विजिलेंस सेक्टर में दर्ज FIR के आधार पर शुरू की थी. ये मामला साल 2021 की स्नातकोत्तर स्तरीय (VDO/VPDO) परीक्षा के पेपर लीक और 2016 की VDO/VPDO परीक्षा में हुई गड़बड़ियों से जुड़ा हुआ है.

जांच में खुलासा हुआ कि हाकम सिंह रावत, परीक्षा कराने वाली प्रिंटिंग एजेंसी M/s RMS टेक्नो सॉल्यूशंस प्राइवेट लिमिटेड के कर्मचारियों, सरकारी सेवकों और बिचौलियों ने मिलकर एक गिरोह बनाया था. इस गिरोह ने सीक्रेट प्रश्नपत्रों को लीक किया और उम्मीदवारों से मोटी रकम वसूली.

काली कमाई को व्हाइट करने का खेल

ईडी की जांच में सामने आया कि हाकम सिंह रावत ने अभ्यर्थियों से करीब 95 लाख रुपये हासिल किए थे. इस अवैध कमाई को जायज साबित करने के लिए उसके बैंक खातों में भारी मात्रा में नकद रकम जमा कराई गई.

Advertisement

आयकर रिटर्न (ITR) की जांच करने पर पता चला कि उसने कृषि आय दिखाकर पैसों को सही ठहराने की कोशिश की थी, जो उसकी वास्तविक कृषि गतिविधियों से मेल नहीं खाती थी. परीक्षा के दौरान जुटाई गई इस काली कमाई से उसने चल-अचल संपत्तियां खरीदी थीं, जिन्हें अब ईडी ने जब्त कर लिया है.

यह भी पढ़ें: उत्तराखंड में BTech के दो पेपर लीक! परीक्षा से पहले छात्रों तक पहुंचा प्रश्नपत्र, प्रोफेसर अरेस्ट

अदालत में चार्जशीट और तलाशी अभियान

उत्तराखंड पुलिस की SIT की चार्जशीट, 14 ठिकानों पर की गई छापेमारी और बैंक खातों की जांच से हाकम सिंह की भूमिका साबित हुई है. छापेमारी के दौरान डिजिटल डिवाइस, प्रॉपर्टी के कागजात और नकदी बरामद हुई थी. ईडी पहले ही देहरादून की विशेष PMLA अदालत में RMS टेक्नो सॉल्यूशंस के कर्मचारियों, बिचौलियों और अधिकारियों के खिलाफ अभियोजन शिकायत दर्ज करा चुकी है.

2016 और 2021 की भर्ती परीक्षाओं में OMR शीट से छेड़छाड़ और पेपर लीक के जरिए बड़े पैमाने पर धांधली की गई थी, जिससे योग्य उम्मीदवारों के भविष्य के साथ खिलवाड़ हुआ था.

---- समाप्त ----",hi,8/2/26 6:59,8/14/26 11:15,Dehradun,recruitment_jobs|exam_paper_leak|investigation_justice,UKSSSC|अधीनस्थ सेवा चयन आयोग|उत्तराखंड,newspaper4k,366
a9c1eeebe1fa2da67828205a1a177e76dfbec665,https://timesofindia.indiatimes.com/city/dehradun/sc-rules-ad-hoc-service-counts-for-deputy-collectors-seniority/articleshow/132795494.cms,https://timesofindia.indiatimes.com/city/dehradun/sc-rules-ad-hoc-service-counts-for-deputy-collectors-seniority/articleshow/132795494.cms,gnews_dehradun_en,The Times of India,gnews,SC rules ad hoc service counts for deputy collectors’ seniority,SC rules ad hoc service counts for deputy collectors’ seniority  The Times of India,"Dehradun: The Supreme Court has ruled that promoted deputy collectors are entitled to seniority calculated from the date of their ad hoc appointment, settling a long-running dispute over the relative seniority of promotees and direct recruits in the state services. The ruling came on a petition challenging the Uttarakhand high court’s Aug 8, 2019, judgement, which had questioned the implementation of rule 24(4) of the Uttarakhand Public Service Commission Rules. The apex court’s decision clarifies the interpretation of the existing service rules governing the seniority of direct recruits and promotees. The SC held that the promoted employees were entitled to the benefit of rule 24(4) and said their “ad hoc service exceeding one year should not be excluded while calculating seniority”. In Sept 2007, a departmental promotion committee (DPC) was constituted and held its first meeting, where it noted the acute shortage of civil officers in the newly created state. The committee observed that the process of direct recruitment was time-consuming and that ad hoc promotions were the only viable option. Accordingly, on Oct 1, 2007, the petitioners were promoted as deputy collectors on an ad hoc basis as a stop-gap arrangement until the posts were filled through direct recruitment by the Public Service Commission. The govt, however, made these appointments without consulting the commission, as required under rule 5(a) of the Uttarakhand Public Service Commission Rules, 2003. A bench of Justices Pamidighantam Sri Narasimha and Alok Aradhe observed on Wednesday that although the appointment order described the promotions as a “stop-gap arrangement” and stated that the officers would revert to the post of tehsildar once direct recruits joined, and although the commission had not been consulted, the requirement for such consultation was “only directory”. The court held that the “govt’s failure to consult the commission did not render the ad hoc appointments illegal”. “It would not be fair to let the state take advantage of its own continuing error by treating the promotees’ ad hoc appointment, recommended by a constituted DPC and eventually regularised by the competent authority, as bad in law,” the bench said. After examining the details of the vacancies earmarked for promotees, the apex court held that they were entitled to the benefit of rule 24(4) and directed that their regular appointment be given effect from Oct 1, 2007. The court also directed the state govt to issue a revised seniority list of deputy collectors within three months.

End of Article",en,8/1/26 6:59,8/14/26 11:21,Dehradun,investigation_justice,uttarakhand,newspaper4k,405
093eb25334bcf6f0074b1816ec708688c85dea0f,https://timesofindia.indiatimes.com/city/dehradun/uttarakhand-cm-dhami-hears-public-grievances-orders-swift-redressal/articleshow/132780686.cms,https://timesofindia.indiatimes.com/city/dehradun/uttarakhand-cm-dhami-hears-public-grievances-orders-swift-redressal/articleshow/132780686.cms,gnews_dehradun_en,The Times of India,gnews,"Uttarakhand CM Dhami hears public grievances, orders swift redressal","Uttarakhand CM Dhami hears public grievances, orders swift redressal  The Times of India","DEHRADUN: Uttarakhand chief minister Pushkar Singh Dhami on Friday met people from different parts of the state at the Mukhya Sevak Sadan, located at the Chief Minister's Camp Office, and listened to their grievances. He directed concerned officials to ensure prompt and effective resolution of public issues. The chief minister also instructed officials from the chief minister's office, along with the Garhwal Commissioner and Inspector General (IG) of Garhwal, to accord top priority to the disposal of public complaints. He emphasised that there should be no unnecessary delay in resolving grievances and that timely relief must be provided to the affected citizens. On the occasion, Kedarnath MLA Asha Nautiyal met the chief minister along with a delegation and expressed gratitude to him for the successful and smooth conduct of this year's Kedarnath Yatra and the Char Dham Yatra so far. Nautiyal said that the state government's continuous monitoring and efficient management of the pilgrimage had helped ensure better facilities and a hassle-free experience for devotees. MLA Bhupal Ram Tamta also met the chief minister with a delegation and thanked the state government for prioritising local interests while addressing key issues related to the state's alpine meadows (Bugyals). The delegation said that Uttarakhand's Bugyals are an integral part of the state's natural and cultural heritage, with the livelihoods of many local residents and tourism activities closely linked to them. They stated that under the leadership of chief minister Pushkar Singh Dhami, the state government has been consistently working to strike a balance between environmental conservation and the promotion of local employment, tourism, and livelihoods. The public representatives appreciated the government's efforts to promote development while taking into account the unique geographical and local conditions of the hill regions. They expressed confidence that better coordination between local interests, environmental conservation, and tourism development would create new employment opportunities in the mountainous areas and further strengthen the local economy. CM Dhami said that the state government's priority is the timely resolution of public grievances and the balanced development of every region of the state. He directed officials to address public issues with sensitivity, efficiency, and a sense of urgency.

End of Article",en,8/1/26 6:59,8/14/26 11:21,Dehradun|Rudraprayag,protest_agitation|tourism_religion|politics_governance,chief minister|dhami|garhwal|uttarakhand,newspaper4k,359
993731cb63b4972fb092c32daa2c83a2057698e6,https://www.amarujala.com/uttarakhand/roorkee/demand-for-free-electricity-and-water-for-farmers-and-70-employment-for-the-youth-roorkee-news-c-5-1-drn1027-1031635-2026-08-01,https://amarujala.com/uttarakhand/roorkee/demand-for-free-electricity-and-water-for-farmers-and-70-employment-for-the-youth-roorkee-news-c-5-1-drn1027-1031635-2026-08-01,gnews_protest_youth,Amar Ujala,gnews,Roorkee News: किसानों को मुफ्त बिजली-पानी और युवाओं को 70% रोजगार देने की मांग,Roorkee News: किसानों को मुफ्त बिजली-पानी और युवाओं को 70% रोजगार देने की मांग  Amar Ujala,"{""_id"":""6a6cf59396027f1695022baa"",""slug"":""demand-for-free-electricity-and-water-for-farmers-and-70-employment-for-the-youth-roorkee-news-c-5-1-drn1027-1031635-2026-08-01"",""type"":""story"",""status"":""publish"",""title_hn"":""Roorkee News: किसानों को मुफ्त बिजली-पानी और युवाओं को 70% रोजगार देने की मांग"",""category"":{""title"":""City & states"",""title_hn"":""शहर और राज्य"",""slug"":""city-and-states""}}
    Roorkee News: किसानों को मुफ्त बिजली-पानी और युवाओं को 70% रोजगार देने की मांग
    विज्ञापन
    
        
    
     
   
        
        
        
    
      
            खबरें लगातार पढ़ने के लिए अमर उजाला एप डाउनलोड करें
या 
 वेबसाइट पर पढ़ना जारी रखने के लिए वीडियो विज्ञापन देखें
अगर आपके पास प्रीमियम मेंबरशिप है तो
                                                 
                किसान मजदूर संगठन सोसायटी ने किसानों और बेरोजगार युवाओं की समस्याओं के मद्देनजर झबरेड़ा विधायक वीरेंद्र जाती को ज्ञापन सौंपा। संगठन ने मांग की कि किसानों और युवाओं से जुड़े मुद्दों को आगामी विधानसभा सत्र में प्रमुखता से उठाया जाए।
                                
                
                
                 
                    
                        
                                                                                        
                             
                                         
     
                                       
                                                                    
                                
                                                                                                               
                                                    
                            
                                 
                                
                               
                                                                                
                                                                                
                                 
                
संगठन के राष्ट्रीय अध्यक्ष महक सिंह सैनी एडवोकेट ने बताया कि पांच जून 2026 को संयुक्त मजिस्ट्रेट रुड़की के माध्यम से मुख्यमंत्री को ज्ञापन भेजा गया था लेकिन अब तक उस पर कोई ठोस कार्रवाई नहीं हुई है। इसी के कारण विधायक के माध्यम से सरकार का ध्यान इन मांगों की ओर आकर्षित करने का प्रयास किया गया।    
             
                                                
                            
                                 
                                
                               
                                                                                
                                                                 
                
ज्ञापन में उत्तराखंड के किसानों को सिंचाई के लिए नलकूपों और नहरों से 100 प्रतिशत मुफ्त बिजली और पानी उपलब्ध कराने की मांग की गई। संगठन का कहना है कि ऊर्जा उत्पादन में अग्रणी राज्य होने के बावजूद यहां के किसानों को बिजली बिल और वाटर सेस का अतिरिक्त बोझ उठाना पड़ रहा है। इसके अलावा सरकारी, अर्द्धसरकारी और निजी उद्योगों, विशेषकर सिडकुल क्षेत्रों में स्थानीय युवाओं के लिए न्यूनतम 70 प्रतिशत रोजगार आरक्षित करने की मांग भी उठाई गई।
                    विज्ञापन 
                    
                    
                        
                    
                    
                        
                    
                    
                                                                               
                                                             
                        
                                
                                                      
                                
                
                
                                
                                
                                                                                                               
                                                    
                         
            
                                
                
                
                                
                                
                                                                                                               
                                                    
                            
                                 
                                
                               
                                                                                
                                                
                                
                
                                                                
                               
                                                        
        
विज्ञापन
 
    संगठन के राष्ट्रीय अध्यक्ष महक सिंह सैनी एडवोकेट ने बताया कि पांच जून 2026 को संयुक्त मजिस्ट्रेट रुड़की के माध्यम से मुख्यमंत्री को ज्ञापन भेजा गया था लेकिन अब तक उस पर कोई ठोस कार्रवाई नहीं हुई है। इसी के कारण विधायक के माध्यम से सरकार का ध्यान इन मांगों की ओर आकर्षित करने का प्रयास किया गया।
                विज्ञापन
                
                    
                
            
            ज्ञापन में उत्तराखंड के किसानों को सिंचाई के लिए नलकूपों और नहरों से 100 प्रतिशत मुफ्त बिजली और पानी उपलब्ध कराने की मांग की गई। संगठन का कहना है कि ऊर्जा उत्पादन में अग्रणी राज्य होने के बावजूद यहां के किसानों को बिजली बिल और वाटर सेस का अतिरिक्त बोझ उठाना पड़ रहा है। इसके अलावा सरकारी, अर्द्धसरकारी और निजी उद्योगों, विशेषकर सिडकुल क्षेत्रों में स्थानीय युवाओं के लिए न्यूनतम 70 प्रतिशत रोजगार आरक्षित करने की मांग भी उठाई गई।
विज्ञापन",hi,8/1/26 6:59,8/14/26 11:18,Haridwar,protest_agitation|infrastructure|politics_governance,उत्तराखंड|मुख्यमंत्री|विधानसभा,trafilatura,381
219f78c6f262c321bef63dea37c0aac47861d5e4,https://www.etvbharat.com/hi/state/uksssc-paper-leak-case-ed-attaches-hakam-singh-property-uts26080105388,https://etvbharat.com/hi/state/uksssc-paper-leak-case-ed-attaches-hakam-singh-property-uts26080105388,gnews_uksssc,ETV Bharat,gnews,"UKSSSC पेपर लीक मामला, हाकम सिंह पर ईडी का बड़ा एक्शन, अटैच की प्रॉपर्टी","UKSSSC पेपर लीक मामला, हाकम सिंह पर ईडी का बड़ा एक्शन, अटैच की प्रॉपर्टी  ETV Bharat","UKSSSC पेपर लीक मामला, हाकम सिंह पर ईडी का बड़ा एक्शन, अटैच की प्रॉपर्टी
UKSSSC पेपर लीक मामले में ईडी ने हाकम सिंह की 63.30 लाख की संपत्तियां अटैच की हैं.
देहरादून: उत्तराखंड अधीनस्थ सेवा चयन आयोग (UKSSSC) की स्नातक स्तरीय भर्ती परीक्षा-2021 पेपर लीक मामले में प्रवर्तन निदेशालय (ED) ने बड़ी कार्रवाई की है. प्रवर्तन निदेशालय ने मास्टरमाइंड हाकम सिंह रावत की करीब 63.30 लाख रुपए की चल और अचल संपत्तियों को अस्थायी रूप से अटैच कर लिया है. यह कार्रवाई धन शोधन निवारण अधिनियम (PMLA), 2002 के तहत की गई है. ईडी का दावा है कि ये संपत्तियां पेपर लीक से अर्जित अवैध धन से खरीदी गई थीं.
पेपर लीक से कमाए धन से खरीदी गईं संपत्तियां: ईडी के मुताबिक जांच में सामने आया कि हाकम सिंह रावत ने आरएमएस टेक्नो सॉल्यूशंस प्राइवेट लिमिटेड के कर्मचारियों, परीक्षा संचालन से जुड़े अधिकारियों और अन्य बिचौलियों के साथ मिलकर संगठित तरीके से पेपर लीक सिंडिकेट संचालित किया. आरोप है कि लीक प्रश्नपत्र अभ्यर्थियों तक मोटी रकम लेकर पहुंचाए गए. इसी अवैध कमाई का इस्तेमाल संपत्तियां खरीदने में किया गया.
ED, Dehradun Sub Zonal Office has provisionally attached movable and immovable properties worth Rs. 63.30 Lakh under PMLA, 2002 in connection with the UKSSSC Examination Paper Leak Scam. pic.twitter.com/57eXBodnNx
— ED (@dir_ed) August 1, 2026
95 लाख रुपये की अवैध कमाई का दावा: वित्तीय जांच में ईडी को पता चला कि हाकम सिंह रावत ने इस पूरे नेटवर्क के जरिए करीब 95 लाख रुपये की अवैध कमाई की. बैंक खातों की जांच में बड़ी मात्रा में नकद जमा होने के साक्ष्य मिले. एजेंसी के अनुसार इन पैसों को वैध दिखाने के लिए आयकर रिटर्न में कृषि आय दर्शाई गई. जांच में कृषि गतिविधि का दावा फर्जी पाया गया.
14 ठिकानों पर छापेमारी: ईडी ने जांच के दौरान 14 स्थानों पर तलाशी अभियान चलाया. छापेमारी के दौरान डिजिटल उपकरण, बैंक रिकॉर्ड, संपत्ति से जुड़े दस्तावेज और अन्य महत्वपूर्ण सामग्री बरामद की गई. एजेंसी का कहना है कि जांच में हाकम सिंह के अलावा अन्य आरोपियों की भूमिका भी सामने आई है.
2016 और 2021 की भर्ती परीक्षाओं से जुड़ा मामला: जांच एजेंसी के अनुसार यह भर्ती घोटाला साल 2016 और 2021 की भर्ती परीक्षाओं में हुई व्यापक अनियमितताओं से जुड़ा है. जांच में ओएमआर शीट में छेड़छाड़, गोपनीय प्रश्नपत्र लीक करने और अभ्यर्थियों को अवैध लाभ पहुंचाने की साजिश का खुलासा हुआ है. ईडी ने स्पष्ट किया है कि मामले की जांच अभी भी जारी है.
विशेष अदालत में अभियोजन शिकायत दाखिल: ईडी ने बताया कि इस मामले में आरएमएस टेक्नो सॉल्यूशंस प्राइवेट लिमिटेड के कर्मचारियों, सरकारी अधिकारियों, बिचौलियों और अन्य आरोपियों के खिलाफ विशेष पीएमएलए अदालत, देहरादून में पहले ही अभियोजन शिकायत (Prosecution Complaint) दाखिल की जा चुकी है.",hi,8/1/26 6:59,8/14/26 11:16,Dehradun,recruitment_jobs|exam_paper_leak|investigation_justice,UKSSSC|अधीनस्थ सेवा चयन आयोग|उत्तराखंड,trafilatura,448
8370a3b6dd31fcfdca12497b4350481b24e82ecd,https://www.amarujala.com/dehradun/uksssc-paper-leak-case-ed-attaches-hakam-singh-63-lakh-assets-probe-reveals-one-crore-collected-from-candidate-2026-08-01,https://amarujala.com/dehradun/uksssc-paper-leak-case-ed-attaches-hakam-singh-63-lakh-assets-probe-reveals-one-crore-collected-from-candidate-2026-08-01,gnews_uksssc,Amar Ujala,gnews,"UKSSSC Paper Leak Case: ईडी ने हाकम सिंह की 63 लाख की संपत्ति की अटैच, जांच में करोड़ों की वसूली का खुलासा","UKSSSC Paper Leak Case: ईडी ने हाकम सिंह की 63 लाख की संपत्ति की अटैच, जांच में करोड़ों की वसूली का खुलासा  Amar Ujala","{""_id"":""6a6ddbfb070862d0160e01fc"",""slug"":""uksssc-paper-leak-case-ed-attaches-hakam-singh-63-lakh-assets-probe-reveals-one-crore-collected-from-candidate-2026-08-01"",""type"":""story"",""status"":""publish"",""title_hn"":""UKSSSC Paper Leak Case: ईडी ने हाकम सिंह की 63 लाख की संपत्ति की अटैच, जांच में करोड़ों की वसूली का खुलासा"",""category"":{""title"":""City & states"",""title_hn"":""शहर और राज्य"",""slug"":""city-and-states""}}

UKSSSC Paper Leak Case: ईडी ने हाकम सिंह की 63 लाख की संपत्ति की अटैच, जांच में करोड़ों की वसूली का खुलासा

माई सिटी रिपोर्टर, देहरादून Published by: Renu Saklani Updated Sat, 01 Aug 2026 05:20 PM IST

सार

यूकेएसएसएससी पेपर लीक मामले में आरोपी हाकम सिंह पर पुलिस ने कार्रवाई करते हुए उसकी संपत्ति अटैच कर दी है।

विज्ञापन

खबरें लगातार पढ़ने के लिए अमर उजाला एप डाउनलोड करें

या

वेबसाइट पर पढ़ना जारी रखने के लिए वीडियो विज्ञापन देखें

अगर आपके पास प्रीमियम मेंबरशिप है तो

विस्तार

प्रवर्तन निदेशालय (ईडी) ने यूकेएसएसएससी पेपर लीक मामले में आरोपी हाकम सिंह की करीब 63 लाख रुपये की चल एवं अचल संपत्ति अटैच की है। ईडी की जांच में सामने आया है कि हाकम सिंह ने विभिन्न भर्ती परीक्षाओं के अभ्यर्थियों से कथित तौर पर करीब एक करोड़ रुपये वसूले थे।

विज्ञापन

ये भी पढे़ं...Haridwar: नन्ही बच्ची की कविता ने बटोरी खूब तालियां, सीएम धामी को बताया 'धाकड़', पीएम मोदी पर भी कही खास बात

विज्ञापन

इनमें स्नातक स्तरीय भर्ती परीक्षा और वीपीडीओ भर्ती परीक्षा के अभ्यर्थी शामिल थे। जांच में यह भी सामने आया कि इन परीक्षाओं का आयोजन करने वाली आरएमएस टेक सॉल्यूशन के कुछ अधिकारियों और कर्मचारियों की भी कथित मिलीभगत थी। ईडी मामले में धनशोधन के पहलुओं की जांच कर रही है।

विज्ञापन

विज्ञापन

नए कानून के शिकंजे में फंसा हाकम

पहले हाकम को शिकंजे में फंसाने के लिए पुलिस ने कई कानूनी धाराएं लगाई थीं, लेकिन नकल को लेकर पहले कानून में इतने प्रावधान नहीं थे। इस बार हाकम उत्तराखंड प्रतियोगी परीक्षा (भर्ती में अनुचित साधनों की रोकथाम एवं उपाय) अध्यादेश 2023 के शिकंजे में फंस गया है। इस कानून में कोई व्यक्ति, परीक्षा केंद्र के प्रबंधतंत्र, कोचिंग संस्थान, प्रिंटिंग प्रेस, परीक्षा के आयोजन में किसी भी जुड़े लोग पेपर लीक या अनुचित साधनों में शामिल पाए गए तो उन्हें आजीवन कारावास और 10 करोड़ रुपये तक के जुर्माने की सजा का प्रावधान है। प्रदेश में अब यह संज्ञेय, गैर जमानती और अशमनीय अपराध है।

विज्ञापन

विज्ञापन",hi,8/1/26 6:59,8/14/26 11:16,Dehradun|Haridwar,recruitment_jobs|exam_paper_leak|investigation_justice,UKSSSC|उत्तराखंड|धामी|यूकेएसएसएससी,newspaper4k,357
dcd4bd8a11f7ff0202a9c2071c6b1dcc324d0341,https://navbharattimes.indiatimes.com/state/uttarakhand/dehradun/uksssc-paper-leak-accused-hakam-singh-property-seized/articleshow/132791984.cms,https://navbharattimes.indiatimes.com/state/uttarakhand/dehradun/uksssc-paper-leak-accused-hakam-singh-property-seized/articleshow/132791984.cms,gnews_uksssc,Navbharat Times,gnews,"UKSSSC पेपर लीक के मुख्य आरोपी पर शिकंजा, ईडी ने अटैच की हाकम सिंह की 63.30 लाख की संपत्ति","UKSSSC पेपर लीक के मुख्य आरोपी पर शिकंजा, ईडी ने अटैच की हाकम सिंह की 63.30 लाख की संपत्ति  Navbharat Times","हाइलाइट्स

संपत्ति भर्ती घोटाले से अर्जित अवैध कमाई से खरीदी गई थी

हाकम सिंह रावत ने अभ्यर्थियों से करीब 95 लाख रुपये लिए

14 ठिकानों पर तलाशी के दौरान महत्वपूर्ण दस्तावेज मिले हैं

रश्मि खत्री, देहरादून: उत्तराखंड अधीनस्थ सेवा चयन आयोग (UKSSSC) भर्ती परीक्षा पेपर लीक मामले में ईडी ने मुख्य आरोपी हाकम सिंह की चल-अचल संपत्तियों को अस्थायी तौर पर अटैच किया है। जांच एजेंसी द्वारा 63.30 लाख रुपये की संपत्ति पर धन शोधन निवारण अधिनियम (PMLA) 2002 के तहत कार्रवाई की गई है। इसके साथ ही ईडी ने दावा किया है कि यह संपत्ति भर्ती घोटाले से अर्जित अवैध कमाई से खरीदी गई थी।

जानकारी के अनुसार, ईडी ने देहरादून के रायपुर थाने और विजिलेंस सेक्टर में दर्ज एफआईआर के आधार पर अपनी कार्रवाई शुरू की थी। ईडी के मुताबिक, मामले की जांच वर्ष 2021 की स्नातक स्तरीय वीडीओ-वीपीडीओ भर्ती परीक्षा पेपर लीक और वर्ष 2016 की वीडीओ-वीपीडीओ परीक्षा में अनियमितताओं को लेकर दर्ज एफआईआर के आधार पर शुरू हुई थी।

जांच में सामने आया कि हाकम सिंह रावत के नेतृत्व में एक गिरोह ने परीक्षा की प्रिंटिंग एजेंसी आरएमएस टेक्नो साल्यूशन्स प्राइवेट लिमिटेड के कर्मचारियों, कुछ लोक सेवकों, बिचौलियों और अन्य सहयोगियों के साथ मिलकर गोपनीय प्रश्नपत्र लीक कर भर्ती प्रक्रिया में व्यापक हेर-फेर किया। अभ्यर्थियों से मोटी रकम लेकर उन्हें प्रश्नपत्र उपलब्ध कराए गए और इसी अवैध कमाई से चल-अचल संपत्तियां खरीदी गईं।

ईडी के अनुसार, हाकम सिंह रावत ने इन परीक्षाओं के अभ्यर्थियों से करीब 95 लाख रुपये लिए। जांच के दौरान उनके बैंक खातों में घोषित आय से अधिक जमा राशि, आयकर रिटर्न में कृषि आय दर्शाकर अवैध धन को वैध साबित करने के प्रयास और अन्य वित्तीय लेन-देन के जरिए मनी लॉन्ड्रिंग की गई है। जिसकी जांच किए जाने के साक्ष्य मिले हैं।

जांच के दौरान हाकम सिंह के 14 ठिकानों पर तलाशी के दौरान महत्वपूर्ण दस्तावेज, डिजिटल उपकरण, संपत्तियों से जुड़े रिकॉर्ड और नकदी बरामद की गई। वहीं, उत्तराखंड पुलिस की एसआईटी ने भी कई चार्जशीट दाखिल की गई, जिसमें हाकम सिंह रावत और उसके सहयोगियों की भूमिका का भी जिक्र किया गया है।

इस मामले में पहले ही विशेष पीएमएलए न्यायालय, देहरादून में अभियोजन शिकायत दाखिल कर दी है। ईडी के अनुसार, भर्ती घोटाले से जुड़े धन के स्रोत, लेन-देन और अन्य आरोपियों की भूमिका की जांच अभी जारी है।

लेखक के बारे मेंविवेक मिश्राविवेक कुमार मिश्रा (Vivek Kumar Mishra) नवभारत टाइम्‍स ऑनलाइन (NBT.Com) में सीनियर डिजिटल कंटेंट प्रोड्यूसर (Senior Digital Content Producer) हैं। उत्तर प्रदेश की राजनीतिक-सियासी हलचल पर नजर रखते हैं। यूपी राजनीतिक विश्लेषण, उत्तर प्रदेश में हो रही घटनाओं पर नजर रखते हैं। उत्तर प्रदेश में अपराध, प्रशासन, डेवलपमेंट, यूपी सरकारी योजनाओं पर फोकस रखते हैं। उत्तराखंड की राजनीति हलचल, विश्लेषण, अपराध और घटनाक्रम पर भी विवेक कुमार मिश्रा फोकस रखते हैं। अनुभव यूपी के लखनऊ, मुरादाबाद, आगरा और नोएडा में हिंदुस्तान, अमर उजाला, दैनिक जागरण जैसे प्रिंट मीडिया में काम कर चुके हैं। दिसंबर 2020 से नवभारत टाइम्स ऑनलाइन के साथ जुड़े हैं। पत्रकारिता में 10 साल से ज्यादा का अनुभव है। इसमें डेस्क और फील्ड दोनों में काम किया है। शिक्षा राम मनोहर लोहिया विश्वविद्यालय से स्नातक किया है। राजर्षि टंडन मुक्त विश्वविद्यालय प्रयागराज से मास्टर ऑफ जर्नलिज्म एंड मास कम्युनिकेशन (MJMC) में परास्नातक किया हुआ है। विवेक कुमार मिश्रा मूल रूप से यूपी के बाराबंकी जिले के रहने वाले हैं।... और पढ़ें",hi,8/1/26 6:59,8/14/26 11:15,Dehradun,recruitment_jobs|exam_paper_leak|investigation_justice|health_education|politics_governance,UKSSSC|अधीनस्थ सेवा चयन आयोग|उत्तराखंड,newspaper4k,547
492af180fa9dd42809ba32ce1569d5dd8987dd48,https://ndtv.in/uttarakhand-news/ed-takes-major-action-uksssc-paper-leak-case-attaches-assets-worth-rs-63-30-lakh-11852756,https://ndtv.in/uttarakhand-news/ed-takes-major-action-uksssc-paper-leak-case-attaches-assets-worth-rs-63-30-lakh-11852756,gnews_uksssc,ndtv.in,gnews,"UKSSSC पेपर लीक मामले में ED का बड़ा एक्शन, 63.30 लाख रुपये की संपत्ति अटैच","UKSSSC पेपर लीक मामले में ED का बड़ा एक्शन, 63.30 लाख रुपये की संपत्ति अटैच  ndtv.in",,hi,8/1/26 6:59,8/14/26 11:15,,exam_paper_leak,UKSSSC,,0
